path_tag,path_build,path_series,path_seed,path_arm,path_client,window_normalization,cohort_fingerprint,extra_flags,started,affiliation_f1,affiliation_precision,affiliation_recall,auprc,auroc,best_f1,buffer,detection_delay_mean,entity_count,event_f1,event_precision,event_recall,f1,fpr,n_neg_labels,n_pos_labels,paper_top1_acc_at_100,paper_top1_acc_at_64,paper_top3_acc_at_100,paper_top3_acc_at_64,paper_top5_acc_at_100,paper_top5_acc_at_64,pate,pate_f1,precision,recall,seed,threshold,threshold_q,use_impulse_term,vus_pr,vus_roc
ucr001_abl_batch_up,ucr_split_w2p,ucr_001,seed0,centralized,ucr_001_p0,none,,,,0.5743088798420818,0.4029069519583008,0.9995162791165839,0.6185823311568734,0.9464217298493215,0.6635601118359739,64,0.0,1,0.07142857142857142,0.037037037037037035,1.0,0.2755046372067649,0.05749988681124643,44174,621,1.0,1.0,1.0,1.0,1.0,1.0,0.28397867561117796,0.7247368327089105,0.16584564860426929,0.8132045088566827,7,69.60005928079288,0.99,True,0.5722239479703303,0.9517812154542586
ucr001_abl_batch_up,ucr_split_w2p,ucr_001,seed0,centralized,ucr_001_p1,none,,,,0.6769571552301515,0.5118991350759056,0.9991139093300145,0.686270345993497,0.9619574604220302,0.6969147005444646,64,0.0,1,0.0909090909090909,0.047619047619047616,1.0,0.48058001035732784,0.019151537103273417,44174,621,1.0,1.0,1.0,1.0,1.0,1.0,0.5126511823153834,0.815776865403777,0.35419847328244275,0.7471819645732689,7,82.03821575369996,0.99,True,0.6585054544908704,0.9658839696611534
ucr001_abl_batch_up,ucr_split_w2p,ucr_001,seed0,centralized,ucr_001_p2,none,,,,0.6053577658115886,0.43419052992641927,0.9993054420936027,0.6809746302979208,0.9587619651084093,0.6969147005444646,64,0.0,1,0.07692307692307693,0.04,1.0,0.3574341861327401,0.0360845746366641,44174,621,1.0,1.0,1.0,1.0,1.0,1.0,0.3734047967344504,0.8141800323578384,0.2321772639691715,0.7761674718196457,7,75.34814350142571,0.99,True,0.656942554591033,0.9630115850021115
ucr001_abl_batch_up,ucr_split_w2p,ucr_001,seed0,centralized,ucr_001_p3,none,,,,0.5901879946418797,0.4187387294136186,0.9993736360974551,0.6551153290147483,0.9536669036886556,0.6861848124428179,64,0.0,1,0.08695652173913045,0.045454545454545456,1.0,0.3334469826116604,0.04126861954996151,44174,621,1.0,1.0,1.0,1.0,1.0,1.0,0.3468477264636364,0.7835166911335345,0.21150519031141868,0.7874396135265701,7,74.61902652231355,0.99,True,0.612136403793817,0.9581365614204994
ucr001_abl_batch_up,ucr_split_w2p,ucr_001,seed0,centralized,ucr_001_p4,none,,,,0.6256826746029295,0.45544263010949126,0.9991584133768091,0.6658005712905877,0.955655708464266,0.6885844748858447,64,0.0,1,0.17391304347826084,0.09523809523809523,1.0,0.4080560420315236,0.02709738760356771,44174,621,1.0,1.0,1.0,1.0,1.0,1.0,0.4308550414456059,0.7946768807150317,0.28021647624774504,0.750402576489533,7,79.74621691942215,0.99,True,0.628224545597373,0.9599784840555476
ucr001_abl_dropout03,ucr_split_w2p,ucr_001,seed0,centralized,ucr_001_p0,none,,,,0.5802092254429023,0.4088402974800556,0.9989116280123137,0.35752120959919276,0.9271239040284771,0.5139412207987943,64,0.0,1,0.07142857142857142,0.037037037037037035,1.0,0.31456720619282197,0.040159369765020145,44174,621,0.0,0.0,1.0,1.0,1.0,1.0,0.33011831434070116,0.41166414834955983,0.20126069338135974,0.7198067632850241,7,79.35691116253535,0.99,True,0.3738534716616215,0.9336170733946514
ucr001_abl_dropout03,ucr_split_w2p,ucr_001,seed0,centralized,ucr_001_p1,none,,,,0.6666616265379653,0.5003474160062507,0.9985906093225911,0.5146819171583563,0.9357524230595345,0.5773552290406223,64,0.0,1,0.3076923076923077,0.18181818181818182,1.0,0.47490129723632263,0.016548195771268166,44174,621,1.0,1.0,1.0,1.0,1.0,1.0,0.4770402074599086,0.5801973872052707,0.3654513888888889,0.677938808373591,7,89.36599649985631,0.99,True,0.467256052908476,0.9414340864414193
ucr001_abl_dropout03,ucr_split_w2p,ucr_001,seed0,centralized,ucr_001_p2,none,,,,0.6112552635634488,0.4403754961377982,0.9988352737349375,0.5074862161120932,0.9394475163981524,0.5674499564838991,64,0.0,1,0.1,0.05263157894736842,1.0,0.3682672233820459,0.030176121700547835,44174,621,1.0,1.0,1.0,1.0,1.0,1.0,0.3900085493703253,0.573609813246867,0.24859075535512964,0.7101449275362319,7,81.13205976267658,0.99,True,0.4478741305026948,0.9445319697745492
ucr001_abl_dropout03,ucr_split_w2p,ucr_001,seed0,centralized,ucr_001_p3,none,,,,0.6263061847558868,0.4561959616694057,0.9987158173960855,0.4387458506951041,0.9272953822561008,0.5356521739130435,64,0.0,1,0.2857142857142857,0.16666666666666666,1.0,0.4101096804959466,0.02367908724589125,44174,621,1.0,1.0,1.0,1.0,1.0,1.0,0.4381994553771429,0.4959859730928823,0.29132791327913277,0.6924315619967794,7,84.91381076753142,0.99,True,0.40656530158914883,0.9335377495621263
ucr001_abl_dropout03,ucr_split_w2p,ucr_001,seed0,centralized,ucr_001_p4,none,,,,0.6651486014358994,0.4987043291597371,0.9983519842316194,0.4487350915768068,0.9279330304613719,0.5494912118408881,64,30.0,1,0.18181818181818182,0.1,1.0,0.45745322872661437,0.01487300221849957,44174,621,1.0,1.0,1.0,1.0,1.0,1.0,0.4983574337873741,0.5105652472641972,0.3658301158301158,0.6103059581320451,7,93.80537601610025,0.99,True,0.4110790684132809,0.9341620682380215
ucr001_abl_ema08,ucr_split_w2p,ucr_001,seed0,centralized,ucr_001_p0,none,,,,0.576889142687245,0.4054514621480697,0.9995161173490472,0.5902935533057295,0.9379440197952367,0.6035714285714285,64,0.0,1,0.12121212121212122,0.06451612903225806,1.0,0.3040581465778316,0.04932765880382125,44174,621,1.0,1.0,1.0,1.0,1.0,1.0,0.3143284622279802,0.6832323090235811,0.18724356583364415,0.8083735909822867,7,75.3399448459968,0.99,True,0.5765227003017651,0.9454276926257846
ucr001_abl_ema08,ucr_split_w2p,ucr_001,seed0,centralized,ucr_001_p1,none,,,,0.7054347298894673,0.5452981911977008,0.9987294418175193,0.6002083646040037,0.9485134434337289,0.6053571428571429,64,0.0,1,0.33333333333333337,0.2,1.0,0.5070257611241218,0.014805088966360302,44174,621,1.0,1.0,1.0,1.0,1.0,1.0,0.5492628307260476,0.6922383979781801,0.3983440662373505,0.6972624798711755,7,88.81974678322672,0.99,True,0.5790984329465636,0.9549088748953752
ucr001_abl_ema08,ucr_split_w2p,ucr_001,seed0,centralized,ucr_001_p2,none,,,,0.6410043633338155,0.4718724634729468,0.9991139093300145,0.5856491568561726,0.9461736623878038,0.5847750865051903,64,0.0,1,0.11764705882352941,0.0625,1.0,0.42277904328018223,0.025127903291528954,44174,621,1.0,1.0,1.0,1.0,1.0,1.0,0.4475624319197629,0.678663754815481,0.2947903430749682,0.7471819645732689,7,82.08683340447648,0.99,True,0.5630171340952405,0.9526644216266328
ucr001_abl_ema08,ucr_split_w2p,ucr_001,seed0,centralized,ucr_001_p3,none,,,,0.6227299799535453,0.4523294528135963,0.9991139093300145,0.5842559670732957,0.9434788222566199,0.5908683974932857,64,0.0,1,0.08333333333333333,0.043478260869565216,1.0,0.39777111015859407,0.028251912889935255,44174,621,1.0,1.0,1.0,1.0,1.0,1.0,0.41974914822402276,0.6775552287721117,0.27102803738317754,0.7471819645732689,7,81.84721396894506,0.99,True,0.5562615123924336,0.9503186325032047
ucr001_abl_ema08,ucr_split_w2p,ucr_001,seed0,centralized,ucr_001_p4,none,,,,0.6515314117467434,0.4834155186367948,0.9989241020868193,0.587633639164314,0.9435387886011015,0.5919439579684763,64,0.0,1,0.14285714285714288,0.07692307692307693,1.0,0.4409448818897638,0.02180015393670485,44174,621,1.0,1.0,1.0,1.0,1.0,1.0,0.47042353238945345,0.6790086950173662,0.3175053153791637,0.7214170692431562,7,84.59419235785802,0.99,True,0.571351325257864,0.950487985789758
ucr001_abl_embed64,ucr_split_w2p,ucr_001,seed0,centralized,ucr_001_p0,none,,,,0.5833775670895456,0.41189087653792006,0.9995162791165839,0.6311628017097791,0.9477419372242414,0.6294307196562836,64,0.0,1,0.06451612903225806,0.03333333333333333,1.0,0.3257013866494679,0.044709557658351065,44174,621,1.0,1.0,1.0,1.0,1.0,1.0,0.33672035337290424,0.7137861021429317,0.20362903225806453,0.8132045088566827,7,81.48433519045511,0.99,True,0.5917409779108479,0.9541493128353533
ucr001_abl_embed64,ucr_split_w2p,ucr_001,seed0,centralized,ucr_001_p1,none,,,,0.7008498400305785,0.5398126011887381,0.9988178028409614,0.648043011079854,0.9560296870223425,0.6390403489640131,64,22.0,1,0.2666666666666667,0.15384615384615385,1.0,0.5015033072760072,0.014148594195680717,44174,621,1.0,1.0,1.0,1.0,1.0,1.0,0.5120415147926148,0.726812831938097,0.4001919385796545,0.6714975845410628,7,92.84770140091577,0.99,True,0.6086342730713598,0.9610615486026792
ucr001_abl_embed64,ucr_split_w2p,ucr_001,seed0,centralized,ucr_001_p2,none,,,,0.6357634106080686,0.46625001863946,0.9989488165716104,0.6294570657930942,0.9543027292086842,0.6226012793176973,64,0.0,1,0.23529411764705882,0.13333333333333333,1.0,0.415164123901988,0.02474306152940644,44174,621,1.0,1.0,1.0,1.0,1.0,1.0,0.4168945211825305,0.7104090746551022,0.2911802853437095,0.7230273752012882,7,87.78288340985779,0.99,True,0.5912033485344523,0.9593402157867547
ucr001_abl_embed64,ucr_split_w2p,ucr_001,seed0,centralized,ucr_001_p3,none,,,,0.6248766900627722,0.4546349710366859,0.998936486290471,0.6201134917147316,0.9506058860922336,0.6134453781512604,64,0.0,1,0.23529411764705882,0.13333333333333333,1.0,0.40107430617726053,0.026372979580748857,44174,621,1.0,1.0,1.0,1.0,1.0,1.0,0.40282413804927714,0.7090750811354526,0.277743335399876,0.7214170692431562,7,88.05746592313052,0.99,True,0.5846736431243663,0.9562048430886765
ucr001_abl_embed64,ucr_split_w2p,ucr_001,seed0,centralized,ucr_001_p4,none,,,,0.6736351845569918,0.5081850959306328,0.99882227840948,0.628412872404041,0.9529129317112017,0.6226012793176973,64,19.0,1,0.21052631578947367,0.11764705882352941,1.0,0.4711807498601007,0.016865124281251413,44174,621,1.0,1.0,1.0,1.0,1.0,1.0,0.48072557548545963,0.7103900125991495,0.36106346483704976,0.677938808373591,7,93.02292987624804,0.99,True,0.5912361906077627,0.9582797311039843
ucr001_abl_fidelity,ucr_split_w2p,ucr_001,seed0,centralized,ucr_001_p0,none,,,,0.6863989450824594,0.5226118125018314,0.9997088184337343,0.6277023310227745,0.9595037980021472,0.628158844765343,64,0.0,1,0.11764705882352941,0.0625,1.0,0.39044117647058824,0.035495993118123785,44174,621,1.0,1.0,1.0,1.0,1.0,1.0,0.40334615186114636,0.717798775506628,0.2529776083849452,0.855072463768116,7,63.33826054275036,0.99,True,0.5905657382599512,0.9655864684477593
ucr001_abl_fidelity,ucr_split_w2p,ucr_001,seed0,centralized,ucr_001_p1,none,,,,0.7796320309219982,0.6393696330363746,0.9987293519466656,0.614728494074139,0.9588291128327467,0.6337157987643425,64,0.0,1,0.35294117647058826,0.21428571428571427,1.0,0.5710491367861886,0.010300176574455562,44174,621,1.0,1.0,1.0,1.0,1.0,1.0,0.6264096476630117,0.703380020539708,0.4858757062146893,0.6924315619967794,7,81.12449254695326,0.99,True,0.5823134466125771,0.9650739666797208
ucr001_abl_fidelity,ucr_split_w2p,ucr_001,seed0,centralized,ucr_001_p2,none,,,,0.7355608297298919,0.5819191925216571,0.9994382352671565,0.6285836115424651,0.959057349478825,0.6468468468468469,64,0.0,1,0.25,0.14285714285714285,1.0,0.5116519937856033,0.018472404581880743,44174,621,1.0,1.0,1.0,1.0,1.0,1.0,0.5410717850444016,0.7283889068383022,0.37709923664122136,0.7954911433172303,7,73.51847052052621,0.99,True,0.5934050846397978,0.965365940192601
ucr001_abl_fidelity,ucr_split_w2p,ucr_001,seed0,centralized,ucr_001_p3,none,,,,0.7164123205655897,0.5582835479558222,0.9995162791165839,0.6282554321721475,0.9568951708829385,0.6455696202531647,64,0.0,1,0.125,0.06666666666666667,1.0,0.48003802281368824,0.022139720197401187,44174,621,1.0,1.0,1.0,1.0,1.0,1.0,0.5042457100686799,0.7254925263176643,0.3405259608900877,0.8132045088566827,7,71.36448827803136,0.99,True,0.5900989362309207,0.9631977755678636
ucr001_abl_fidelity,ucr_split_w2p,ucr_001,seed0,centralized,ucr_001_p4,none,,,,0.7401643140105721,0.5878387840236882,0.9990448885143071,0.6319568365064592,0.9580026708900471,0.6357969723953695,64,0.0,1,0.19999999999999998,0.1111111111111111,1.0,0.5279538904899136,0.014850364467786481,44174,621,1.0,1.0,1.0,1.0,1.0,1.0,0.568266122500144,0.7262837500477983,0.4111310592459605,0.7375201288244766,7,78.72139386566978,0.99,True,0.5941668218542873,0.9642712791396914
ucr001_abl_fidelity_prior,ucr_split_w2p,ucr_001,seed0,centralized,ucr_001_p0,none,,,,0.6053728645546046,0.43417762024457723,0.9994561375412305,0.6913496240406691,0.9459816607243481,0.6911196911196912,64,0.0,1,0.07692307692307693,0.04,1.0,0.3549536707056308,0.03818988545298139,44174,621,1.0,1.0,1.0,1.0,1.0,1.0,0.36927771528178777,0.8184102250088493,0.22791762013729977,0.8019323671497585,7,80.76431395610173,0.99,True,0.6611940234479137,0.9526986750693786
ucr001_abl_fidelity_prior,ucr_split_w2p,ucr_001,seed0,centralized,ucr_001_p1,none,,,,0.76600246631372,0.6212393754676654,0.9987294418175193,0.715523834817378,0.9551701451156374,0.7109004739336493,64,0.0,1,0.33333333333333337,0.2,1.0,0.5831649831649832,0.009756870557341422,44174,621,1.0,1.0,1.0,1.0,1.0,1.0,0.6403950469254684,0.8480284297808822,0.5011574074074074,0.6972624798711755,7,93.01432780424754,0.99,True,0.6871837133610771,0.960475639844228
ucr001_abl_fidelity_prior,ucr_split_w2p,ucr_001,seed0,centralized,ucr_001_p2,none,,,,0.6906042994543363,0.5276298123628744,0.9992543415261401,0.6977217831691577,0.9565166720654604,0.6864244741873805,64,0.0,1,0.3,0.17647058823529413,1.0,0.49973530968766544,0.01801964956761896,44174,621,1.0,1.0,1.0,1.0,1.0,1.0,0.5327969094525546,0.8163068604661088,0.3722397476340694,0.7600644122383253,7,85.65516427467266,0.99,True,0.6722576933946779,0.9617912405275448
ucr001_abl_fidelity_prior,ucr_split_w2p,ucr_001,seed0,centralized,ucr_001_p3,none,,,,0.6792089557289382,0.5144787038923102,0.9991139093300145,0.6834858716783384,0.9512787850300966,0.6845124282982792,64,0.0,1,0.125,0.06666666666666667,1.0,0.48688352570828963,0.01858559333544619,44174,621,1.0,1.0,1.0,1.0,1.0,1.0,0.5199080783676837,0.8011506539958935,0.3610894941634241,0.7471819645732689,7,87.76366599837944,0.99,True,0.6556580499047229,0.9569627181624748
ucr001_abl_fidelity_prior,ucr_split_w2p,ucr_001,seed0,centralized,ucr_001_p4,none,,,,0.7654959984846222,0.6205786354899252,0.9987158713185977,0.6930125611401606,0.9510307175685788,0.6904532304725168,64,0.0,1,0.4,0.25,1.0,0.581646423751687,0.009734232806628334,44174,621,1.0,1.0,1.0,1.0,1.0,1.0,0.638841360842807,0.816047222918865,0.5005807200929152,0.6940418679549114,7,95.54404803117116,0.99,True,0.6660495741570559,0.9568536189743337
ucr001_abl_fidelity_znorm,ucr_split_w2p,ucr_001,seed0,centralized,ucr_001_p0,zscore,,,,0.8324037109194058,0.7130236358456387,0.9997977905789821,0.868399307820574,0.9806679076965947,0.836867862969005,64,0.0,1,0.07142857142857142,0.037037037037037035,1.0,0.5371372356123955,0.019604292117535203,44174,621,1.0,1.0,1.0,1.0,1.0,1.0,0.5569328809218401,0.960864565310753,0.386685552407932,0.8792270531400966,7,54.958373220521025,0.99,True,0.8553378469255456,0.984922245550166
ucr001_abl_fidelity_znorm,ucr_split_w2p,ucr_001,seed0,centralized,ucr_001_p1,zscore,,,,0.973283720141856,0.9486582421387989,0.9992217363803866,0.868399307820574,0.9806679076965947,0.836867862969005,64,0.0,1,0.6666666666666666,0.5,1.0,0.824468085106383,0.0009507855299497442,44174,621,1.0,1.0,1.0,1.0,1.0,1.0,0.9195304131916401,0.960864565310753,0.9171597633136095,0.748792270531401,7,68.01161283169252,0.99,True,0.8553378469255456,0.984922245550166
ucr001_abl_fidelity_znorm,ucr_split_w2p,ucr_001,seed0,centralized,ucr_001_p2,zscore,,,,0.9151696057742962,0.8437782619509877,0.999758283351658,0.868399307820574,0.9806679076965947,0.836867862969005,64,0.0,1,0.19999999999999998,0.1111111111111111,1.0,0.779464931308749,0.00504821840901888,44174,621,1.0,1.0,1.0,1.0,1.0,1.0,0.8225390442650411,0.960864565310753,0.7073490813648294,0.8679549114331723,7,61.373522416849944,0.99,True,0.8553378469255456,0.984922245550166
ucr001_abl_fidelity_znorm,ucr_split_w2p,ucr_001,seed0,centralized,ucr_001_p3,zscore,,,,0.9576956834792013,0.9192351469651634,0.9995151107954846,0.868399307820574,0.9806679076965947,0.836867862969005,64,0.0,1,0.6666666666666666,0.5,1.0,0.8273561301084237,0.0018562955584733101,44174,621,1.0,1.0,1.0,1.0,1.0,1.0,0.9025303523984172,0.960864565310753,0.8581314878892734,0.7987117552334944,7,65.38910397872641,0.99,True,0.8553378469255456,0.984922245550166
ucr001_abl_fidelity_znorm,ucr_split_w2p,ucr_001,seed0,centralized,ucr_001_p4,zscore,,,,0.9777474633028518,0.9572774260474307,0.9991120759645975,0.868399307820574,0.9806679076965947,0.836867862969005,64,7.0,1,0.8,0.6666666666666666,1.0,0.8212996389891697,0.0007244080228188528,44174,621,1.0,1.0,1.0,1.0,1.0,1.0,0.8235874010756838,0.960864565310753,0.9342915811088296,0.7326892109500805,7,70.47881012676906,0.99,True,0.8553378469255456,0.984922245550166
ucr001_abl_fidprior_znorm,ucr_split_w2p,ucr_001,seed0,centralized,ucr_001_p0,zscore,,,,0.7904260755232845,0.653498540133121,0.9999444058898482,0.9196484218914486,0.9968861245315425,0.911371237458194,64,0.0,1,0.15789473684210528,0.08571428571428572,1.0,0.528724894908921,0.021596414180287047,44174,621,1.0,1.0,1.0,1.0,1.0,1.0,0.543047477668176,0.9865825496379316,0.37236842105263157,0.9114331723027376,7,65.11011941501715,0.99,True,0.9187114410463184,0.9973418235525482
ucr001_abl_fidprior_znorm,ucr_split_w2p,ucr_001,seed0,centralized,ucr_001_p1,zscore,,,,0.9698997737516079,0.9417379811640146,0.9997977905789821,0.9196385870084725,0.9968852496426261,0.911371237458194,64,0.0,1,0.4,0.25,1.0,0.8742994395516414,0.0018562955584733101,44174,621,1.0,1.0,1.0,1.0,1.0,1.0,0.9241140772930527,0.9870689547389304,0.8694267515923567,0.8792270531400966,7,73.84444676607846,0.99,True,0.9187114410463184,0.9973418235525482
ucr001_abl_fidprior_znorm,ucr_split_w2p,ucr_001,seed0,centralized,ucr_001_p2,zscore,,,,0.8525366206991443,0.7430837169025571,0.9998031468818679,0.91962725458429,0.996884739290758,0.911371237458194,64,0.0,1,0.1,0.05263157894736842,1.0,0.6906565656565656,0.009417304296645085,44174,621,1.0,1.0,1.0,1.0,1.0,1.0,0.7220342479903247,0.987064548616405,0.5680166147455867,0.8808373590982287,7,68.62452378090474,0.99,True,0.9185872342966542,0.997335331056616
ucr001_abl_fidprior_znorm,ucr_split_w2p,ucr_001,seed0,centralized,ucr_001_p3,zscore,,,,0.9689648190788949,0.9399766831232219,0.9997977905789821,0.9194908443276011,0.9968751155126772,0.9090909090909092,64,0.0,1,0.2857142857142857,0.16666666666666666,1.0,0.8701195219123506,0.0019921220627518448,44174,621,1.0,1.0,1.0,1.0,1.0,1.0,0.9196223610613188,0.9855413758070358,0.861198738170347,0.8792270531400966,7,73.32085514729222,0.99,True,0.9185599229737642,0.9973293033359882
ucr001_abl_fidprior_znorm,ucr_split_w2p,ucr_001,seed0,centralized,ucr_001_p4,zscore,,,,0.99450142101391,0.989277025017621,0.9997812902902271,0.9196192646223813,0.9968839008555465,0.911371237458194,64,0.0,1,0.5,0.3333333333333333,1.0,0.9103101424979044,0.0006564947706795852,44174,621,1.0,1.0,1.0,1.0,1.0,1.0,0.966269283208859,0.9866297321024019,0.9493006993006993,0.8743961352657005,7,76.64153752366703,0.99,True,0.9185872342966542,0.997335331056616
ucr001_abl_fp32,ucr_split_w2p,ucr_001,seed0,centralized,ucr_001_p0,none,,,,0.5689848384493893,0.3976857560296466,0.9995162791165839,0.3266094776521667,0.9454787454122101,0.49963583394027683,64,0.0,1,0.07407407407407407,0.038461538461538464,1.0,0.2724575128135959,0.05842803459048309,44174,621,0.0,0.0,1.0,1.0,1.0,1.0,0.2807033131742639,0.378109287353528,0.16364225534672716,0.8132045088566827,7,75.00667539735635,0.99,True,0.3466233013179291,0.9511796710389144
ucr001_abl_fp32,ucr_split_w2p,ucr_001,seed0,centralized,ucr_001_p1,none,,,,0.6233928048531366,0.4530656953793778,0.9989365042646416,0.5340490609106079,0.955092170640959,0.5757832345469941,64,0.0,1,0.0909090909090909,0.047619047619047616,1.0,0.39299781181619253,0.027504867116403313,44174,621,1.0,1.0,1.0,1.0,1.0,1.0,0.41653053399560697,0.6098130488778509,0.2698317307692308,0.7230273752012882,7,84.56440362900493,0.99,True,0.48794972798765285,0.9596789484987196
ucr001_abl_fp32,ucr_split_w2p,ucr_001,seed0,centralized,ucr_001_p2,none,,,,0.5946441285117527,0.423300424552176,0.999033133406632,0.47648917917080713,0.9529196391928945,0.5429017160686428,64,0.0,1,0.1,0.05263157894736842,1.0,0.33528980190755686,0.03730701317517091,44174,621,1.0,1.0,1.0,1.0,1.0,1.0,0.35189378916038433,0.5443144164737995,0.2171021377672209,0.7359098228663447,7,81.00474359134837,0.99,True,0.46050435186252725,0.9576045540698255
ucr001_abl_fp32,ucr_split_w2p,ucr_001,seed0,centralized,ucr_001_p3,none,,,,0.5860169289826719,0.41462703667773143,0.9989365042646416,0.36092599963647487,0.946514978426333,0.5035971223021583,64,0.0,1,0.0909090909090909,0.047619047619047616,1.0,0.33087693441414884,0.03721646217231856,44174,621,0.0,0.0,1.0,1.0,1.0,1.0,0.34760793925942773,0.41709366917706886,0.21452460582895366,0.7230273752012882,7,81.96947769681618,0.99,True,0.3750121637439471,0.9516927580574228
ucr001_abl_fp32,ucr_split_w2p,ucr_001,seed0,centralized,ucr_001_p4,none,,,,0.6179632776949059,0.4473728398449886,0.9988351299415714,0.38977110073801463,0.9497256020274676,0.5136129506990433,64,0.0,1,0.25,0.14285714285714285,1.0,0.3874113475177305,0.027120025354280798,44174,621,0.0,0.0,1.0,1.0,1.0,1.0,0.4116799065315624,0.4485523166120702,0.2672782874617737,0.7037037037037037,7,86.60623873869578,0.99,True,0.40492165342959147,0.9549193857168908
ucr001_abl_nostop,ucr_split_w2p,ucr_001,seed0,centralized,ucr_001_p0,none,,,,0.554900228154246,0.38403841836299457,0.9996547341539262,0.2422938903585019,0.9367405007295478,0.4120541205412054,64,0.0,1,0.0909090909090909,0.047619047619047616,1.0,0.21619382895009318,0.0834427491284466,44174,621,0.0,0.0,1.0,1.0,1.0,1.0,0.22096278454703405,0.27604328984820614,0.12404942965779468,0.8405797101449275,7,70.79004340370496,0.99,True,0.2591193235771562,0.9428166364331968
ucr001_abl_nostop,ucr_split_w2p,ucr_001,seed0,centralized,ucr_001_p1,none,,,,0.5831721192990632,0.411696278794786,0.9994561375412305,0.34429041035445596,0.9518564304371812,0.4478527607361963,64,0.0,1,0.08333333333333333,0.043478260869565216,1.0,0.31831255992329816,0.04550187893330919,44174,621,0.0,0.0,1.0,1.0,1.0,1.0,0.3297324077812106,0.39307807270346645,0.19856459330143542,0.8019323671497585,7,79.97603678206603,0.99,True,0.35970855712930916,0.9565229329308921
ucr001_abl_nostop,ucr_split_w2p,ucr_001,seed0,centralized,ucr_001_p2,none,,,,0.571511205805694,0.40015846553115675,0.9995162791165839,0.31989832630850007,0.948817649600719,0.41560024375380866,64,0.0,1,0.06060606060606061,0.03125,1.0,0.2650918635170604,0.06075972291393127,44174,621,0.0,0.0,1.0,1.0,1.0,1.0,0.27299025300200563,0.36353887423837017,0.1583568516776419,0.8132045088566827,7,75.45611796081069,0.99,True,0.3360276991998743,0.9537396046162074
ucr001_abl_nostop,ucr_split_w2p,ucr_001,seed0,centralized,ucr_001_p3,none,,,,0.559252042304427,0.3882472144120801,0.9994736803318895,0.26081596919458,0.941551514881095,0.40071132187314756,64,0.0,1,0.05714285714285715,0.029411764705882353,1.0,0.26939655172413796,0.05865441209761398,44174,621,0.0,0.0,1.0,1.0,1.0,1.0,0.27772578912405643,0.2973514758879825,0.16175994823681655,0.8051529790660226,7,77.69713711768397,0.99,True,0.27144841519950325,0.946893653268507
ucr001_abl_nostop,ucr_split_w2p,ucr_001,seed0,centralized,ucr_001_p4,none,,,,0.5725306876691862,0.4011895606445215,0.9993252136814356,0.27832773496242197,0.9447901349275558,0.41641151255358233,64,0.0,1,0.17391304347826084,0.09523809523809523,1.0,0.3079872204472843,0.045886720695431704,44174,621,0.0,0.0,1.0,1.0,1.0,1.0,0.3198060884608476,0.3177467898033391,0.19210840972499005,0.7761674718196457,7,81.40998634696008,0.99,True,0.2899124135428559,0.9499867011945462
ucr001_abl_nostop_znorm,ucr_split_w2p,ucr_001,seed0,centralized,ucr_001_p0,zscore,,,,0.7596575074591789,0.6124902395663154,0.9999136880320242,0.9183491499058096,0.996578637531116,0.9182282793867121,64,0.0,1,0.06451612903225806,0.03333333333333333,1.0,0.47706422018348627,0.027278489609272424,44174,621,1.0,1.0,1.0,1.0,1.0,1.0,0.4877855867808836,0.9855655326479982,0.32189082723691614,0.9210950080515298,7,63.67224114388225,0.99,True,0.9161736411713438,0.9970499618127748
ucr001_abl_nostop_znorm,ucr_split_w2p,ucr_001,seed0,centralized,ucr_001_p1,zscore,,,,0.9072480770783746,0.8303810093238417,0.9997977905789821,0.9183491499058096,0.996578637531116,0.9182282793867121,64,0.0,1,0.18181818181818182,0.1,1.0,0.7827956989247312,0.005161407162584326,44174,621,1.0,1.0,1.0,1.0,1.0,1.0,0.8227818952716469,0.9855655326479982,0.7054263565891473,0.8792270531400966,7,71.25636560718219,0.99,True,0.9161736411713438,0.9970499618127748
ucr001_abl_nostop_znorm,ucr_split_w2p,ucr_001,seed0,centralized,ucr_001_p2,zscore,,,,0.7796686419310168,0.6389611415019877,0.9998481182571021,0.9183491499058096,0.996578637531116,0.9182282793867121,64,0.0,1,0.07999999999999999,0.041666666666666664,1.0,0.5661914460285132,0.01781590981120116,44174,621,1.0,1.0,1.0,1.0,1.0,1.0,0.5848626431319285,0.9855655326479982,0.41399851079672373,0.895330112721417,7,66.21187069075803,0.99,True,0.9161736411713438,0.9970499618127748
ucr001_abl_nostop_znorm,ucr_split_w2p,ucr_001,seed0,centralized,ucr_001_p3,zscore,,,,0.894832888982231,0.8098136836788935,0.9997977905789821,0.9183491499058096,0.996578637531116,0.9182282793867121,64,0.0,1,0.18181818181818182,0.1,1.0,0.7641707487753674,0.005931090686829356,44174,621,1.0,1.0,1.0,1.0,1.0,1.0,0.8022947379771745,0.9855655326479982,0.6757425742574258,0.8792270531400966,7,70.64511286775274,0.99,True,0.9161736411713438,0.9970499618127748
ucr001_abl_nostop_znorm,ucr_split_w2p,ucr_001,seed0,centralized,ucr_001_p4,zscore,,,,0.9177613150963448,0.8481666405821935,0.9997977905789821,0.9183491499058096,0.996578637531116,0.9182282793867121,64,0.0,1,0.19999999999999998,0.1111111111111111,1.0,0.7988295537673739,0.00452755014261783,44174,621,1.0,1.0,1.0,1.0,1.0,1.0,0.8404561856214907,0.9855655326479982,0.7319034852546917,0.8792270531400966,7,72.35428651809694,0.99,True,0.9161736411713438,0.9970499618127748
ucr001_abl_width4,ucr_split_w2p,ucr_001,seed0,centralized,ucr_001_p0,none,,,,0.5614964547255997,0.39040747971136447,0.9995162791165839,0.4572867525544624,0.9509610909923114,0.5714285714285714,64,0.0,1,0.05555555555555556,0.02857142857142857,1.0,0.2614548278539995,0.061959523701725,44174,621,1.0,1.0,1.0,1.0,1.0,1.0,0.26915423527439714,0.5225552696948985,0.15576804441702652,0.8132045088566827,7,68.35330583900213,0.99,True,0.46684232299059997,0.9570976633602002
ucr001_abl_width4,ucr_split_w2p,ucr_001,seed0,centralized,ucr_001_p1,none,,,,0.653318835761301,0.4853440181742973,0.9991025856024375,0.5539203264518755,0.9520458803412971,0.6275197195442593,64,0.0,1,0.14285714285714288,0.07692307692307693,1.0,0.43741143127066606,0.02338479648662109,44174,621,1.0,1.0,1.0,1.0,1.0,1.0,0.464796583069902,0.6259902912113706,0.3094919786096257,0.7455716586151369,7,79.50858822499713,0.99,True,0.5187795155867483,0.9578445504994492
ucr001_abl_width4,ucr_split_w2p,ucr_001,seed0,centralized,ucr_001_p2,none,,,,0.615256064149464,0.44444767361829846,0.9993050826101877,0.5360316006683914,0.9484994816647707,0.62478184991274,64,0.0,1,0.20689655172413793,0.11538461538461539,1.0,0.37202032043767097,0.03309639154253633,44174,621,1.0,1.0,1.0,1.0,1.0,1.0,0.390278465997771,0.6020378086830701,0.24561403508771928,0.7665056360708534,7,75.56113756983231,0.99,True,0.5074816637189323,0.954692973535651
ucr001_abl_width4,ucr_split_w2p,ucr_001,seed0,centralized,ucr_001_p3,none,,,,0.6250704379523782,0.45481764766537597,0.9990448885143071,0.46566606311476066,0.951121523747365,0.5932932072227,64,0.0,1,0.13333333333333333,0.07142857142857142,1.0,0.41224122412241226,0.025874949065060895,44174,621,0.0,0.0,1.0,1.0,1.0,1.0,0.43678078741163806,0.5240855100534986,0.2860712054965647,0.7375201288244766,7,81.0907888514797,0.99,True,0.4752584359473214,0.957040443398323
ucr001_abl_width4,ucr_split_w2p,ucr_001,seed0,centralized,ucr_001_p4,none,,,,0.6297327752414175,0.45977132386735725,0.9990448885143071,0.49318332841944795,0.9511298351920713,0.607484769364665,64,0.0,1,0.15384615384615385,0.08333333333333333,1.0,0.41750227894257064,0.0252410920450944,44174,621,1.0,1.0,1.0,1.0,1.0,1.0,0.44267344249345203,0.5601276456706938,0.291163382072473,0.7375201288244766,7,80.4199786876639,0.99,True,0.4912999268495745,0.9571768311770317
ucr001_abl_width4_znorm,ucr_split_w2p,ucr_001,seed0,centralized,ucr_001_p0,zscore,,,,0.7813813851040555,0.641283528344099,0.9998031468818679,0.8456757884137032,0.990685896141791,0.8431214802896219,64,0.0,1,0.06666666666666667,0.034482758620689655,1.0,0.5467266366816592,0.01885724634400326,44174,621,1.0,1.0,1.0,1.0,1.0,1.0,0.5657261410168826,0.9048414335679431,0.3963768115942029,0.8808373590982287,7,61.64972257715999,0.99,True,0.83296263678454,0.9918847343417599
ucr001_abl_width4_znorm,ucr_split_w2p,ucr_001,seed0,centralized,ucr_001_p1,zscore,,,,0.9310764610921416,0.8711964689588263,0.9997954539367837,0.8456757884137032,0.990685896141791,0.8431214802896219,64,6.0,1,0.6666666666666666,0.5,1.0,0.825,0.002965545343414678,44174,621,1.0,1.0,1.0,1.0,1.0,1.0,0.8262741800471719,0.9048414335679431,0.8012139605462822,0.8502415458937198,7,69.99927643026534,0.99,True,0.83296263678454,0.9918847343417599
ucr001_abl_width4_znorm,ucr_split_w2p,ucr_001,seed0,centralized,ucr_001_p2,zscore,,,,0.8433421263728323,0.7292273083901196,0.9997977905789821,0.8456757884137032,0.990685896141791,0.8431214802896219,64,0.0,1,0.125,0.06666666666666667,1.0,0.6893939393939394,0.009439942047358174,44174,621,1.0,1.0,1.0,1.0,1.0,1.0,0.7196888859890608,0.9048414335679431,0.5669781931464174,0.8792270531400966,7,64.77188498531005,0.99,True,0.83296263678454,0.9918847343417599
ucr001_abl_width4_znorm,ucr_split_w2p,ucr_001,seed0,centralized,ucr_001_p3,zscore,,,,0.9307690716557577,0.8706579556451194,0.9997960111360773,0.8456757884137032,0.990685896141791,0.8431214802896219,64,6.0,1,0.6153846153846153,0.4444444444444444,1.0,0.8282828282828283,0.0030108208448408566,44174,621,1.0,1.0,1.0,1.0,1.0,1.0,0.8415434421768939,0.9048414335679431,0.8003003003003003,0.8582930756843801,7,69.83268274684748,0.99,True,0.83296263678454,0.9918847343417599
ucr001_abl_width4_znorm,ucr_split_w2p,ucr_001,seed0,centralized,ucr_001_p4,zscore,,,,0.9594318278109643,0.9224875170483371,0.9994587258218194,0.8456757884137032,0.990685896141791,0.8431214802896219,64,15.0,1,0.8571428571428571,0.75,1.0,0.7543698252069917,0.0012677140399329923,44174,621,1.0,1.0,1.0,1.0,1.0,1.0,0.7568338147883995,0.9048414335679431,0.8798283261802575,0.6602254428341385,7,74.87344636112459,0.99,True,0.83296263678454,0.9918847343417599
ucr001_abl_znorm,ucr_split_w2p,ucr_001,seed0,centralized,ucr_001_p0,zscore,,,,0.802549620548541,0.6702156367960251,0.9999993529298526,0.9459829747874449,0.9983968025143141,0.9243840271877655,64,0.0,1,0.13333333333333333,0.07142857142857142,1.0,0.5491071428571429,0.022728301715941503,44174,621,1.0,1.0,1.0,1.0,1.0,1.0,0.5520474980032583,0.9917932557597344,0.37986411365040146,0.9903381642512077,7,66.5468595830599,0.99,True,0.9425717083602769,0.9986315607726607
ucr001_abl_znorm,ucr_split_w2p,ucr_001,seed0,centralized,ucr_001_p1,zscore,,,,0.999473352612757,0.9991437758432515,0.9998031468818679,0.9458779977510424,0.9983925009771415,0.9243840271877655,64,0.0,1,0.6666666666666666,0.5,1.0,0.9101497504159733,0.000769683524245031,44174,621,1.0,1.0,1.0,1.0,1.0,1.0,0.9636909156395284,0.9916887055810978,0.9414802065404475,0.8808373590982287,7,75.79219115257263,0.99,True,0.9425717083602769,0.9986315607726607
ucr001_abl_znorm,ucr_split_w2p,ucr_001,seed0,centralized,ucr_001_p2,zscore,,,,0.8562608802664449,0.748679651349624,0.9999480186981703,0.9459348796919496,0.9983942872086794,0.9251700680272109,64,0.0,1,0.14285714285714288,0.07692307692307693,1.0,0.6659025787965616,0.012292298637207407,44174,621,1.0,1.0,1.0,1.0,1.0,1.0,0.6822393798012758,0.9918693413310414,0.5169039145907474,0.9355877616747182,7,69.35989487687748,0.99,True,0.942571172838754,0.9986315500121632
ucr001_abl_znorm,ucr_split_w2p,ucr_001,seed0,centralized,ucr_001_p3,zscore,,,,0.9710356164146977,0.9438371751209284,0.9998481182571021,0.9462528992239749,0.9984094519498977,0.9251700680272109,64,0.0,1,0.25,0.14285714285714285,1.0,0.8714733542319749,0.0022411373205958257,44174,621,1.0,1.0,1.0,1.0,1.0,1.0,0.9147412048085847,0.9918483642706373,0.8488549618320611,0.895330112721417,7,73.1444970536232,0.99,True,0.9430038392286498,0.9986445043645915
ucr001_abl_znorm,ucr_split_w2p,ucr_001,seed0,centralized,ucr_001_p4,zscore,,,,0.9995579402055085,0.9993182048841074,0.9997977905789821,0.9459069121501731,0.9983935945882871,0.9243840271877655,64,0.0,1,0.6666666666666666,0.5,1.0,0.914572864321608,0.000611219269253407,44174,621,1.0,1.0,1.0,1.0,1.0,1.0,0.9691169737961864,0.9916963082889376,0.9528795811518325,0.8792270531400966,7,77.30650421321394,0.99,True,0.942571172838754,0.9986315500121632
ucr001_cb128,ucr_split,ucr_001,seed0,federated_cb_only,ucr_001_p0,none,c604c97f8001290c,--codebook-size 128,2026-07-31 22:10:29,0.5944977520127944,0.4232489629739243,0.9984935847488441,0.48144084501889023,0.8370236876903202,0.5243619489559165,64,17.0,1,0.03333333333333333,0.01694915254237288,1.0,0.25999350016249595,0.04654321546611129,44174,621,1.0,1.0,1.0,1.0,1.0,1.0,0.2719554205012684,0.559945854373989,0.16286644951140064,0.644122383252818,7,50.953173086678866,0.99,True,0.4516302368990629,0.8468549985994529
ucr001_cb128,ucr_split,ucr_001,seed0,federated_cb_only,ucr_001_p1,none,c604c97f8001290c,--codebook-size 128,2026-07-31 22:10:29,0.7539392681338152,0.605927373577645,0.9976348507667513,0.2818580851682698,0.8421068652022922,0.43892750744786496,64,45.0,1,0.24000000000000002,0.13636363636363635,1.0,0.40707964601769914,0.006315932448951872,44174,621,0.0,0.0,1.0,1.0,1.0,1.0,0.43515690131938417,0.32138225574900675,0.4518664047151277,0.37037037037037035,7,63.576377404598816,0.99,True,0.2968332224746868,0.8521237462794351
ucr001_cb128,ucr_split,ucr_001,seed0,federated_cb_only,ucr_001_p2,none,c604c97f8001290c,--codebook-size 128,2026-07-31 22:10:29,0.6165973063674806,0.44603257195020757,0.9983832772629077,0.2944023105428385,0.8118598410458073,0.4092526690391459,64,21.0,1,0.13333333333333333,0.07142857142857142,1.0,0.24257899776571976,0.04826368452030606,44174,621,0.0,0.0,1.0,1.0,1.0,1.0,0.2494991496536938,0.33302763863891605,0.15127388535031847,0.6119162640901772,7,53.53660169029988,0.99,True,0.2850711236137654,0.8222860870812728
ucr001_cb128,ucr_split,ucr_001,seed0,federated_cb_only,ucr_001_p3,none,c604c97f8001290c,--codebook-size 128,2026-07-31 22:10:29,0.6765860972356701,0.51165158334222,0.9984404531000861,0.5524502482096486,0.8355799751633617,0.5881126173096977,64,23.0,1,0.1875,0.10344827586206896,1.0,0.4331281477336318,0.017634807805496446,44174,621,1.0,1.0,1.0,1.0,1.0,1.0,0.45709807725536367,0.6552123856814888,0.3319039451114923,0.6231884057971014,7,61.78477586743736,0.99,True,0.5197108094567817,0.8469440660273915
ucr001_cb128,ucr_split,ucr_001,seed0,federated_cb_only,ucr_001_p4,none,c604c97f8001290c,--codebook-size 128,2026-07-31 22:10:29,0.7065593007693802,0.546819224043064,0.9981426570389819,0.5054515242778335,0.8260373794831404,0.5446985446985447,64,33.0,1,0.14814814814814814,0.08,1.0,0.4332855093256815,0.01066238058586499,44174,621,1.0,1.0,1.0,1.0,1.0,1.0,0.46000278796185984,0.5762656520878722,0.3906856403622251,0.4863123993558776,7,59.74796760728294,0.99,True,0.47863657818668004,0.8383287049722568
ucr001_cb128,ucr_split,ucr_001,seed0,federated_fedavg_cb_only,ucr_001_p0,none,c604c97f8001290c,--codebook-size 128,2026-07-31 22:10:29,0.824661732592586,0.7024909847397549,0.9982719811975794,0.4671492328596407,0.8477543460653729,0.5307497893850043,64,45.0,1,0.3448275862068966,0.20833333333333334,1.0,0.5225863596102746,0.004821840901887989,44174,621,1.0,1.0,1.0,1.0,1.0,1.0,0.533156629783955,0.4904484292534698,0.5807086614173228,0.4750402576489533,7,88.76044673552104,0.99,True,0.43119200191965057,0.8620494144453523
ucr001_cb128,ucr_split,ucr_001,seed0,federated_fedavg_cb_only,ucr_001_p1,none,c604c97f8001290c,--codebook-size 128,2026-07-31 22:10:29,0.6298663375533877,0.46103909327393927,0.9937755985893153,0.04030361918553762,0.7195432394526491,0.1071932299012694,64,6.0,1,0.09523809523809523,0.05,1.0,0.045300113250283124,0.005478335672567574,44174,621,0.0,0.0,0.0,0.0,1.0,1.0,0.045400539039130765,0.04096425210253259,0.07633587786259542,0.0322061191626409,7,77.4557953625917,0.99,True,0.041296280990134604,0.7367490294894258
ucr001_cb128,ucr_split,ucr_001,seed0,federated_fedavg_cb_only,ucr_001_p2,none,c604c97f8001290c,--codebook-size 128,2026-07-31 22:10:29,0.490966415834513,0.4310933937142219,0.5701529188525505,0.13413471647663533,0.821284108000079,0.32086021505376344,64,621.0,1,0.0,0.0,0.0,0.0,0.0007923212749581202,44174,621,0.0,0.0,0.0,0.0,0.0,0.0,0.0,0.15550559491605354,0.0,0.0,7,71.98964154918995,0.99,True,0.14379808062073507,0.8417725483377152
ucr001_cb128,ucr_split,ucr_001,seed0,federated_fedavg_cb_only,ucr_001_p3,none,c604c97f8001290c,--codebook-size 128,2026-07-31 22:10:29,0.819729865352153,0.6955249005770356,0.9979391534776697,0.44659430833922825,0.8282707157108978,0.46081081081081077,64,109.0,1,0.3846153846153846,0.23809523809523808,1.0,0.43193449334698053,0.0032824738533979263,44174,621,1.0,1.0,1.0,1.0,1.0,1.0,0.4579273153921356,0.4670318994656404,0.5926966292134831,0.3397745571658615,7,104.00636846572165,0.99,True,0.4021265341191599,0.8453386312906234
ucr001_cb128,ucr_split,ucr_001,seed0,federated_fedavg_cb_only,ucr_001_p4,none,c604c97f8001290c,--codebook-size 128,2026-07-31 22:10:29,0.893430401251312,0.8084844154987211,0.9983223088756994,0.5528945457100991,0.8209543842396927,0.5925282363162467,64,44.0,1,0.5625,0.391304347826087,1.0,0.5513733468972533,0.0020600353148911123,44174,621,1.0,1.0,1.0,1.0,1.0,1.0,0.5602580204929895,0.5705970789606922,0.7486187845303868,0.4363929146537842,7,99.03787104884786,0.99,True,0.5154750368947065,0.8399785332482536
ucr001_cb128,ucr_split_w2p,ucr_001,seed0,federated_cb_only,ucr_001_p0,none,c604c97f8001290c,--codebook-size 128,2026-07-31 22:10:29,0.6486005600674802,0.4802726495722234,0.9985906812192743,0.32850630046071083,0.919916386866255,0.5477611940298507,64,0.0,1,0.08333333333333333,0.043478260869565216,1.0,0.386654478976234,0.025897586815773983,44174,621,0.0,0.0,1.0,1.0,1.0,1.0,0.41361019568727325,0.4048046079354801,0.26994256541161454,0.6811594202898551,7,65.68273384059468,0.99,True,0.3557022928417077,0.9293013824642543
ucr001_cb128,ucr_split_w2p,ucr_001,seed0,federated_cb_only,ucr_001_p1,none,c604c97f8001290c,--codebook-size 128,2026-07-31 22:10:29,0.5829143807930734,0.4115471531726344,0.9988210022433561,0.22086828189019816,0.9202010173937395,0.484406104844061,64,6.0,1,0.04081632653061225,0.020833333333333332,1.0,0.1870286576168929,0.08117897405713768,44174,621,0.0,0.0,1.0,1.0,1.0,1.0,0.19233387380039216,0.2792225260918731,0.10796019900497512,0.6988727858293076,7,61.182969915577736,0.99,True,0.24268378925770537,0.926489214567861
ucr001_cb128,ucr_split_w2p,ucr_001,seed0,federated_cb_only,ucr_001_p2,none,c604c97f8001290c,--codebook-size 128,2026-07-31 22:10:29,0.7147253159380937,0.5565062812826542,0.9986489175325274,0.616659820095205,0.9436867906428006,0.6645833333333333,64,72.0,1,0.13333333333333333,0.07142857142857142,1.0,0.4900398406374502,0.011681079367954,44174,621,1.0,1.0,1.0,1.0,1.0,1.0,0.5323526098929818,0.7203004718824757,0.41694915254237286,0.5942028985507246,7,67.69947364157208,0.99,True,0.5892366672100834,0.9477648571241828
ucr001_cb128,ucr_split_w2p,ucr_001,seed0,federated_cb_only,ucr_001_p3,none,c604c97f8001290c,--codebook-size 128,2026-07-31 22:10:29,0.6015817470796162,0.430289080708766,0.9994503498582468,0.40957140025021244,0.9396391170708545,0.43051771117166215,64,39.0,1,0.24000000000000002,0.13636363636363635,1.0,0.3716216216216216,0.029587540182007516,44174,621,1.0,1.0,1.0,1.0,1.0,1.0,0.37261834680951006,0.44568467406304035,0.25186033199771035,0.7085346215780999,7,60.649377441482365,0.99,True,0.342240707645349,0.9457847346167915
ucr001_cb128,ucr_split_w2p,ucr_001,seed0,federated_cb_only,ucr_001_p4,none,c604c97f8001290c,--codebook-size 128,2026-07-31 22:10:29,0.6501963847448528,0.4819073201309746,0.9990948926573535,0.5114870445623851,0.9618454381870203,0.5474006116207951,64,23.0,1,0.2222222222222222,0.125,1.0,0.44366197183098594,0.02096255716032055,44174,621,1.0,1.0,1.0,1.0,1.0,1.0,0.47112640704157727,0.5727709707097492,0.32260424286759326,0.7101449275362319,7,64.29843650318277,0.99,True,0.45677743488819017,0.9661875555735815
ucr001_cb128,ucr_split_w2p,ucr_001,seed0,federated_fedavg_cb_only,ucr_001_p0,none,c604c97f8001290c,--codebook-size 128,2026-07-31 22:10:29,0.40912737832490753,0.309645272909923,0.6027904900100457,0.0664605944784403,0.8421122603506103,0.17442261289210617,64,621.0,1,0.0,0.0,0.0,0.0,0.00452755014261783,44174,621,0.0,0.0,0.0,0.0,0.0,0.0,0.0,0.07529231873796205,0.0,0.0,7,69.70953345283863,0.99,True,0.07091737241506521,0.8522983172225785
ucr001_cb128,ucr_split_w2p,ucr_001,seed0,federated_fedavg_cb_only,ucr_001_p1,none,c604c97f8001290c,--codebook-size 128,2026-07-31 22:10:29,0.9987147608242656,1.0,0.9974328210874409,0.417085079953602,0.8630525442972662,0.4541176470588235,64,138.0,1,1.0,1.0,1.0,0.4455569461827284,0.0,44174,621,1.0,1.0,1.0,1.0,1.0,1.0,0.4926861403718227,0.4518065452128106,1.0,0.286634460547504,7,61.52217945395387,0.99,True,0.4060273777738408,0.8723935988485847
ucr001_cb128,ucr_split_w2p,ucr_001,seed0,federated_fedavg_cb_only,ucr_001_p2,none,c604c97f8001290c,--codebook-size 128,2026-07-31 22:10:29,0.6957508860698947,0.5342471132888916,0.9972087011522701,0.21001183378040203,0.897030860321287,0.39450089659294685,64,40.0,1,0.5263157894736842,0.35714285714285715,1.0,0.2085889570552147,0.0057726264318377326,44174,621,0.0,0.0,0.0,0.0,1.0,1.0,0.21140253125635616,0.2399266506922579,0.2857142857142857,0.1642512077294686,7,70.77352073356512,0.99,True,0.22359405210646,0.9068881723134302
ucr001_cb128,ucr_split_w2p,ucr_001,seed0,federated_fedavg_cb_only,ucr_001_p3,none,c604c97f8001290c,--codebook-size 128,2026-07-31 22:10:29,0.7297448468972119,0.576842195643401,0.9929425676714049,0.06340261733575789,0.849091540866754,0.1369622475856014,64,384.0,1,0.4444444444444445,0.2857142857142857,1.0,0.026239067055393587,0.0012677140399329923,44174,621,0.0,0.0,1.0,1.0,1.0,1.0,0.02657697323603123,0.06402169490438624,0.13846153846153847,0.014492753623188406,7,66.62129728335267,0.99,True,0.06659542335856362,0.8567610617906777
ucr001_cb128,ucr_split_w2p,ucr_001,seed0,federated_fedavg_cb_only,ucr_001_p4,none,c604c97f8001290c,--codebook-size 128,2026-07-31 22:10:29,0.966841594970013,0.9369433272482649,0.998710892473298,0.790155047921783,0.977286389127114,0.777142857142857,64,48.0,1,0.8,0.6666666666666666,1.0,0.6868076535750252,0.0007017702721057636,44174,621,1.0,1.0,1.0,1.0,1.0,1.0,0.6893652469086317,0.8643028198686534,0.9166666666666666,0.5491143317230274,7,71.08791233645356,0.99,True,0.7669059452477409,0.9797585528553651
ucr001_cb128base,ucr_split,ucr_001,seed0,centralized,ucr_001_p0,none,c604c97f8001290c,--codebook-size 128,2026-08-02 11:58:59,0.7936400775004835,0.6586404307085058,0.9982481474471555,0.47512866737575027,0.8401537850574369,0.5394070860448301,64,36.0,1,0.5454545454545454,0.375,1.0,0.5175292153589316,0.006044279440394803,44174,621,1.0,1.0,1.0,1.0,1.0,1.0,0.5518516451269375,0.515327574729978,0.537261698440208,0.499194847020934,7,122.17494263648979,0.99,True,0.4521879613139518,0.8585457219083061
ucr001_cb128base,ucr_split,ucr_001,seed0,centralized,ucr_001_p1,none,c604c97f8001290c,--codebook-size 128,2026-08-02 11:58:59,0.8218117961735133,0.698293962946209,0.9984169249105651,0.5230999507015079,0.8491208131917503,0.5800653594771241,64,4.0,1,0.7692307692307693,0.625,1.0,0.5675902602854744,0.005251958165436682,44174,621,1.0,1.0,1.0,1.0,1.0,1.0,0.5684601270135086,0.5610407621520181,0.5929824561403508,0.5442834138486312,7,118.93496521313978,0.99,True,0.4966377435345965,0.867159079695015
ucr001_cb128base,ucr_split,ucr_001,seed0,centralized,ucr_001_p2,none,c604c97f8001290c,--codebook-size 128,2026-08-02 11:58:59,0.8449921944467468,0.7325843782761556,0.9981481391610627,0.5272148160992836,0.8426734651368067,0.5691188358932902,64,43.0,1,0.4799999999999999,0.3157894736842105,1.0,0.5139557266602502,0.0034183003576764613,44174,621,1.0,1.0,1.0,1.0,1.0,1.0,0.5541420607472451,0.5721196390858434,0.638755980861244,0.42995169082125606,7,128.68289922396343,0.99,True,0.4962581871121843,0.8610237075445523
ucr001_cb128base,ucr_split,ucr_001,seed0,centralized,ucr_001_p3,none,c604c97f8001290c,--codebook-size 128,2026-08-02 11:58:59,0.8217438648992843,0.698467210842224,0.9978626014844147,0.5069110798914177,0.836006519963835,0.5467943994104643,64,43.0,1,0.21052631578947367,0.11764705882352941,1.0,0.4909952606635071,0.003961606374790601,44174,621,1.0,1.0,1.0,1.0,1.0,1.0,0.5288802208271414,0.549678417852966,0.5967741935483871,0.4170692431561997,7,130.39299340168637,0.99,True,0.4888798382474609,0.8548890269001541
ucr001_cb128base,ucr_split,ucr_001,seed0,centralized,ucr_001_p4,none,c604c97f8001290c,--codebook-size 128,2026-08-02 11:58:59,0.858274304262431,0.7529767382947596,0.997809739448218,0.5074794673885524,0.8419895571800783,0.553223388305847,64,44.0,1,0.4,0.25,1.0,0.49798387096774194,0.0028070810884230544,44174,621,1.0,1.0,1.0,1.0,1.0,1.0,0.536645353293017,0.5497804844743494,0.6657681940700808,0.3977455716586151,7,132.76553694566095,0.99,True,0.4870786120163702,0.8603361349403019
ucr001_cb128base,ucr_split,ucr_001,seed0,local,ucr_001_p0,none,c604c97f8001290c,--codebook-size 128,2026-08-02 11:58:59,0.6339499389131472,0.4644474787817853,0.998275719825097,0.32224979882758314,0.8311401690883229,0.39347826086956517,64,44.0,1,0.3404255319148936,0.20512820512820512,1.0,0.32558139534883723,0.012835604654321547,44174,621,1.0,1.0,1.0,1.0,1.0,1.0,0.3273542032626753,0.3358711839251929,0.2894736842105263,0.3719806763285024,7,139.74237657070157,0.99,True,0.2803581133365566,0.8471052590418338
ucr001_cb128base,ucr_split,ucr_001,seed0,local,ucr_001_p1,none,c604c97f8001290c,--codebook-size 128,2026-08-02 11:58:59,0.8147434921154989,0.6882120552828089,0.9982831431576197,0.4851504199484031,0.8410016253248845,0.5274725274725275,64,43.0,1,0.2745098039215686,0.1590909090909091,1.0,0.5094017094017094,0.005682075428985376,44174,621,1.0,1.0,1.0,1.0,1.0,1.0,0.5127259403907624,0.49829239138569087,0.5428051001821493,0.47987117552334946,7,131.88194072167065,0.99,True,0.43302659599395116,0.8561780409662663
ucr001_cb128base,ucr_split,ucr_001,seed0,local,ucr_001_p2,none,c604c97f8001290c,--codebook-size 128,2026-08-02 11:58:59,0.6781158818129326,0.5134901335538425,0.9981122447420606,0.3729247942857183,0.8245548802142194,0.43527204502814254,64,36.0,1,0.2702702702702703,0.15625,1.0,0.3888130968622101,0.012677140399329923,44174,621,1.0,1.0,1.0,1.0,1.0,1.0,0.3898843947025292,0.40071014270218014,0.33727810650887574,0.45893719806763283,7,131.71251385211949,0.99,True,0.33301208580771596,0.8417782185843395
ucr001_cb128base,ucr_split,ucr_001,seed0,local,ucr_001_p3,none,c604c97f8001290c,--codebook-size 128,2026-08-02 11:58:59,0.8637602056375233,0.7611989578540723,0.9982625627321026,0.5293127983902703,0.833049176704012,0.5645295587010825,64,46.0,1,0.6206896551724138,0.45,1.0,0.545101842870999,0.0029202698419885,44174,621,1.0,1.0,1.0,1.0,1.0,1.0,0.5482355707570846,0.5639694380739997,0.6853658536585366,0.4524959742351047,7,139.80400934139888,0.99,True,0.47040776912527177,0.8517221852634058
ucr001_cb128base,ucr_split,ucr_001,seed0,local,ucr_001_p4,none,c604c97f8001290c,--codebook-size 128,2026-08-02 11:58:59,0.8135734900063,0.6866286069067866,0.9981044799002937,0.4461534775642119,0.8285427332565036,0.5409582689335395,64,46.0,1,0.5925925925925926,0.42105263157894735,1.0,0.4842300556586271,0.004436999139765473,44174,621,1.0,1.0,1.0,1.0,1.0,1.0,0.48699018668702976,0.4647345030708352,0.5711159737417943,0.42028985507246375,7,126.24870371301971,0.99,True,0.4044609626315911,0.8463690918246919
ucr001_cb128base,ucr_split_w2p,ucr_001,seed0,centralized,ucr_001_p0,none,c604c97f8001290c,--codebook-size 128,2026-08-02 11:58:59,0.6494048904993076,0.4810509184553375,0.9990401972557397,0.5032549277595573,0.9498160072155005,0.5177664974619289,64,4.0,1,0.19354838709677416,0.10714285714285714,1.0,0.4383149448345035,0.02118893466745144,44174,621,1.0,1.0,1.0,1.0,1.0,1.0,0.438772715123269,0.5497907400750928,0.31828113619810633,0.7037037037037037,7,96.13413302600384,0.99,True,0.4583781755357863,0.9542896199334407
ucr001_cb128base,ucr_split_w2p,ucr_001,seed0,centralized,ucr_001_p1,none,c604c97f8001290c,--codebook-size 128,2026-08-02 11:58:59,0.8110393230748885,0.6830135734625699,0.9981315669756247,0.5679870402782182,0.9564154036733815,0.5513513513513514,64,113.0,1,0.5,0.3333333333333333,1.0,0.5400175901495162,0.004731289899035632,44174,621,1.0,1.0,1.0,1.0,1.0,1.0,0.5745293417908292,0.6183931264438878,0.5949612403100775,0.4943639291465378,7,108.35626959323879,0.99,True,0.5205114331570019,0.9600341363798339
ucr001_cb128base,ucr_split_w2p,ucr_001,seed0,centralized,ucr_001_p2,none,c604c97f8001290c,--codebook-size 128,2026-08-02 11:58:59,0.7253260047752313,0.5694873961523359,0.9985863134957804,0.529468600994547,0.9582258769248558,0.5387323943661972,64,48.0,1,0.23529411764705882,0.13333333333333333,1.0,0.48191027496382055,0.009688957305202155,44174,621,1.0,1.0,1.0,1.0,1.0,1.0,0.4832288280191269,0.5808096440500636,0.4375821287779238,0.5362318840579711,7,103.29302356640498,0.99,True,0.4951470230113202,0.9614307611104562
ucr001_cb128base,ucr_split_w2p,ucr_001,seed0,centralized,ucr_001_p3,none,c604c97f8001290c,--codebook-size 128,2026-08-02 11:58:59,0.7680799148882645,0.6242072589946794,0.9981397452233193,0.5164699179731855,0.954610143301701,0.5248713550600342,64,112.0,1,0.18181818181818182,0.1,1.0,0.5094185094185094,0.006542309956082764,44174,621,1.0,1.0,1.0,1.0,1.0,1.0,0.5636347876967923,0.567052142833332,0.5183333333333333,0.500805152979066,7,107.78624828894942,0.99,True,0.4607712098574176,0.9583070727516678
ucr001_cb128base,ucr_split_w2p,ucr_001,seed0,centralized,ucr_001_p4,none,c604c97f8001290c,--codebook-size 128,2026-08-02 11:58:59,0.8172948539827323,0.6919643249354587,0.9980676867727538,0.5226739283716024,0.9509235801300187,0.5298840321141838,64,120.0,1,0.6153846153846153,0.4444444444444444,1.0,0.5193370165745856,0.004142708380495314,44174,621,1.0,1.0,1.0,1.0,1.0,1.0,0.5488233037407225,0.5712400743029875,0.6064516129032258,0.45410628019323673,7,112.67549511353177,0.99,True,0.4747850550961034,0.9551636873426492
ucr001_cb128base,ucr_split_w2p,ucr_001,seed0,local,ucr_001_p0,none,c604c97f8001290c,--codebook-size 128,2026-08-02 11:58:59,0.3807489112655956,0.27871182813848455,0.6006473936823307,0.1597581473856458,0.9116939621072487,0.3084728564180619,64,621.0,1,0.0,0.0,0.0,0.0,0.0018562955584733101,44174,621,0.0,0.0,0.0,0.0,1.0,1.0,0.0,0.1814476153284702,0.0,0.0,7,121.9183825583259,0.99,True,0.16539026987091773,0.9165918335016111
ucr001_cb128base,ucr_split_w2p,ucr_001,seed0,local,ucr_001_p1,none,c604c97f8001290c,--codebook-size 128,2026-08-02 11:58:59,0.5835093402396869,0.41209067878184036,0.9991139093300145,0.28258590535361594,0.9163276654383954,0.5134706814580031,64,0.0,1,0.02173913043478261,0.01098901098901099,1.0,0.14504532666458267,0.12027436953864264,44174,621,0.0,0.0,1.0,0.0,1.0,1.0,0.14834131910430123,0.33965494682478237,0.08031850441405573,0.7471819645732689,7,83.91895564784605,0.99,True,0.3035840831716643,0.9214456998427004
ucr001_cb128base,ucr_split_w2p,ucr_001,seed0,local,ucr_001_p2,none,c604c97f8001290c,--codebook-size 128,2026-08-02 11:58:59,0.5955201699309751,0.42421527311407276,0.9988864641732538,0.2383082898737164,0.9181344933193847,0.48787061994609165,64,0.0,1,0.030303030303030307,0.015384615384615385,1.0,0.18422686814324157,0.08523113143478064,44174,621,0.0,0.0,0.0,0.0,1.0,1.0,0.18997431744984128,0.29326621752897486,0.10570071258907364,0.71658615136876,7,101.68737467845283,0.99,True,0.2627594555880535,0.923625992764345
ucr001_cb128base,ucr_split_w2p,ucr_001,seed0,local,ucr_001_p3,none,c604c97f8001290c,--codebook-size 128,2026-08-02 11:58:59,0.6567620837597831,0.4892470763435679,0.9987158892927686,0.5245099658254666,0.9309947406781862,0.5593471810089021,64,0.0,1,0.08695652173913045,0.045454545454545456,1.0,0.4071630537229029,0.0241997555122923,44174,621,1.0,1.0,1.0,1.0,1.0,1.0,0.43535606603336857,0.611669921002813,0.28780812791472354,0.6956521739130435,7,99.2498520100117,0.99,True,0.4674665257667371,0.9372028217165064
ucr001_cb128base,ucr_split_w2p,ucr_001,seed0,local,ucr_001_p4,none,c604c97f8001290c,--codebook-size 128,2026-08-02 11:58:59,0.8098172784394008,0.6812127265045123,0.9982802672902985,0.525979654924575,0.9386332864465781,0.5673640167364017,64,48.0,1,0.6153846153846153,0.4444444444444444,1.0,0.5661641541038526,0.00531987141757595,44174,621,1.0,1.0,1.0,1.0,1.0,1.0,0.568106220400248,0.5759382015919978,0.5898778359511344,0.5442834138486312,7,105.99522847533228,0.99,True,0.46988554052364856,0.9441656317282073
ucr001_enc,ucr_split,ucr_001,seed0,federated_enc_commoninit,ucr_001_p0,none,c604c97f8001290c,,2026-07-31 13:40:15,0.6178394808966193,0.4474231139118464,0.997938380588327,0.21026618735861205,0.8235419411174972,0.38610038610038605,64,36.0,1,0.08695652173913045,0.045454545454545456,1.0,0.31420289855072464,0.01885724634400326,44174,621,0.0,0.0,0.0,0.0,1.0,1.0,0.3294186054008029,0.24065282228745763,0.24547101449275363,0.4363929146537842,7,69.36276505646545,0.99,True,0.2161608439333358,0.8319271467834892
ucr001_enc,ucr_split,ucr_001,seed0,federated_enc_commoninit,ucr_001_p1,none,c604c97f8001290c,,2026-07-31 13:40:15,0.5722223690132235,0.42010768354080874,0.897019756669271,0.05099497867306289,0.7785163298380793,0.16335791264889393,64,621.0,1,0.0,0.0,0.0,0.0,0.0034409381083895505,44174,621,0.0,0.0,0.0,0.0,0.0,0.0,0.0,0.05570772463752962,0.0,0.0,7,72.54856002284986,0.99,True,0.054663578293889896,0.786617353365764
ucr001_enc,ucr_split,ucr_001,seed0,federated_enc_commoninit,ucr_001_p2,none,c604c97f8001290c,,2026-07-31 13:40:15,0.585426331970585,0.41443372750372603,0.9966287285844495,0.09415378743454594,0.7948864857148502,0.2560187903699354,64,112.0,1,0.26229508196721313,0.1509433962264151,1.0,0.10490693739424704,0.011296237605831485,44174,621,0.0,0.0,0.0,0.0,0.0,0.0,0.10523499305057508,0.10389108087643345,0.11051693404634581,0.0998389694041868,7,74.49810190599847,0.99,True,0.10241339854740046,0.8051353276985332
ucr001_enc,ucr_split,ucr_001,seed0,federated_enc_commoninit,ucr_001_p3,none,c604c97f8001290c,,2026-07-31 13:40:15,0.7278444167815266,0.5726488632790059,0.998433281405954,0.5413695946351196,0.8097228884136786,0.5547594677584443,64,4.0,1,0.25,0.14285714285714285,1.0,0.4915032679738562,0.012065921130076516,44174,621,1.0,1.0,1.0,1.0,1.0,1.0,0.4924223835981658,0.6147927416690476,0.4136413641364136,0.605475040257649,7,60.65323438578366,0.99,True,0.4985924354671986,0.8236538723283909
ucr001_enc,ucr_split,ucr_001,seed0,federated_enc_commoninit,ucr_001_p4,none,c604c97f8001290c,,2026-07-31 13:40:15,0.6434724813724954,0.47477340903415566,0.9981353774998251,0.3719127205447023,0.8238497197475626,0.4242424242424242,64,33.0,1,0.14814814814814814,0.08,1.0,0.35701492537313434,0.017091501788382306,44174,621,1.0,1.0,1.0,1.0,1.0,1.0,0.3750108879112781,0.42783125750604256,0.2836812144212524,0.48148148148148145,7,48.193012010008914,0.99,True,0.33899416072563004,0.8398801511870537
ucr001_enc,ucr_split,ucr_001,seed0,federated_enc_fedavg,ucr_001_p0,none,c604c97f8001290c,,2026-07-31 13:40:15,0.6067164623684823,0.435815211765565,0.9981212857499514,0.18179613349993579,0.830843290116008,0.3710470836261419,64,30.0,1,0.06666666666666667,0.034482758620689655,1.0,0.2992992992992993,0.0244034952687101,44174,621,0.0,0.0,0.0,0.0,1.0,1.0,0.3123045747768104,0.21322118080279787,0.21713870733478577,0.48148148148148145,7,80.5354255121028,0.99,True,0.1895139537180575,0.8385114440023392
ucr001_enc,ucr_split,ucr_001,seed0,federated_enc_fedavg,ucr_001_p1,none,c604c97f8001290c,,2026-07-31 13:40:15,0.6300372197306924,0.4602732216595976,0.9982101680243457,0.4507451764603578,0.8303271421090086,0.5021097046413502,64,30.0,1,0.08163265306122448,0.0425531914893617,1.0,0.2799821667409719,0.029610177932720604,44174,621,1.0,1.0,1.0,1.0,1.0,1.0,0.29068645482425787,0.5170113464921559,0.1935881627620222,0.5056360708534622,7,76.72994958224118,0.99,True,0.4099992869459032,0.8383726230746645
ucr001_enc,ucr_split,ucr_001,seed0,federated_enc_fedavg,ucr_001_p2,none,c604c97f8001290c,,2026-07-31 13:40:15,0.6237895780606867,0.45360963638736096,0.9983321047987621,0.35007453756730467,0.8069330499276504,0.4568439407149084,64,23.0,1,0.19672131147540983,0.10909090909090909,1.0,0.2629359908010732,0.03723909992303165,44174,621,1.0,1.0,1.0,1.0,1.0,1.0,0.27149663855568884,0.4032764250182248,0.17253521126760563,0.5523349436392915,7,66.29171159122144,0.99,True,0.3123579123805332,0.8176271340182529
ucr001_enc,ucr_split,ucr_001,seed0,federated_enc_fedavg,ucr_001_p3,none,c604c97f8001290c,,2026-07-31 13:40:15,0.6622313881792861,0.4954587728129331,0.9982420721774397,0.4849778761187798,0.8360910925590916,0.4952561669829223,64,29.0,1,0.13333333333333333,0.07142857142857142,1.0,0.3912780133252574,0.01600488975415403,44174,621,1.0,1.0,1.0,1.0,1.0,1.0,0.4120430485966401,0.567705218184789,0.31359223300970873,0.5201288244766505,7,68.02176819043858,0.99,True,0.44980469568990944,0.845743553385275
ucr001_enc,ucr_split,ucr_001,seed0,federated_enc_fedavg,ucr_001_p4,none,c604c97f8001290c,,2026-07-31 13:40:15,0.6430874853669453,0.47432517542990443,0.9982645758392273,0.42722765513986916,0.8402312491802473,0.44188280499519694,64,27.0,1,0.12244897959183672,0.06521739130434782,1.0,0.3311392405063291,0.023248969982342556,44174,621,1.0,1.0,1.0,1.0,1.0,1.0,0.34556115479460275,0.4918026921700194,0.241506646971935,0.5265700483091788,7,59.728029685025895,0.99,True,0.37742503249409765,0.8499334579144567
ucr001_enc,ucr_split,ucr_001,seed0,federated_enc_fedproto_lam1_uniform,ucr_001_p0,none,c604c97f8001290c,,2026-07-31 13:40:15,0.5927697937153075,0.42149498072392844,0.9985186047945381,0.5064117046627332,0.8323643574046624,0.5604963805584281,64,0.0,1,0.03125,0.015873015873015872,1.0,0.22779291553133516,0.059559922126137546,44174,621,1.0,1.0,1.0,1.0,1.0,1.0,0.23671755677019787,0.5861653843142806,0.13709412922269595,0.6731078904991948,7,66.91398458023654,0.99,True,0.4759322201573898,0.8441896346325989
ucr001_enc,ucr_split,ucr_001,seed0,federated_enc_fedproto_lam1_uniform,ucr_001_p1,none,c604c97f8001290c,,2026-07-31 13:40:15,0.6505570258993311,0.4824615816458252,0.9984178775416153,0.459551249555217,0.8230773751028634,0.49170124481327804,64,33.0,1,0.10169491525423728,0.05357142857142857,1.0,0.27883880825057294,0.036944809163761486,44174,621,1.0,1.0,1.0,1.0,1.0,1.0,0.2884685550917787,0.5291300878429466,0.1827741612418628,0.5877616747181964,7,66.66798097004407,0.99,True,0.43822191789261067,0.8334273648676224
ucr001_enc,ucr_split,ucr_001,seed0,federated_enc_fedproto_lam1_uniform,ucr_001_p2,none,c604c97f8001290c,,2026-07-31 13:40:15,0.6408895559448808,0.47196873581779386,0.9981254377833967,0.40360371092893615,0.8046884495050936,0.48827292110874204,64,36.0,1,0.07692307692307693,0.04,1.0,0.257529463116543,0.031126907230497578,44174,621,1.0,1.0,1.0,1.0,1.0,1.0,0.2669286171837073,0.44846458405534995,0.17664670658682635,0.4750402576489533,7,71.71980302923053,0.99,True,0.37492065385594275,0.8162477980363102
ucr001_enc,ucr_split,ucr_001,seed0,federated_enc_fedproto_lam1_uniform,ucr_001_p3,none,c604c97f8001290c,,2026-07-31 13:40:15,0.6064794609836457,0.435470772110052,0.9986462933035969,0.4276328084261664,0.8210123091767025,0.4422560429722471,64,0.0,1,0.13793103448275862,0.07407407407407407,1.0,0.3022834360275462,0.038959568977226425,44174,621,1.0,1.0,1.0,1.0,1.0,1.0,0.30310161307851324,0.4951117075246348,0.1950420954162769,0.6714975845410628,7,65.60373148204141,0.99,True,0.3677330482148519,0.834457555414469
ucr001_enc,ucr_split,ucr_001,seed0,federated_enc_fedproto_lam1_uniform,ucr_001_p4,none,c604c97f8001290c,,2026-07-31 13:40:15,0.6211961641061295,0.4509584413996549,0.9979087232065778,0.21008065980856805,0.8158630046441291,0.35642023346303503,64,37.0,1,0.1142857142857143,0.06060606060606061,1.0,0.32967032967032966,0.016910399782677592,44174,621,0.0,0.0,0.0,0.0,1.0,1.0,0.3461050274812094,0.24664191581408973,0.26548672566371684,0.43478260869565216,7,78.40554080095535,0.99,True,0.21659130921226225,0.8270060852775457
ucr001_enc,ucr_split,ucr_001,seed0,federated_enc_fedprox_mu0.01,ucr_001_p0,none,c604c97f8001290c,,2026-07-31 13:40:15,0.5873536679380302,0.41624299002465925,0.9973464731711238,0.09522112370248628,0.7948669829827544,0.2681948424068768,64,49.0,1,0.4,0.25,1.0,0.23612087139845397,0.01435233395209852,44174,621,0.0,0.0,0.0,0.0,0.0,0.0,0.23691712116917582,0.10811428670925677,0.20947630922693267,0.27053140096618356,7,92.15547120713335,0.99,True,0.10243653501541954,0.8019490220670163
ucr001_enc,ucr_split,ucr_001,seed0,federated_enc_fedprox_mu0.01,ucr_001_p1,none,c604c97f8001290c,,2026-07-31 13:40:15,0.6194723744982786,0.4490431335671747,0.9984061224339398,0.4608638092766868,0.8462332423230138,0.5212876427829699,64,23.0,1,0.07272727272727272,0.03773584905660377,1.0,0.2589378687955571,0.04271743559559922,44174,621,1.0,1.0,1.0,1.0,1.0,1.0,0.26663948021620837,0.5312330224638232,0.16504424778761062,0.6006441223832528,7,63.859821995877695,0.99,True,0.41846523091064347,0.8563399721860104
ucr001_enc,ucr_split,ucr_001,seed0,federated_enc_fedprox_mu0.01,ucr_001_p2,none,c604c97f8001290c,,2026-07-31 13:40:15,0.5987884383576422,0.4276198109749774,0.9984504467390272,0.45588069437507495,0.8074697213704813,0.5073457394711067,64,16.0,1,0.031746031746031744,0.016129032258064516,1.0,0.23132810229584422,0.054828632227101916,44174,621,1.0,1.0,1.0,1.0,1.0,1.0,0.24087870552588014,0.525964902171933,0.14113475177304965,0.6409017713365539,7,54.09016477167634,0.99,True,0.4186374741872026,0.818347658859055
ucr001_enc,ucr_split,ucr_001,seed0,federated_enc_fedprox_mu0.01,ucr_001_p3,none,c604c97f8001290c,,2026-07-31 13:40:15,0.690650886414034,0.5279722112446189,0.9982231813239738,0.4957280909013173,0.8259691746013623,0.5442764578833694,64,33.0,1,0.10256410256410257,0.05405405405405406,1.0,0.4161696487740225,0.012994068909313171,44174,621,1.0,1.0,1.0,1.0,1.0,1.0,0.44057916872200675,0.5748576204770306,0.3536036036036036,0.5056360708534622,7,72.21153849322663,0.99,True,0.45582576999791774,0.8373126411204123
ucr001_enc,ucr_split,ucr_001,seed0,federated_enc_fedprox_mu0.01,ucr_001_p4,none,c604c97f8001290c,,2026-07-31 13:40:15,0.6287392310735641,0.4588853162021192,0.9982278725825414,0.44449496042992226,0.8557164913717361,0.48515864892528143,64,30.0,1,0.09523809523809523,0.05,1.0,0.3447899618112384,0.020283424638927877,44174,621,1.0,1.0,1.0,1.0,1.0,1.0,0.36097777230013045,0.5080590526639821,0.2607260726072607,0.5088566827697263,7,62.64778843526111,0.99,True,0.40328182878084445,0.8645208640886312
ucr001_enc,ucr_split_w2p,ucr_001,seed0,federated_enc_commoninit,ucr_001_p0,none,c604c97f8001290c,,2026-07-31 13:40:15,0.6966363610113615,0.5349001179323333,0.9985716645466132,0.43043884097124013,0.9322826136169023,0.5208333333333334,64,23.0,1,0.2857142857142857,0.16666666666666666,1.0,0.48691418137553255,0.01408068094354145,44174,621,1.0,1.0,1.0,1.0,1.0,1.0,0.5296603447800367,0.49510158543302946,0.3913894324853229,0.644122383252818,7,64.10575990361264,0.99,True,0.39544160282092544,0.94153403279201
ucr001_enc,ucr_split_w2p,ucr_001,seed0,federated_enc_commoninit,ucr_001_p1,none,c604c97f8001290c,,2026-07-31 13:40:15,0.618315343699741,0.4478342385910368,0.9983762493621416,0.33674855518012564,0.9195952297265091,0.461038961038961,64,15.0,1,0.1,0.05263157894736842,1.0,0.28509406657018815,0.03959342599719292,44174,621,1.0,1.0,1.0,1.0,1.0,1.0,0.30008866883573604,0.395995478753974,0.1838544097060196,0.6344605475040258,7,54.18362325178699,0.99,True,0.31001504843248495,0.9260010736758255
ucr001_enc,ucr_split_w2p,ucr_001,seed0,federated_enc_commoninit,ucr_001_p2,none,c604c97f8001290c,,2026-07-31 13:40:15,0.4830854267196307,0.31873636041129494,0.9973417279900438,0.10952665223777842,0.9234026004760708,0.20608649225840894,64,71.0,1,0.33333333333333337,0.2,1.0,0.1707891637220259,0.021098383664599086,44174,621,0.0,0.0,1.0,1.0,1.0,1.0,0.17273602560017584,0.11451094276682847,0.13463324048282266,0.23349436392914655,7,51.558522996925085,0.99,True,0.11399441341124636,0.9254514595233637
ucr001_enc,ucr_split_w2p,ucr_001,seed0,federated_enc_commoninit,ucr_001_p3,none,c604c97f8001290c,,2026-07-31 13:40:15,0.5793748713878374,0.4079784968785974,0.9991139093300145,0.472661015560606,0.9298420745307662,0.5142857142857142,64,0.0,1,0.0689655172413793,0.03571428571428571,1.0,0.2997416020671835,0.04552451668402228,44174,621,1.0,1.0,1.0,1.0,1.0,1.0,0.3115616663380225,0.5376654262578049,0.1874747474747475,0.7471819645732689,7,46.58989009505786,0.99,True,0.41817667637449185,0.9375594255200278
ucr001_enc,ucr_split_w2p,ucr_001,seed0,federated_enc_commoninit,ucr_001_p4,none,c604c97f8001290c,,2026-07-31 13:40:15,0.5864836155386791,0.4151531285836467,0.9985967924373318,0.2329213643680963,0.9411466235813039,0.45398009950248747,64,15.0,1,0.2222222222222222,0.125,1.0,0.3733455043359197,0.0262824285778965,44174,621,0.0,0.0,1.0,0.0,1.0,1.0,0.397514056313758,0.27407918774091955,0.2605095541401274,0.6586151368760065,7,42.945930935285844,0.99,True,0.2591814356922899,0.9473102772021748
ucr001_enc,ucr_split_w2p,ucr_001,seed0,federated_enc_fedavg,ucr_001_p0,none,c604c97f8001290c,,2026-07-31 13:40:15,0.5699090137825086,0.39877505507989613,0.9983500430211777,0.14109532252850343,0.9120718412117444,0.3312043795620438,64,23.0,1,0.1111111111111111,0.058823529411764705,1.0,0.2879581151832461,0.0377597681894327,44174,621,0.0,0.0,0.0,0.0,0.0,0.0,0.30354488445541905,0.16809734128675546,0.18753044325377496,0.6199677938808373,7,64.34916331278038,0.99,True,0.15309947708993685,0.9197770766825732
ucr001_enc,ucr_split_w2p,ucr_001,seed0,federated_enc_fedavg,ucr_001_p1,none,c604c97f8001290c,,2026-07-31 13:40:15,0.6355670798950849,0.4661689479364592,0.998351660696546,0.2394472924720462,0.9200880473624031,0.4357142857142857,64,22.0,1,0.25,0.14285714285714285,1.0,0.3987603305785124,0.02103047041245982,44174,621,0.0,0.0,1.0,1.0,1.0,1.0,0.42923447715852264,0.29068882166308047,0.2935361216730038,0.6215780998389694,7,71.46848023490712,0.99,True,0.25379262733075036,0.9277382350865389
ucr001_enc,ucr_split_w2p,ucr_001,seed0,federated_enc_fedavg,ucr_001_p2,none,c604c97f8001290c,,2026-07-31 13:40:15,0.610766584451635,0.4399158385480543,0.9985906812192743,0.5994568061232984,0.9306038111473535,0.6052855924978687,64,0.0,1,0.14285714285714288,0.07692307692307693,1.0,0.37516629711751664,0.027414316113550958,44174,621,1.0,1.0,1.0,1.0,1.0,1.0,0.39959449871329,0.710298860974464,0.2588739290085679,0.6811594202898551,7,64.59588982185862,0.99,True,0.5611646921509,0.938487129225345
ucr001_enc,ucr_split_w2p,ucr_001,seed0,federated_enc_fedavg,ucr_001_p3,none,c604c97f8001290c,,2026-07-31 13:40:15,0.5865743255209918,0.4151489018201634,0.9991474311584766,0.3286185528091027,0.9510473769116962,0.5157509157509158,64,0.0,1,0.23529411764705882,0.13333333333333333,1.0,0.3420183486238532,0.03708063566804003,44174,621,0.0,0.0,1.0,1.0,1.0,1.0,0.358733490144791,0.3900214231241078,0.2214828897338403,0.750402576489533,7,53.11459733708036,0.99,True,0.35369355007772674,0.9575723555667086
ucr001_enc,ucr_split_w2p,ucr_001,seed0,federated_enc_fedavg,ucr_001_p4,none,c604c97f8001290c,,2026-07-31 13:40:15,0.5899644453885688,0.41854194981038484,0.9992125875274713,0.3484161788253321,0.9571713806046023,0.5018953752843064,64,0.0,1,0.2222222222222222,0.125,1.0,0.3425054308472122,0.0377597681894327,44174,621,0.0,0.0,1.0,1.0,1.0,1.0,0.35841078812791,0.4047089110229514,0.22092480149462868,0.7616747181964574,7,53.497482584863,0.99,True,0.35522641408630024,0.9627435198851931
ucr001_enc,ucr_split_w2p,ucr_001,seed0,federated_enc_fedproto_lam1_uniform,ucr_001_p0,none,c604c97f8001290c,,2026-07-31 13:40:15,0.5376349141663406,0.36785215166719637,0.9984892709478626,0.1450577150183023,0.8829262292936577,0.3590005099439062,64,0.0,1,0.1111111111111111,0.058823529411764705,1.0,0.26147077309868005,0.04855797527957622,44174,621,0.0,0.0,0.0,0.0,0.0,0.0,0.2742476744368119,0.17820804436588078,0.16243654822335024,0.6698872785829307,7,81.36929972462774,0.99,True,0.15943030612209005,0.8932895048520022
ucr001_enc,ucr_split_w2p,ucr_001,seed0,federated_enc_fedproto_lam1_uniform,ucr_001_p1,none,c604c97f8001290c,,2026-07-31 13:40:15,0.5932725521944384,0.4218973180636123,0.9991139093300145,0.33032072748407704,0.9351466353923042,0.5634861006761833,64,0.0,1,0.07692307692307693,0.04,1.0,0.14109776493842177,0.1243265269162856,44174,621,0.0,0.0,1.0,1.0,1.0,1.0,0.14415739379359702,0.40862516290714807,0.07790463398253862,0.7471819645732689,7,53.68703055096239,0.99,True,0.3513069395793963,0.9398209896552477
ucr001_enc,ucr_split_w2p,ucr_001,seed0,federated_enc_fedproto_lam1_uniform,ucr_001_p2,none,c604c97f8001290c,,2026-07-31 13:40:15,0.5705191786061686,0.3992635811315619,0.999033133406632,0.3691013350430248,0.9393244851442768,0.5574499629355079,64,0.0,1,0.04166666666666667,0.02127659574468085,1.0,0.22590212555610478,0.06718884411644858,44174,621,0.0,0.0,1.0,1.0,1.0,1.0,0.23362071648581126,0.4501486375829696,0.13343065693430656,0.7359098228663447,7,63.061250234142335,0.99,True,0.39048015025075056,0.9447513813915399
ucr001_enc,ucr_split_w2p,ucr_001,seed0,federated_enc_fedproto_lam1_uniform,ucr_001_p3,none,c604c97f8001290c,,2026-07-31 13:40:15,0.6203288050526313,0.44974561361546517,0.9993829287437366,0.6817481393489416,0.9471501477796741,0.7467204843592331,64,0.0,1,0.1081081081081081,0.05714285714285714,1.0,0.2735186745296265,0.05553040249920768,44174,621,1.0,1.0,1.0,1.0,1.0,1.0,0.28313248811781877,0.8466903750764506,0.16564625850340137,0.784219001610306,7,57.339239697704976,0.99,True,0.6779296445400251,0.9530364048806272
ucr001_enc,ucr_split_w2p,ucr_001,seed0,federated_enc_fedproto_lam1_uniform,ucr_001_p4,none,c604c97f8001290c,,2026-07-31 13:40:15,0.5906776500988635,0.419182440012553,0.9996546802314139,0.6340790418614439,0.9730562647623836,0.6233538191395961,64,0.0,1,0.13333333333333333,0.07142857142857142,1.0,0.368328031106398,0.03818988545298139,44174,621,1.0,1.0,1.0,1.0,1.0,1.0,0.38047297399966834,0.7268779317536957,0.23596014492753623,0.8389694041867954,7,53.01370724198127,0.99,True,0.604808730056891,0.9758086069259954
ucr001_enc,ucr_split_w2p,ucr_001,seed0,federated_enc_fedprox_mu0.01,ucr_001_p0,none,c604c97f8001290c,,2026-07-31 13:40:15,0.5601939483341194,0.3893474838830347,0.9982109229395174,0.2328543740113967,0.9112666153252689,0.3435948361469712,64,22.0,1,0.15384615384615385,0.08333333333333333,1.0,0.30513961958721164,0.03334540680038031,44174,621,1.0,1.0,1.0,1.0,1.0,1.0,0.32345596978008323,0.2639233445446991,0.20378378378378378,0.607085346215781,7,73.9737812776438,0.99,True,0.19631242082150507,0.9188779176774952
ucr001_enc,ucr_split_w2p,ucr_001,seed0,federated_enc_fedprox_mu0.01,ucr_001_p1,none,c604c97f8001290c,,2026-07-31 13:40:15,0.540161402963563,0.37022082337798384,0.9984958854427012,0.32129473706313505,0.9029312205349261,0.430067775723968,64,15.0,1,0.07407407407407407,0.038461538461538464,1.0,0.23096811261131858,0.05564359125277312,44174,621,1.0,1.0,1.0,1.0,1.0,1.0,0.24032924187725632,0.37305209420015717,0.14055944055944056,0.6473429951690821,7,67.24722551516287,0.99,True,0.2732791567358457,0.9108302255548574
ucr001_enc,ucr_split_w2p,ucr_001,seed0,federated_enc_fedprox_mu0.01,ucr_001_p2,none,c604c97f8001290c,,2026-07-31 13:40:15,0.5611499089634415,0.3902138467924606,0.9985893691048089,0.6121148887286751,0.9270863567124794,0.6329113924050632,64,6.0,1,0.2222222222222222,0.125,1.0,0.31840796019900497,0.035677095123828495,44174,621,1.0,1.0,1.0,1.0,1.0,1.0,0.3189282261632919,0.7275209452745971,0.20883534136546184,0.6698872785829307,7,64.7504755524112,0.99,True,0.571057681954073,0.9345049907011738
ucr001_enc,ucr_split_w2p,ucr_001,seed0,federated_enc_fedprox_mu0.01,ucr_001_p3,none,c604c97f8001290c,,2026-07-31 13:40:15,0.6088292575622378,0.4380906736727919,0.9976447904831797,0.21159560497754923,0.9191796210374915,0.3543664815749621,64,47.0,1,0.3157894736842105,0.1875,1.0,0.3215686274509804,0.015008828722778105,44174,621,0.0,0.0,1.0,1.0,1.0,1.0,0.3227870811391473,0.24362827875784349,0.2706270627062706,0.3961352657004831,7,79.18698887279952,0.99,True,0.21820955658320138,0.9264412202299787
ucr001_enc,ucr_split_w2p,ucr_001,seed0,federated_enc_fedprox_mu0.01,ucr_001_p4,none,c604c97f8001290c,,2026-07-31 13:40:15,0.5629233695772075,0.3918795660517988,0.9989241020868193,0.3267712746959606,0.9504049897247941,0.40690065437239736,64,0.0,1,0.1111111111111111,0.058823529411764705,1.0,0.3210318882121104,0.03898220672793951,44174,621,1.0,1.0,1.0,1.0,1.0,1.0,0.336232239931319,0.3667838157150971,0.2064516129032258,0.7214170692431562,7,61.4560529927659,0.99,True,0.30466639109022825,0.9554941759376614
ucr001_gpu1probe,ucr_split,ucr_001,seed0,federated_cb_only,ucr_001_p0,none,c604c97f8001290c,,2026-08-01 17:11:14,0.2962110615874265,0.25723832814133074,0.34910146221676525,0.05292835769531254,0.7978053338623495,0.1748251748251748,64,621.0,1,0.0,0.0,0.0,0.0,0.0012450762892199031,44174,621,0.0,0.0,0.0,0.0,0.0,0.0,0.0,0.05821674767409074,0.0,0.0,7,64.85484442506736,0.99,True,0.05539083144649307,0.8011305651327366
ucr001_gpu1probe,ucr_split,ucr_001,seed0,federated_cb_only,ucr_001_p1,none,c604c97f8001290c,,2026-08-01 17:11:14,0.6918814669732007,0.5295522054866864,0.9977245778271708,0.1910216101497337,0.8306453829523666,0.3833199679230152,64,43.0,1,0.25,0.14285714285714285,1.0,0.3764523625096824,0.009666319554489065,44174,621,0.0,0.0,1.0,1.0,1.0,1.0,0.4005893501945908,0.216869254460825,0.36268656716417913,0.391304347826087,7,69.98164958002423,0.99,True,0.20410992726840874,0.8381679375450617
ucr001_gpu1probe,ucr_split,ucr_001,seed0,federated_cb_only,ucr_001_p2,none,c604c97f8001290c,,2026-08-01 17:11:14,0.7161577882099152,0.558401523209716,0.9981488401537224,0.4767604362778682,0.8353903429907218,0.5419501133786848,64,39.0,1,0.07692307692307693,0.04,1.0,0.36681222707423583,0.015574772490605333,44174,621,1.0,1.0,1.0,1.0,1.0,1.0,0.3857877201875795,0.5473761841525691,0.29938900203665986,0.47342995169082125,7,57.59241888071923,0.99,True,0.441245018183906,0.8459519729314257
ucr001_gpu1probe,ucr_split,ucr_001,seed0,federated_cb_only,ucr_001_p3,none,c604c97f8001290c,,2026-08-01 17:11:14,0.6761776365891834,0.5111914803706621,0.9984140130949023,0.5289108639862508,0.8190041474838159,0.5334728033472803,64,0.0,1,0.17142857142857143,0.09375,1.0,0.4293304994686504,0.019400552361117398,44174,621,1.0,1.0,1.0,1.0,1.0,1.0,0.429715210912796,0.6102271867669659,0.3203806502775575,0.6505636070853462,7,51.90376807906202,0.99,True,0.4992081966257249,0.8322415278672244
ucr001_gpu1probe,ucr_split,ucr_001,seed0,federated_cb_only,ucr_001_p4,none,c604c97f8001290c,,2026-08-01 17:11:14,0.662313445693874,0.49550502668934215,0.998427224110409,0.5118378643343908,0.8170810322843488,0.5210643015521064,64,30.0,1,0.1111111111111111,0.058823529411764705,1.0,0.4190894130554032,0.0185629555847331,44174,621,1.0,1.0,1.0,1.0,1.0,1.0,0.44147443962906,0.6010895175494055,0.3178036605657238,0.6151368760064412,7,41.98540304218576,0.99,True,0.4832957450699645,0.8305623101329136
ucr001_gpu1probe,ucr_split_w2p,ucr_001,seed0,federated_cb_only,ucr_001_p0,none,c604c97f8001290c,,2026-08-01 17:11:14,0.25391180290680926,0.19939456293426305,0.3494586449380511,0.05075913964746836,0.8398746225856802,0.14610069101678183,64,621.0,1,0.0,0.0,0.0,0.0,0.005727350930411554,44174,621,0.0,0.0,0.0,0.0,0.0,0.0,0.0,0.056055663447816394,0.0,0.0,7,58.154325170434895,0.99,True,0.055033705226713504,0.8468204629249673
ucr001_gpu1probe,ucr_split_w2p,ucr_001,seed0,federated_cb_only,ucr_001_p1,none,c604c97f8001290c,,2026-08-01 17:11:14,0.6255321225784978,0.4553215554753134,0.9989732794180107,0.5869511493236851,0.9334762901822808,0.6069565217391304,64,0.0,1,0.052631578947368425,0.02702702702702703,1.0,0.26036866359447003,0.05430796396070087,44174,621,1.0,1.0,1.0,1.0,1.0,1.0,0.2705879808930425,0.6973198993279063,0.15854086285513855,0.7278582930756844,7,37.43498171336887,0.99,True,0.5586625130933552,0.9393422973723324
ucr001_gpu1probe,ucr_split_w2p,ucr_001,seed0,federated_cb_only,ucr_001_p2,none,c604c97f8001290c,,2026-08-01 17:11:14,0.6853584213157381,0.521914251263541,0.9978470897750515,0.26475282707534564,0.9450408270558232,0.36737588652482267,64,163.0,1,0.5,0.3333333333333333,1.0,0.34267413931144913,0.009372028795218907,44174,621,1.0,1.0,1.0,1.0,1.0,1.0,0.35200510258273227,0.284254688053716,0.34076433121019106,0.3446054750402576,7,41.25222521359458,0.99,True,0.25251968900351035,0.9484483162929451
ucr001_gpu1probe,ucr_split_w2p,ucr_001,seed0,federated_cb_only,ucr_001_p3,none,c604c97f8001290c,,2026-08-01 17:11:14,0.6918477882400255,0.5292447470169205,0.9986774605156897,0.5461582953512424,0.953794418748228,0.5338235294117648,64,38.0,1,0.2857142857142857,0.16666666666666666,1.0,0.49217282404508456,0.013197808665730972,44174,621,1.0,1.0,1.0,1.0,1.0,1.0,0.49485360021019525,0.6062042103351759,0.4026639344262295,0.6328502415458938,7,44.322579270288394,0.99,True,0.4815591731685233,0.9591648215762995
ucr001_gpu1probe,ucr_split_w2p,ucr_001,seed0,federated_cb_only,ucr_001_p4,none,c604c97f8001290c,,2026-08-01 17:11:14,0.6137735804879351,0.4436530941149055,0.9955030601924423,0.2652996508591874,0.9420197262662139,0.46330567964262925,64,269.0,1,0.625,0.45454545454545453,1.0,0.18984547461368653,0.00450491239190474,44174,621,0.0,0.0,1.0,1.0,1.0,1.0,0.19283727961906982,0.3029999129307952,0.3017543859649123,0.13848631239935588,7,38.54601453993511,0.99,True,0.2773506915754188,0.947490948051833
ucr001_proto_count,ucr_split,ucr_001,seed0,federated_enc_fedproto_lam1_count,ucr_001_p0,none,c604c97f8001290c,--fedproto-agg count,2026-07-31 19:51:05,0.5860436047704862,0.4147308541832498,0.9984892709478626,0.40837532856472936,0.8302697275238669,0.5277044854881267,64,0.0,1,0.02531645569620253,0.01282051282051282,1.0,0.21284215911997953,0.06501562004799204,44174,621,1.0,1.0,1.0,1.0,1.0,1.0,0.22066354511601186,0.4749866610213383,0.12652068126520682,0.6698872785829307,7,63.80452594329858,0.99,True,0.3725189750598695,0.8413851227258868
ucr001_proto_count,ucr_split,ucr_001,seed0,federated_enc_fedproto_lam1_count,ucr_001_p1,none,c604c97f8001290c,--fedproto-agg count,2026-07-31 19:51:05,0.6173424156979842,0.44682003801343795,0.9983470772830028,0.24624877822969277,0.8439082250275535,0.333984375,64,27.0,1,0.15625,0.0847457627118644,1.0,0.23955816361753537,0.04366822112554897,44174,621,1.0,1.0,1.0,1.0,1.0,1.0,0.2396584675337882,0.27475205421018734,0.15246045694200352,0.5587761674718197,7,68.56406062295018,0.99,True,0.22664548121396536,0.8537224169184883
ucr001_proto_count,ucr_split,ucr_001,seed0,federated_enc_fedproto_lam1_count,ucr_001_p2,none,c604c97f8001290c,--fedproto-agg count,2026-07-31 19:51:05,0.6676355468298705,0.5015227724219091,0.9982839879436451,0.2784056077507851,0.8175110766404877,0.46352723915050786,64,31.0,1,0.18181818181818182,0.1,1.0,0.30121608980355474,0.02705211210214153,44174,621,0.0,0.0,1.0,1.0,1.0,1.0,0.3137792715834542,0.3283966126659693,0.2122610415293342,0.5185185185185185,7,69.07995962105387,0.99,True,0.28278384554268426,0.8280604553128379
ucr001_proto_count,ucr_split,ucr_001,seed0,federated_enc_fedproto_lam1_count,ucr_001_p3,none,c604c97f8001290c,--fedproto-agg count,2026-07-31 19:51:05,0.5976597986833473,0.42647332157368334,0.9984296685976319,0.4932751078790017,0.819231436333568,0.544611819235226,64,0.0,1,0.05633802816901409,0.028985507246376812,1.0,0.286013254272759,0.041562910309231677,44174,621,1.0,1.0,1.0,1.0,1.0,1.0,0.28714155017102383,0.5614952070936268,0.182546749777382,0.6602254428341385,7,55.634671958778064,0.99,True,0.4592475787256536,0.8321381369949274
ucr001_proto_count,ucr_split,ucr_001,seed0,federated_enc_fedproto_lam1_count,ucr_001_p4,none,c604c97f8001290c,--fedproto-agg count,2026-07-31 19:51:05,0.6103497536777154,0.4395214450629212,0.9983947088355092,0.17573796504755454,0.8407944224665058,0.35468644639244773,64,6.0,1,0.13333333333333333,0.07142857142857142,1.0,0.3212221304706854,0.031964504006881875,44174,621,0.0,0.0,0.0,0.0,1.0,1.0,0.3214472556116669,0.2149635309529265,0.21599111604664076,0.6264090177133655,7,51.932032992082924,0.99,True,0.19245751848490902,0.8517223367837651
ucr001_proto_count,ucr_split_w2p,ucr_001,seed0,federated_enc_fedproto_lam1_count,ucr_001_p0,none,c604c97f8001290c,--fedproto-agg count,2026-07-31 19:51:05,0.5801349555605975,0.4086289768574428,0.9997341260661604,0.35076682316992036,0.9445079832520015,0.5632716049382716,64,0.0,1,0.05,0.02564102564102564,1.0,0.18435561681598897,0.10522026531443836,44174,621,0.0,0.0,1.0,1.0,1.0,1.0,0.1875716799290394,0.42798948958717353,0.10322207215898128,0.8615136876006442,7,50.17990413752637,0.99,True,0.3741278911294318,0.9512410561052602
ucr001_proto_count,ucr_split_w2p,ucr_001,seed0,federated_enc_fedproto_lam1_count,ucr_001_p1,none,c604c97f8001290c,--fedproto-agg count,2026-07-31 19:51:05,0.634961316371448,0.4654672710454319,0.9985825928424336,0.3930400795697155,0.9341229424526505,0.5116629044394281,64,15.0,1,0.1111111111111111,0.058823529411764705,1.0,0.41232945932289033,0.02150586317743469,44174,621,1.0,1.0,1.0,1.0,1.0,1.0,0.4421711587225447,0.4724649043268795,0.3004418262150221,0.6570048309178744,7,63.913810007904665,0.99,True,0.3549318820353565,0.9391346022401479
ucr001_proto_count,ucr_split_w2p,ucr_001,seed0,federated_enc_fedproto_lam1_count,ucr_001_p2,none,c604c97f8001290c,--fedproto-agg count,2026-07-31 19:51:05,0.5742855047511061,0.4030197565683949,0.9986813429365733,0.386854983720512,0.9339400177617031,0.48716169326856346,64,31.0,1,0.05128205128205127,0.02631578947368421,1.0,0.2829922371206775,0.04101960429211753,44174,621,1.0,1.0,1.0,1.0,1.0,1.0,0.2964293806737557,0.4494016509044306,0.18120198825124265,0.6457326892109501,7,53.08425251956604,0.99,True,0.3407276832958953,0.9393941780059614
ucr001_proto_count,ucr_split_w2p,ucr_001,seed0,federated_enc_fedproto_lam1_count,ucr_001_p3,none,c604c97f8001290c,--fedproto-agg count,2026-07-31 19:51:05,0.5488683815182545,0.37826932573778377,0.999758283351658,0.2549236578338164,0.9551758318935943,0.4204081632653061,64,0.0,1,0.06666666666666667,0.034482758620689655,1.0,0.23692307692307693,0.07674197491737221,44174,621,0.0,0.0,1.0,0.0,1.0,1.0,0.24166407508923132,0.2876347826122286,0.13718503435988802,0.8679549114331723,7,45.22162385816443,0.99,True,0.27849557936959274,0.9600763950449417
ucr001_proto_count,ucr_split_w2p,ucr_001,seed0,federated_enc_fedproto_lam1_count,ucr_001_p4,none,c604c97f8001290c,--fedproto-agg count,2026-07-31 19:51:05,0.6650136025730973,0.49828991043998055,0.9994069062875267,0.5056586250703399,0.9669385311067118,0.5976027397260275,64,37.0,1,0.4,0.25,1.0,0.48625792811839325,0.0183592158283153,44174,621,1.0,1.0,1.0,1.0,1.0,1.0,0.5123679813319123,0.5840659426147518,0.3619197482297404,0.7407407407407407,7,44.84038808116869,0.99,True,0.4537064424925799,0.9694697706942953
ucr001_rep2,ucr_split,ucr_001,seed0,federated_cb_only,ucr_001_p0,none,c604c97f8001290c,,2026-08-01 02:56:36,0.37391647122259264,0.25562124518210527,0.6960151802656547,0.0392103666990804,0.7632812329692847,0.12639766650461837,64,621.0,1,0.0,0.0,0.0,0.0,0.011386788608683841,44174,621,0.0,0.0,0.0,0.0,0.0,0.0,0.0,0.04224944549546301,0.0,0.0,7,76.94023595826148,0.99,True,0.04082608396053524,0.7685876381764628
ucr001_rep2,ucr_split,ucr_001,seed0,federated_cb_only,ucr_001_p1,none,c604c97f8001290c,,2026-08-01 02:56:36,0.6359815802786212,0.4665921600637541,0.9984565399829137,0.5277313207596731,0.8374861393900725,0.5778251599147122,64,27.0,1,0.16666666666666669,0.09090909090909091,1.0,0.2986312733305682,0.032371983519717484,44174,621,1.0,1.0,1.0,1.0,1.0,1.0,0.30916881631552473,0.6105226599965687,0.2011173184357542,0.5797101449275363,7,63.052255432340196,0.99,True,0.4932204961840834,0.8488834833240612
ucr001_rep2,ucr_split,ucr_001,seed0,federated_cb_only,ucr_001_p2,none,c604c97f8001290c,,2026-08-01 02:56:36,0.7543819055351169,0.6066408781534128,0.9972522345938439,0.24443345948745432,0.8158518498104442,0.3315343099460293,64,45.0,1,0.2545454545454546,0.14583333333333334,1.0,0.32432432432432434,0.00769683524245031,44174,621,0.0,0.0,1.0,1.0,1.0,1.0,0.3265760471671524,0.2624540501793385,0.35361216730038025,0.2995169082125604,7,65.04783413542324,0.99,True,0.208880682457323,0.8276512648825656
ucr001_rep2,ucr_split,ucr_001,seed0,federated_cb_only,ucr_001_p3,none,c604c97f8001290c,,2026-08-01 02:56:36,0.7000702961717633,0.5390072944202366,0.9984090342496026,0.5653589401536232,0.8345291971210033,0.6036519871106337,64,5.0,1,0.21621621621621626,0.12121212121212122,1.0,0.45584725536992843,0.015235206229908996,44174,621,1.0,1.0,1.0,1.0,1.0,1.0,0.45631603305014656,0.6686125313504934,0.36208530805687206,0.6151368760064412,7,59.47425410127269,0.99,True,0.5312869281937087,0.8468558696718546
ucr001_rep2,ucr_split,ucr_001,seed0,federated_cb_only,ucr_001_p4,none,c604c97f8001290c,,2026-08-01 02:56:36,0.6977300722193206,0.5362713315028653,0.9982925975714377,0.5477754377247523,0.829105906542762,0.5815602836879433,64,23.0,1,0.2424242424242424,0.13793103448275862,1.0,0.43346007604562736,0.013922216688549826,44174,621,1.0,1.0,1.0,1.0,1.0,1.0,0.45875987040252214,0.6461097904813771,0.3573667711598746,0.5507246376811594,7,48.597505076322726,0.99,True,0.5151598522204213,0.8452497802636999
ucr001_rep2,ucr_split_w2p,ucr_001,seed0,federated_cb_only,ucr_001_p0,none,c604c97f8001290c,,2026-08-01 02:56:36,0.40593281477171894,0.2550840687118329,0.9933963975088519,0.07679377699701538,0.831586872787579,0.20928865373309818,64,284.0,1,0.15384615384615385,0.08333333333333333,1.0,0.024024024024024024,0.015733236745596957,44174,621,0.0,0.0,0.0,0.0,0.0,0.0,0.02431907962686586,0.09288410995949473,0.02250351617440225,0.02576489533011272,7,58.88028891774456,0.99,True,0.08109997822166014,0.840682451057028
ucr001_rep2,ucr_split_w2p,ucr_001,seed0,federated_cb_only,ucr_001_p1,none,c604c97f8001290c,,2026-08-01 02:56:36,0.5486759703548552,0.37819550052855644,0.9989974367035083,0.2135397029961411,0.9381696317745657,0.4699599465954606,64,0.0,1,0.11764705882352941,0.0625,1.0,0.2739064856711916,0.05070856159731969,44174,621,0.0,0.0,0.0,0.0,1.0,1.0,0.285298348350406,0.2663527707837477,0.16852264291017074,0.7310789049919485,7,54.661940768837276,0.99,True,0.2396923445595353,0.9429769731666859
ucr001_rep2,ucr_split_w2p,ucr_001,seed0,federated_cb_only,ucr_001_p2,none,c604c97f8001290c,,2026-08-01 02:56:36,0.8042446347661267,0.6729843534967882,0.9991139093300145,0.7493338564179003,0.9749450041181749,0.7148676171079429,64,0.0,1,0.2857142857142857,0.16666666666666666,1.0,0.6295793758480326,0.00880608502739168,44174,621,1.0,1.0,1.0,1.0,1.0,1.0,0.6855595571965933,0.8672271439535496,0.5439624853458382,0.7471819645732689,7,43.60230123559949,0.99,True,0.736327418098872,0.9782897141776685
ucr001_rep2,ucr_split_w2p,ucr_001,seed0,federated_cb_only,ucr_001_p3,none,c604c97f8001290c,,2026-08-01 02:56:36,0.6091459586171516,0.43815112512081766,0.999033133406632,0.5895509677641239,0.9210656628191239,0.6072727272727272,64,0.0,1,0.1111111111111111,0.058823529411764705,1.0,0.33430870519385514,0.03748811518087563,44174,621,1.0,1.0,1.0,1.0,1.0,1.0,0.3510673592472263,0.7088235927124498,0.216280170373876,0.7359098228663447,7,46.62563958500909,0.99,True,0.565701404670937,0.9299560865462514
ucr001_rep2,ucr_split_w2p,ucr_001,seed0,federated_cb_only,ucr_001_p4,none,c604c97f8001290c,,2026-08-01 02:56:36,0.5812883534077701,0.4098110012472201,0.9995162791165839,0.5588091184339946,0.9591291632773833,0.5341812400635929,64,0.0,1,0.11764705882352941,0.0625,1.0,0.32043147208121825,0.04586408294471861,44174,621,1.0,1.0,1.0,1.0,1.0,1.0,0.3317301594502434,0.6370842666380105,0.1995258790991703,0.8132045088566827,7,41.64649644541724,0.99,True,0.5343553195321837,0.9631922271546144
ucr001_repg4,ucr_split,ucr_001,seed0,federated_cb_only,ucr_001_p0,none,c604c97f8001290c,,2026-08-01 17:27:20,0.2258445884826381,0.2200277107790563,0.2319773798655855,0.09135447843812015,0.7853415569975184,0.24285714285714285,64,621.0,1,0.0,0.0,0.0,0.0,0.0010413365328021007,44174,621,0.0,0.0,0.0,0.0,0.0,0.0,0.0,0.10012322010902469,0.0,0.0,7,64.72608701033725,0.99,True,0.09395107546782124,0.7887139461234383
ucr001_repg4,ucr_split,ucr_001,seed0,federated_cb_only,ucr_001_p1,none,c604c97f8001290c,,2026-08-01 17:27:20,0.980787418619861,0.9648025347796527,0.9973109022871952,0.37153841911106966,0.8060805435859816,0.4537815126050421,64,62.0,1,0.8,0.6666666666666666,1.0,0.4215809284818068,0.0001811020057047132,44174,621,1.0,1.0,1.0,1.0,1.0,1.0,0.42415518567795996,0.4175728447101741,0.9545454545454546,0.27053140096618356,7,57.3681878177186,0.99,True,0.34205779075396764,0.8094570875151132
ucr001_repg4,ucr_split,ucr_001,seed0,federated_cb_only,ucr_001_p2,none,c604c97f8001290c,,2026-08-01 17:27:20,0.6758020213546397,0.5108202741071189,0.9981923556211254,0.45829891100459835,0.8301178978431583,0.49462365591397855,64,30.0,1,0.08888888888888888,0.046511627906976744,1.0,0.3328,0.02132476117172998,44174,621,1.0,1.0,1.0,1.0,1.0,1.0,0.3481212163617201,0.5231327711289047,0.24880382775119617,0.5024154589371981,7,56.21080970070301,0.99,True,0.42983013131298603,0.8411971830102979
ucr001_repg4,ucr_split,ucr_001,seed0,federated_cb_only,ucr_001_p3,none,c604c97f8001290c,,2026-08-01 17:27:20,0.6915149846535582,0.5289040278612746,0.9985039019228588,0.5709401836758056,0.8279784663590996,0.5829875518672201,64,0.0,1,0.125,0.06666666666666667,1.0,0.45010845986984815,0.018291302576176033,44174,621,1.0,1.0,1.0,1.0,1.0,1.0,0.4523743429622407,0.6539646615812946,0.339329517579722,0.6682769726247987,7,60.32818500161173,0.99,True,0.5406333139547675,0.8426654939292714
ucr001_repg4,ucr_split,ucr_001,seed0,federated_cb_only,ucr_001_p4,none,c604c97f8001290c,,2026-08-01 17:27:20,0.6846604321735955,0.5212494985406565,0.9973181818263518,0.1926621451555176,0.8460926403833997,0.3211678832116789,64,82.0,1,0.2222222222222222,0.125,1.0,0.27902439024390246,0.005908452936116268,44174,621,0.0,0.0,1.0,1.0,1.0,1.0,0.28914188228976617,0.20811935882180688,0.35396039603960394,0.23027375201288244,7,45.1652414722808,0.99,True,0.19257158099469626,0.8544427684530654
ucr001_repg4,ucr_split_w2p,ucr_001,seed0,federated_cb_only,ucr_001_p0,none,c604c97f8001290c,,2026-08-01 17:27:20,0.5680724262167527,0.3969409306035108,0.9985906812192743,0.6295400359295928,0.9109444010280819,0.6659505907626209,64,0.0,1,0.15384615384615385,0.08333333333333333,1.0,0.3248847926267281,0.03531489111241907,44174,621,1.0,1.0,1.0,1.0,1.0,1.0,0.34378687378857503,0.7494485219826909,0.21331316187594554,0.6811594202898551,7,45.695646467095514,0.99,True,0.5944377985567756,0.9207525765824813
ucr001_repg4,ucr_split_w2p,ucr_001,seed0,federated_cb_only,ucr_001_p1,none,c604c97f8001290c,,2026-08-01 17:27:20,0.6338781985306554,0.4641893218784906,0.9991139093300145,0.3398982631490158,0.9520028649695718,0.5328301886792454,64,0.0,1,0.08695652173913045,0.045454545454545456,1.0,0.37692932575142163,0.031172182731923757,44174,621,0.0,0.0,1.0,1.0,1.0,1.0,0.3969346831778009,0.4097968739510365,0.25203693644758285,0.7471819645732689,7,51.145182774685544,0.99,True,0.363913280875447,0.9571014757529482
ucr001_repg4,ucr_split_w2p,ucr_001,seed0,federated_cb_only,ucr_001_p2,none,c604c97f8001290c,,2026-08-01 17:27:20,0.4480872516188917,0.28914324857211704,0.9951010319151173,0.0752645096214101,0.896035783539942,0.16523165231652315,64,302.0,1,0.19999999999999998,0.1111111111111111,1.0,0.10154021677124929,0.02361117399375198,44174,621,0.0,0.0,0.0,0.0,1.0,0.0,0.10508140467990386,0.07800345020914916,0.07862190812720848,0.143317230273752,7,44.400560483418964,0.99,True,0.07643872027238284,0.8978422205749571
ucr001_repg4,ucr_split_w2p,ucr_001,seed0,federated_cb_only,ucr_001_p3,none,c604c97f8001290c,,2026-08-01 17:27:20,0.6038636782848007,0.43257010349079944,0.999758283351658,0.4785860993849885,0.9637766825626692,0.5606891151135474,64,0.0,1,0.0909090909090909,0.047619047619047616,1.0,0.3201663201663202,0.04996151582378775,44174,621,1.0,1.0,1.0,1.0,1.0,1.0,0.32837713746251807,0.5402006692963882,0.19628550619082302,0.8679549114331723,7,41.92715250176833,0.99,True,0.4357771790762287,0.9681448475557156
ucr001_repg4,ucr_split_w2p,ucr_001,seed0,federated_cb_only,ucr_001_p4,none,c604c97f8001290c,,2026-08-01 17:27:20,0.8471089838385297,0.7353613518358273,0.9989055527425978,0.7714420507110906,0.9786625529389815,0.7530120481927711,64,22.0,1,0.33333333333333337,0.2,1.0,0.6640190627482129,0.004980305156879613,44174,621,1.0,1.0,1.0,1.0,1.0,1.0,0.737591115246381,0.8899833773402683,0.6551724137931034,0.6731078904991948,7,37.35951489321696,0.99,True,0.7561574307715242,0.9818718363862827
ucr001_v1,ucr_split,ucr_001,seed0,centralized,ucr_001_p0,none,c604c97f8001290c,,2026-07-30 19:42:33,0.7914846827389883,0.6555826931449272,0.9984662819834642,0.5833208211475667,0.83249303898279,0.5936540429887411,64,4.0,1,0.24000000000000002,0.13636363636363635,1.0,0.5701624815361891,0.007855299497441934,44174,621,1.0,1.0,1.0,1.0,1.0,1.0,0.5718129826900683,0.6631788568987143,0.5266030013642565,0.6215780998389694,7,105.65070573210711,0.99,True,0.5473945250866435,0.8510261675427424
ucr001_v1,ucr_split,ucr_001,seed0,centralized,ucr_001_p1,none,c604c97f8001290c,,2026-07-30 19:42:33,0.815391196140808,0.6890454218251743,0.9984750713529643,0.5970410555713539,0.839894890845578,0.6193078324225865,64,5.0,1,0.19999999999999998,0.1111111111111111,1.0,0.5849495733126454,0.006587585457508942,44174,621,1.0,1.0,1.0,1.0,1.0,1.0,0.5857168494956981,0.6755815273723786,0.5643712574850299,0.607085346215781,7,105.85166840791696,0.99,True,0.5588456567241606,0.8576593714465198
ucr001_v1,ucr_split,ucr_001,seed0,centralized,ucr_001_p2,none,c604c97f8001290c,,2026-07-30 19:42:33,0.8469143429398527,0.7353339350527884,0.9984149657259525,0.6011502132304812,0.8317544504687837,0.6261510128913444,64,34.0,1,0.2758620689655173,0.16,1.0,0.6061615320566195,0.004889754154027256,44174,621,1.0,1.0,1.0,1.0,1.0,1.0,0.6487669855029823,0.6832621985325928,0.6275862068965518,0.5861513687600645,7,111.11236127297086,0.99,True,0.5620263468687546,0.850229468729427
ucr001_v1,ucr_split,ucr_001,seed0,centralized,ucr_001_p3,none,c604c97f8001290c,,2026-07-30 19:42:33,0.8290367663945098,0.7087923055899912,0.9984148039584155,0.5900567592426952,0.8251242870840076,0.6055612770339855,64,34.0,1,0.4117647058823529,0.25925925925925924,1.0,0.5870809484873263,0.005500973423280662,44174,621,1.0,1.0,1.0,1.0,1.0,1.0,0.6278624765022017,0.6684590266145252,0.5963455149501661,0.5780998389694042,7,111.73330518881482,0.99,True,0.5535769466709127,0.843958639885883
ucr001_v1,ucr_split,ucr_001,seed0,centralized,ucr_001_p4,none,c604c97f8001290c,,2026-07-30 19:42:33,0.8519906013757788,0.7430425549206885,0.9983768425097764,0.5950381728781702,0.8294405880070082,0.6085232903865213,64,36.0,1,0.4666666666666667,0.30434782608695654,1.0,0.5958549222797928,0.004346448136913116,44174,621,1.0,1.0,1.0,1.0,1.0,1.0,0.6404358353510897,0.6768902514328506,0.6424581005586593,0.5555555555555556,7,114.05579707741738,0.99,True,0.5568157315292951,0.8481576584500915
ucr001_v1,ucr_split,ucr_001,seed0,federated,ucr_001_p0,none,c604c97f8001290c,,2026-07-30 19:42:33,0.7649947444478989,0.6205140058645799,0.9971781091136415,0.22753464547414304,0.8057095177779979,0.30055865921787706,64,113.0,1,0.4,0.25,1.0,0.26229508196721313,0.002739167836283787,44174,621,1.0,1.0,1.0,1.0,1.0,1.0,0.26412446922207244,0.24853726468775034,0.48068669527896996,0.18035426731078905,7,63.506429500201826,0.99,True,0.20459741335890436,0.8127392849945342
ucr001_v1,ucr_split,ucr_001,seed0,federated,ucr_001_p1,none,c604c97f8001290c,,2026-07-30 19:42:33,,,,0.28624631362497677,0.6577133815790825,0.3996383363471972,64,621.0,1,0.0,0.0,0.0,0.0,0.0,44174,621,1.0,1.0,1.0,1.0,1.0,1.0,0.0,0.3077169653272338,0.0,0.0,7,131.87631019159528,0.99,True,0.2248857096970811,0.6585924947116084
ucr001_v1,ucr_split,ucr_001,seed0,federated,ucr_001_p2,none,c604c97f8001290c,,2026-07-30 19:42:33,0.6588384053104466,0.4918540281387697,0.9974841373449527,0.20987830476436714,0.7886462311571711,0.34572490706319703,64,52.0,1,0.19999999999999998,0.1111111111111111,1.0,0.32327919566898683,0.010481278580160276,44174,621,0.0,0.0,1.0,1.0,1.0,1.0,0.3238541462130285,0.23373314270470297,0.31101190476190477,0.3365539452495974,7,80.78152034646219,0.99,True,0.20270139617007119,0.7993227412147743
ucr001_v1,ucr_split,ucr_001,seed0,federated,ucr_001_p3,none,c604c97f8001290c,,2026-07-30 19:42:33,0.6126131547556352,0.441964855910794,0.9979246662960392,0.39475839496302956,0.7909894388513525,0.46376811594202905,64,33.0,1,0.15789473684210528,0.08571428571428572,1.0,0.3114382785956965,0.019694843120387558,44174,621,1.0,1.0,1.0,1.0,1.0,1.0,0.32602875936974146,0.4354487338994537,0.24017467248908297,0.4428341384863124,7,74.06374301346642,0.99,True,0.36523501693014115,0.8012871876868227
ucr001_v1,ucr_split,ucr_001,seed0,federated,ucr_001_p4,none,c604c97f8001290c,,2026-07-30 19:42:33,0.6463446749556574,0.4778196287290561,0.9985178858277078,0.4976915930392417,0.8481414844109012,0.5130023640661938,64,0.0,1,0.1111111111111111,0.058823529411764705,1.0,0.36936936936936937,0.026916285597862997,44174,621,1.0,1.0,1.0,1.0,1.0,1.0,0.37173971288607555,0.5720540696042034,0.2564102564102564,0.6602254428341385,7,52.50284074366095,0.99,True,0.46855413947747276,0.8642254295407464
ucr001_v1,ucr_split,ucr_001,seed0,federated_cb_only,ucr_001_p0,none,c604c97f8001290c,,2026-07-30 19:42:33,0.6581222071162686,0.4908819726243929,0.9982035355553364,0.4205911025312288,0.8392430256954146,0.4748338081671415,64,30.0,1,0.10256410256410257,0.05405405405405406,1.0,0.38561686298822073,0.01541630823561371,44174,621,1.0,1.0,1.0,1.0,1.0,1.0,0.40653658952446964,0.4813280771190765,0.31350806451612906,0.500805152979066,7,48.15995789094567,0.99,True,0.360955218357951,0.8458040195459412
ucr001_v1,ucr_split,ucr_001,seed0,federated_cb_only,ucr_001_p1,none,c604c97f8001290c,,2026-07-30 19:42:33,0.742626524820785,0.5915728332021684,0.9972726173034826,0.199846366248715,0.804692751042266,0.35980861244019136,64,56.0,1,0.37037037037037035,0.22727272727272727,1.0,0.3484251968503937,0.004935029655453434,44174,621,0.0,0.0,1.0,1.0,1.0,1.0,0.34898157569268873,0.22378982666547176,0.4481012658227848,0.28502415458937197,7,58.97793418619324,0.99,True,0.20860631329042603,0.8085163695554314
ucr001_v1,ucr_split,ucr_001,seed0,federated_cb_only,ucr_001_p2,none,c604c97f8001290c,,2026-07-30 19:42:33,0.657232286472101,0.48985997779541257,0.9983383058876732,0.483021841170292,0.8213609888636119,0.507399577167019,64,26.0,1,0.18181818181818182,0.1,1.0,0.32389791183294664,0.02682573459501064,44174,621,1.0,1.0,1.0,1.0,1.0,1.0,0.3371209265954649,0.5520732826035338,0.227509778357236,0.5619967793880838,7,51.28426436942548,0.99,True,0.45448431361203856,0.8360360407247106
ucr001_v1,ucr_split,ucr_001,seed0,federated_cb_only,ucr_001_p3,none,c604c97f8001290c,,2026-07-30 19:42:33,0.7177480747775029,0.5602668744095379,0.9983733195723082,0.5321887010633211,0.8474466403427173,0.5194805194805195,64,27.0,1,0.16666666666666669,0.09090909090909091,1.0,0.48020113136392206,0.013310997419296419,44174,621,1.0,1.0,1.0,1.0,1.0,1.0,0.5105682874519198,0.6353122352644314,0.3938144329896907,0.6151368760064412,7,51.31957189589732,0.99,True,0.5007841428565264,0.8599829321747307
ucr001_v1,ucr_split,ucr_001,seed0,federated_cb_only,ucr_001_p4,none,c604c97f8001290c,,2026-07-30 19:42:33,0.9156902764479434,0.8458689646719405,0.9980752898469842,0.5322340134380672,0.8213655455767184,0.5866666666666667,64,37.0,1,0.3076923076923077,0.18181818181818182,1.0,0.5789473684210527,0.001833657807760221,44174,621,1.0,1.0,1.0,1.0,1.0,1.0,0.6303205649819675,0.62134759006035,0.779291553133515,0.4605475040257649,7,50.13775734997191,0.99,True,0.49652465446975746,0.8310176738368087
ucr001_v1,ucr_split,ucr_001,seed0,federated_cb_only_ema,ucr_001_p0,none,c604c97f8001290c,,2026-07-30 19:42:33,0.5772575859712369,0.405987770289236,0.9984729144524734,0.4426565619417801,0.8313170060105598,0.5077720207253885,64,5.0,1,0.09756097560975609,0.05128205128205128,1.0,0.21052631578947367,0.06329515099379726,44174,621,1.0,1.0,1.0,1.0,1.0,1.0,0.21070891482099835,0.5097180444345946,0.12570356472795496,0.6473429951690821,7,43.254684454862776,0.99,True,0.3908963702711568,0.840394349892342
ucr001_v1,ucr_split,ucr_001,seed0,federated_cb_only_ema,ucr_001_p1,none,c604c97f8001290c,,2026-07-30 19:42:33,0.7475599643630859,0.5976812684471777,0.9977669069993038,0.22446894071885276,0.7897359782100167,0.35374149659863946,64,73.0,1,0.163265306122449,0.08888888888888889,1.0,0.3411580594679186,0.009937972563046136,44174,621,0.0,0.0,1.0,1.0,1.0,1.0,0.3417411958046996,0.2377058737576746,0.3318112633181126,0.35104669887278583,7,57.805458019107334,0.99,True,0.21417681046853068,0.7964318631497324
ucr001_v1,ucr_split,ucr_001,seed0,federated_cb_only_ema,ucr_001_p2,none,c604c97f8001290c,,2026-07-30 19:42:33,0.7353458438994065,0.582140099417896,0.9979949093553582,0.4276783603514601,0.8178515177901007,0.483173076923077,64,52.0,1,0.07407407407407407,0.038461538461538464,1.0,0.3595505617977528,0.012382849640059763,44174,621,1.0,1.0,1.0,1.0,1.0,1.0,0.37905335373377425,0.48721946509585384,0.31880448318804483,0.41223832528180354,7,51.40581869111781,0.99,True,0.4019938511583696,0.827423524254046
ucr001_v1,ucr_split,ucr_001,seed0,federated_cb_only_ema,ucr_001_p3,none,c604c97f8001290c,,2026-07-30 19:42:33,0.9608874961399022,0.927208256717248,0.9971056372571488,0.32156491083880684,0.8211411365696494,0.34782608695652173,64,137.0,1,0.7272727272727273,0.5714285714285714,1.0,0.27755102040816326,0.0002716530085570698,44174,621,1.0,1.0,1.0,1.0,1.0,1.0,0.2804355106487871,0.3349561308523278,0.8947368421052632,0.1642512077294686,7,50.212908204632704,0.99,True,0.26451467524372574,0.8349996030264485
ucr001_v1,ucr_split,ucr_001,seed0,federated_cb_only_ema,ucr_001_p4,none,c604c97f8001290c,,2026-07-30 19:42:33,0.6166738095941442,0.4460888909768195,0.998502248299149,0.3248196361994126,0.8570059318197611,0.42965779467680615,64,20.0,1,0.1702127659574468,0.09302325581395349,1.0,0.35634328358208955,0.025829673563634716,44174,621,1.0,1.0,1.0,1.0,1.0,1.0,0.3697260403726802,0.3779174411340188,0.2508207485226527,0.6151368760064412,7,52.56159293758375,0.99,True,0.3053629039715401,0.8690546063268482
ucr001_v1,ucr_split,ucr_001,seed0,federated_fedavg_cb_only,ucr_001_p0,none,c604c97f8001290c,,2026-07-30 19:42:33,0.6920149419993695,0.5298433009636493,0.997247058032666,0.19410510528552077,0.821092726049606,0.367003367003367,64,56.0,1,0.6046511627906976,0.43333333333333335,1.0,0.28714859437751006,0.005251958165436682,44174,621,0.0,0.0,1.0,1.0,1.0,1.0,0.2900193967623349,0.21523468971906268,0.38133333333333336,0.23027375201288244,7,86.18419519205882,0.99,True,0.20098697253486877,0.8341038075513277
ucr001_v1,ucr_split,ucr_001,seed0,federated_fedavg_cb_only,ucr_001_p1,none,c604c97f8001290c,,2026-07-30 19:42:33,0.5778219755883194,0.4068867258715632,0.9964256024807232,0.048483220231139525,0.767672227533527,0.11075514874141877,64,163.0,1,0.1090909090909091,0.057692307692307696,1.0,0.03781094527363184,0.008262779010277539,44174,621,0.0,0.0,0.0,0.0,0.0,0.0,0.03814126533255921,0.05064706254509519,0.049479166666666664,0.030595813204508857,7,49.652032557477476,0.99,True,0.05052936256472448,0.7802226165922914
ucr001_v1,ucr_split,ucr_001,seed0,federated_fedavg_cb_only,ucr_001_p2,none,c604c97f8001290c,,2026-07-30 19:42:33,0.6290994598102458,0.4594296853021174,0.9974705129235186,0.12380176708989904,0.7960236954914129,0.3031784841075794,64,4.0,1,0.2711864406779661,0.1568627450980392,1.0,0.11993243243243243,0.01113777335083986,44174,621,0.0,0.0,0.0,0.0,0.0,0.0,0.12039460867167429,0.14496671548718776,0.1261101243339254,0.1143317230273752,7,56.438111088872006,0.99,True,0.13242444233694112,0.8136673207478199
ucr001_v1,ucr_split,ucr_001,seed0,federated_fedavg_cb_only,ucr_001_p3,none,c604c97f8001290c,,2026-07-30 19:42:33,0.767129724414987,0.62286346290163,0.9983699763765472,0.3715254654332747,0.8325398090861151,0.49416909620991256,64,38.0,1,0.5,0.3333333333333333,1.0,0.4790322580645161,0.007289355729614705,44174,621,1.0,1.0,1.0,1.0,1.0,1.0,0.48002601110907483,0.4015457920811517,0.4798061389337641,0.4782608695652174,7,81.0048044141134,0.99,True,0.35465239409307436,0.8476964406720381
ucr001_v1,ucr_split,ucr_001,seed0,federated_fedavg_cb_only,ucr_001_p4,none,c604c97f8001290c,,2026-07-30 19:42:33,0.9924995431486342,0.9879173526621274,0.9971244382397607,0.45946164926476907,0.8256599742768078,0.48075117370892023,64,98.0,1,0.9411764705882353,0.8888888888888888,1.0,0.18394160583941604,2.263775071308915e-05,44174,621,1.0,1.0,1.0,1.0,1.0,1.0,0.1861543835215168,0.4909431544543005,0.984375,0.10144927536231885,7,93.92864185671017,0.99,True,0.4122095893491404,0.8455553177608339
ucr001_v1,ucr_split,ucr_001,seed0,federated_fedavg_cb_sharedprior,ucr_001_p0,none,c604c97f8001290c,,2026-07-30 19:42:33,0.952421795709068,0.9108116850979409,0.998015795341778,0.5461419800069267,0.8328062856685833,0.5617977528089888,64,60.0,1,0.6153846153846153,0.4444444444444444,1.0,0.5191873589164786,0.0007923212749581202,44174,621,1.0,1.0,1.0,1.0,1.0,1.0,0.5224717374877735,0.5882672364858632,0.8679245283018868,0.37037037037037035,7,114.9215437618891,0.99,True,0.5204840365607007,0.8483812909949374
ucr001_v1,ucr_split,ucr_001,seed0,federated_fedavg_cb_sharedprior,ucr_001_p1,none,c604c97f8001290c,,2026-07-30 19:42:33,0.9269224830623916,0.8653230775817384,0.9979641555491926,0.5581889968960184,0.8226513771079628,0.5848375451263538,64,108.0,1,0.3846153846153846,0.23809523809523808,1.0,0.5147864184008762,0.0012903517906460815,44174,621,1.0,1.0,1.0,1.0,1.0,1.0,0.5453420608844969,0.5968698843371458,0.8047945205479452,0.3784219001610306,7,117.6039180668194,0.99,True,0.5206542200605951,0.8402844589326413
ucr001_v1,ucr_split,ucr_001,seed0,federated_fedavg_cb_sharedprior,ucr_001_p2,none,c604c97f8001290c,,2026-07-30 19:42:33,0.5823222433148165,0.41200654834989026,0.992675453519783,0.33032643846948817,0.8260888885680963,0.45924627519719546,64,386.0,1,0.33333333333333337,0.2,1.0,0.00315955766192733,0.0002490152578439806,44174,621,0.0,0.0,1.0,1.0,1.0,1.0,0.0031695357872300557,0.3339976295710438,0.08333333333333333,0.001610305958132045,7,121.48418796062474,0.99,True,0.3342459710291201,0.8419794784199006
ucr001_v1,ucr_split,ucr_001,seed0,federated_fedavg_cb_sharedprior,ucr_001_p3,none,c604c97f8001290c,,2026-07-30 19:42:33,,,,0.2832743533172553,0.8383716727883372,0.44717109747784595,64,621.0,1,0.0,0.0,0.0,0.0,0.0,44174,621,0.0,0.0,1.0,1.0,1.0,1.0,0.0,0.29404132502634606,0.0,0.0,7,187.17554441054665,0.99,True,0.29198596987148423,0.8570146264431673
ucr001_v1,ucr_split,ucr_001,seed0,federated_fedavg_cb_sharedprior,ucr_001_p4,none,c604c97f8001290c,,2026-07-30 19:42:33,,,,0.1878557377548458,0.8164262508377972,0.3762039660056657,64,621.0,1,0.0,0.0,0.0,0.0,0.0,44174,621,0.0,0.0,0.0,0.0,0.0,0.0,0.0,0.19728198002230735,0.0,0.0,7,160.56392497618995,0.99,True,0.19671105720092424,0.83266235650433
ucr001_v1,ucr_split,ucr_001,seed0,federated_shared,ucr_001_p0,none,c604c97f8001290c,,2026-07-30 19:42:33,0.7555677690211148,0.6080415615225103,0.9976140905995267,0.291915514487019,0.7532901473582693,0.4248888888888888,64,52.0,1,0.5454545454545454,0.375,1.0,0.41100917431192663,0.005546248924706841,44174,621,1.0,1.0,1.0,1.0,1.0,1.0,0.41185491441264704,0.3250945172203049,0.47761194029850745,0.3607085346215781,7,122.01870726299778,0.99,True,0.23847774659848023,0.7545498776756395
ucr001_v1,ucr_split,ucr_001,seed0,federated_shared,ucr_001_p1,none,c604c97f8001290c,,2026-07-30 19:42:33,0.7398382555213879,0.5881030554498511,0.9970971354743806,0.3137228230922931,0.785322929154339,0.3723404255319149,64,69.0,1,0.33333333333333337,0.2,1.0,0.31611570247933884,0.004391723638339295,44174,621,1.0,1.0,1.0,1.0,1.0,1.0,0.3327791633048472,0.3443848293060353,0.4409221902017291,0.2463768115942029,7,128.78397771259142,0.99,True,0.24623864633565862,0.8025463966976846
ucr001_v1,ucr_split,ucr_001,seed0,federated_shared,ucr_001_p2,none,c604c97f8001290c,,2026-07-30 19:42:33,0.6191663632544733,0.448742823587648,0.9983011532767183,0.26456616104080044,0.8142329772316721,0.4267569856054192,64,17.0,1,0.1875,0.10344827586206896,1.0,0.3618190904547726,0.02304523022592475,44174,621,0.0,0.0,1.0,1.0,1.0,1.0,0.3786438437291623,0.3215470560625281,0.26231884057971017,0.5829307568438004,7,99.39879064507788,0.99,True,0.27631433540148637,0.8242092450063672
ucr001_v1,ucr_split,ucr_001,seed0,federated_shared,ucr_001_p3,none,c604c97f8001290c,,2026-07-30 19:42:33,0.6420005548490164,0.473171300813895,0.998140877596077,0.32914151518593193,0.8084469722901536,0.39659178931061195,64,40.0,1,0.23076923076923078,0.13043478260869565,1.0,0.3663929248262792,0.015212568479195908,44174,621,1.0,1.0,1.0,1.0,1.0,1.0,0.36670071830623774,0.36939126397669036,0.30145530145530147,0.4669887278582931,7,92.57409370094541,0.99,True,0.2715129803812059,0.8183099841130203
ucr001_v1,ucr_split,ucr_001,seed0,federated_shared,ucr_001_p4,none,c604c97f8001290c,,2026-07-30 19:42:33,0.6045028734895256,0.43347466361213993,0.9984386377088396,0.3595705561287682,0.85281284441916,0.499484004127967,64,13.0,1,0.1111111111111111,0.058823529411764705,1.0,0.3534100974313552,0.028025535382804365,44174,621,0.0,0.0,1.0,1.0,1.0,1.0,0.3536720101437298,0.4312618587665086,0.24373854612095297,0.642512077294686,7,63.48161517252527,0.99,True,0.3683241167903795,0.865286659685177
ucr001_v1,ucr_split,ucr_001,seed0,local,ucr_001_p0,none,c604c97f8001290c,,2026-07-30 19:42:33,0.6320176985985286,0.4623504403322589,0.9983958052599253,0.17894843865088714,0.8251130957966181,0.3770819453697536,64,4.0,1,0.17391304347826084,0.09523809523809523,1.0,0.31894593366651525,0.02782179562638656,44174,621,0.0,0.0,0.0,0.0,1.0,0.0,0.3193832672256799,0.19740578864281844,0.2221518987341772,0.5652173913043478,7,117.27206628004706,0.99,True,0.19286474832561046,0.8410638609541007
ucr001_v1,ucr_split,ucr_001,seed0,local,ucr_001_p1,none,c604c97f8001290c,,2026-07-30 19:42:33,0.6372553188162529,0.4679723372907428,0.9984214544015958,0.41710336315445246,0.8425312227804742,0.4869888475836431,64,5.0,1,0.14285714285714288,0.07692307692307693,1.0,0.30859199280251914,0.028500928147779235,44174,621,1.0,1.0,1.0,1.0,1.0,1.0,0.30892929370546035,0.4600122109911217,0.21410736579275905,0.5523349436392915,7,108.19219558278712,0.99,True,0.3918441907167972,0.856497804126381
ucr001_v1,ucr_split,ucr_001,seed0,local,ucr_001_p2,none,c604c97f8001290c,,2026-07-30 19:42:33,0.7781504082689985,0.6376100994797681,0.9981627701360591,0.5311872053451577,0.8427403212315053,0.5543237250554324,64,30.0,1,0.20689655172413793,0.11538461538461539,1.0,0.5041597337770383,0.006293294698238783,44174,621,1.0,1.0,1.0,1.0,1.0,1.0,0.5412750463692794,0.583557255926178,0.5215146299483648,0.48792270531400966,7,124.8084554958344,0.99,True,0.49481440924508624,0.8585733662564464
ucr001_v1,ucr_split,ucr_001,seed0,local,ucr_001_p3,none,c604c97f8001290c,,2026-07-30 19:42:33,0.7382066973061691,0.5856383163824743,0.9982732393895325,0.42959697034154537,0.8268136611279636,0.4818181818181818,64,39.0,1,0.3157894736842105,0.1875,1.0,0.4611837048424289,0.008602345270973876,44174,621,1.0,1.0,1.0,1.0,1.0,1.0,0.46187266465019133,0.4637590955560644,0.4411764705882353,0.4830917874396135,7,114.32648355325068,0.99,True,0.3704719384395975,0.8423912918442091
ucr001_v1,ucr_split,ucr_001,seed0,local,ucr_001_p4,none,c604c97f8001290c,,2026-07-30 19:42:33,0.6825503453349697,0.5185268922999237,0.9983562081617475,0.3146747329262128,0.8235959655080877,0.4358108108108108,64,32.0,1,0.20512820512820512,0.11428571428571428,1.0,0.4076923076923077,0.01405804319282836,44174,621,0.0,0.0,1.0,1.0,1.0,1.0,0.4293826170094965,0.3656694601337262,0.33865814696485624,0.5120772946859904,7,109.85990420937543,0.99,True,0.3155503196804859,0.8400372914511829
ucr001_v1,ucr_split_w2p,ucr_001,seed0,centralized,ucr_001_p0,none,c604c97f8001290c,,2026-07-30 19:42:33,0.5948605483870099,0.42340819128977836,0.9996546802314139,0.6400944076148739,0.9507934039499921,0.6076696165191741,64,0.0,1,0.09756097560975609,0.05128205128205128,1.0,0.3037015447391431,0.05181781138226106,44174,621,1.0,1.0,1.0,1.0,1.0,1.0,0.31252826098209535,0.7134567480955848,0.18540925266903915,0.8389694041867954,7,72.39600398143132,0.99,True,0.6054115629478269,0.9563596053955717
ucr001_v1,ucr_split_w2p,ucr_001,seed0,centralized,ucr_001_p1,none,c604c97f8001290c,,2026-07-30 19:42:33,0.7243965000820435,0.5681714749405744,0.9991139093300145,0.6686777383017115,0.9567920433519124,0.6339017051153462,64,0.0,1,0.16666666666666669,0.09090909090909091,1.0,0.544920728126835,0.013990129940689093,44174,621,1.0,1.0,1.0,1.0,1.0,1.0,0.586287861146747,0.7455660729004672,0.4288354898336414,0.7471819645732689,7,85.46033048331736,0.99,True,0.6505200003192204,0.9619314168776801
ucr001_v1,ucr_split_w2p,ucr_001,seed0,centralized,ucr_001_p2,none,c604c97f8001290c,,2026-07-30 19:42:33,0.6660530712898057,0.49945929823002666,0.9994017836488609,0.6441133492984995,0.9563669566996332,0.6070726915520628,64,0.0,1,0.11764705882352941,0.0625,1.0,0.46502835538752363,0.022705663965228415,44174,621,1.0,1.0,1.0,1.0,1.0,1.0,0.490065527582998,0.7183941114692067,0.3290969899665552,0.7922705314009661,7,80.41528356989228,0.99,True,0.6134990422004193,0.9614094633803667
ucr001_v1,ucr_split_w2p,ucr_001,seed0,centralized,ucr_001_p3,none,c604c97f8001290c,,2026-07-30 19:42:33,0.6534460983487103,0.48541829536383513,0.9993830905112735,0.636063740039546,0.9566825364225369,0.6106719367588933,64,0.0,1,0.13333333333333333,0.07142857142857142,1.0,0.45539033457249073,0.023565898492325803,44174,621,1.0,1.0,1.0,1.0,1.0,1.0,0.47957217659235507,0.7143647572676702,0.3200522534291313,0.789049919484702,7,81.23872849345207,0.99,True,0.6004829721186637,0.9616287932396876
ucr001_v1,ucr_split_w2p,ucr_001,seed0,centralized,ucr_001_p4,none,c604c97f8001290c,,2026-07-30 19:42:33,0.7142457312492211,0.5557918657012522,0.9990787878003552,0.6422537466842937,0.955351721019505,0.6118811881188119,64,0.0,1,0.35294117647058826,0.21428571428571427,1.0,0.5253348864298194,0.0146013492099425,44174,621,1.0,1.0,1.0,1.0,1.0,1.0,0.5669555143086911,0.7159943301016687,0.4114963503649635,0.7262479871175523,7,87.46858386456967,0.99,True,0.6212892161988197,0.9605681969153695
ucr001_v1,ucr_split_w2p,ucr_001,seed0,federated,ucr_001_p0,none,c604c97f8001290c,,2026-07-30 19:42:33,0.6368247341566394,0.46746815108079914,0.9986035866738779,0.5816634058537731,0.9249147001533317,0.5545023696682464,64,6.0,1,0.25,0.14285714285714285,1.0,0.43004115226337447,0.02048716439534568,44174,621,1.0,1.0,1.0,1.0,1.0,1.0,0.4619309759422294,0.6707359281929368,0.31594860166288735,0.6731078904991948,7,97.24535163303216,0.99,True,0.5532719421034987,0.9341942880163066
ucr001_v1,ucr_split_w2p,ucr_001,seed0,federated,ucr_001_p1,none,c604c97f8001290c,,2026-07-30 19:42:33,0.7421722191337529,0.5907920456435117,0.9978552500485751,0.3055437564268363,0.9066320371052055,0.450632911392405,64,71.0,1,0.6666666666666666,0.5,1.0,0.4362068965517241,0.006474396703943496,44174,621,0.0,0.0,1.0,1.0,1.0,1.0,0.4426062682069198,0.35797281677528237,0.46938775510204084,0.4074074074074074,7,105.19556191687782,0.99,True,0.3135894858613589,0.9162293392993732
ucr001_v1,ucr_split_w2p,ucr_001,seed0,federated,ucr_001_p2,none,c604c97f8001290c,,2026-07-30 19:42:33,0.1980659912690908,0.1961260934128894,0.20004464784016074,0.10718729054947523,0.9093023803467286,0.23244877393349012,64,621.0,1,0.0,0.0,0.0,0.0,0.00715352922533617,44174,621,0.0,0.0,0.0,0.0,1.0,0.0,0.0,0.1098573265334915,0.0,0.0,7,70.9034293148915,0.99,True,0.11435057379743326,0.9136258602287155
ucr001_v1,ucr_split_w2p,ucr_001,seed0,federated,ucr_001_p3,none,c604c97f8001290c,,2026-07-30 19:42:33,0.36765228687849166,0.22557716532825361,0.993196776368423,0.05117184253082653,0.85238557054459,0.1236316806181584,64,351.0,1,0.1,0.05263157894736842,1.0,0.016982364467668192,0.020306062389640965,44174,621,0.0,0.0,0.0,0.0,0.0,0.0,0.017132032940042452,0.05250139613836776,0.014285714285714285,0.020933977455716585,7,93.90093912700813,0.99,True,0.05282564673598194,0.8570972246362714
ucr001_v1,ucr_split_w2p,ucr_001,seed0,federated,ucr_001_p4,none,c604c97f8001290c,,2026-07-30 19:42:33,0.6427859991484726,0.4739309979518794,0.9985584355569359,0.23476757961306888,0.94629279309526,0.40243228302929795,64,105.0,1,0.4,0.25,1.0,0.3874488403819918,0.012699778150043011,44174,621,0.0,0.0,1.0,0.0,1.0,1.0,0.4026335683863625,0.25911328611989654,0.336094674556213,0.4573268921095008,7,44.56482989919683,0.99,True,0.24900005813673123,0.950070526390716
ucr001_v1,ucr_split_w2p,ucr_001,seed0,federated_cb_only,ucr_001_p0,none,c604c97f8001290c,,2026-07-30 19:42:33,0.6137633350523966,0.44303351352901243,0.9985825928424336,0.34459546572649596,0.9326645390826367,0.48428571428571426,64,15.0,1,0.18181818181818182,0.1,1.0,0.3617021276595745,0.027776520124960385,44174,621,0.0,0.0,1.0,1.0,1.0,1.0,0.3844633056142787,0.40028621432410766,0.24954128440366974,0.6570048309178744,7,54.519329957673584,0.99,True,0.3485003277718932,0.9400774434290996
ucr001_v1,ucr_split_w2p,ucr_001,seed0,federated_cb_only,ucr_001_p1,none,c604c97f8001290c,,2026-07-30 19:42:33,0.700737118103542,0.5397502818069436,0.9985732822219815,0.5355339734504128,0.9182138530348475,0.5664160401002506,64,22.0,1,0.06060606060606061,0.03125,1.0,0.35644444444444445,0.027799157875673473,44174,621,1.0,1.0,1.0,1.0,1.0,1.0,0.37878824010717405,0.6299552694664327,0.2461632903621854,0.6457326892109501,7,54.730130611521965,0.99,True,0.5170132913477284,0.9255313271078743
ucr001_v1,ucr_split_w2p,ucr_001,seed0,federated_cb_only,ucr_001_p2,none,c604c97f8001290c,,2026-07-30 19:42:33,0.755668614353951,0.6082375265096551,0.9974383391578633,0.3905121010759286,0.9659750232337688,0.4926423544465772,64,119.0,1,0.6666666666666666,0.5,1.0,0.3279742765273312,0.0035994023633811744,44174,621,1.0,1.0,1.0,1.0,1.0,1.0,0.3328544614165692,0.40930329178216085,0.49038461538461536,0.2463768115942029,7,47.86959726923302,0.99,True,0.36371374050454897,0.9693293816706982
ucr001_v1,ucr_split_w2p,ucr_001,seed0,federated_cb_only,ucr_001_p3,none,c604c97f8001290c,,2026-07-30 19:42:33,0.6679744495919131,0.5015762825278598,0.9995883555413201,0.7562612150313552,0.962803842541284,0.769971126082772,64,0.0,1,0.1904761904761905,0.10526315789473684,1.0,0.4703720716582453,0.02363381174446507,44174,621,1.0,1.0,1.0,1.0,1.0,1.0,0.49171595365446535,0.9050274442902108,0.32904884318766064,0.8244766505636071,7,52.131416467064575,0.99,True,0.7410769916569996,0.9684024641936624
ucr001_v1,ucr_split_w2p,ucr_001,seed0,federated_cb_only,ucr_001_p4,none,c604c97f8001290c,,2026-07-30 19:42:33,0.9969333618292288,1.0,0.9938854746951535,0.3790872187992176,0.964618362153997,0.4180432020330368,64,343.0,1,1.0,1.0,1.0,0.1407185628742515,0.0,44174,621,1.0,1.0,1.0,1.0,1.0,1.0,0.14828760679922567,0.39059472506907655,1.0,0.07568438003220612,7,49.967041054150066,0.99,True,0.33351896775484946,0.9669374023499129
ucr001_v1,ucr_split_w2p,ucr_001,seed0,federated_cb_only_ema,ucr_001_p0,none,c604c97f8001290c,,2026-07-30 19:42:33,0.6201720568922489,0.44953933243687777,0.9995881218771002,0.5247339079540413,0.939257446781054,0.5127458120903133,64,0.0,1,0.5454545454545454,0.375,1.0,0.37928464977645304,0.035179064608140534,44174,621,1.0,1.0,1.0,1.0,1.0,1.0,0.3942105398210748,0.6014988394977963,0.2467280659234125,0.8196457326892109,7,36.85988076397916,0.99,True,0.4854876718696575,0.9478245731997539
ucr001_v1,ucr_split_w2p,ucr_001,seed0,federated_cb_only_ema,ucr_001_p1,none,c604c97f8001290c,,2026-07-30 19:42:33,0.915055679759863,0.8448789816341307,0.9979463431459724,0.6813230434548256,0.9493313552094932,0.697211155378486,64,22.0,1,0.5,0.3333333333333333,1.0,0.6728797763280522,0.0020600353148911123,44174,621,1.0,1.0,1.0,1.0,1.0,1.0,0.7768958193812641,0.8370387265522402,0.7986725663716814,0.5813204508856683,7,55.03021385957707,0.99,True,0.6514535701723239,0.9558498353024066
ucr001_v1,ucr_split_w2p,ucr_001,seed0,federated_cb_only_ema,ucr_001_p2,none,c604c97f8001290c,,2026-07-30 19:42:33,0.7380457716643369,0.585329439049497,0.9985825928424336,0.35100313088546337,0.9631200784308751,0.5876211782252052,64,15.0,1,0.25,0.14285714285714285,1.0,0.5364891518737672,0.01113777335083986,44174,621,0.0,0.0,1.0,1.0,1.0,1.0,0.5881338698821406,0.41245559428189416,0.4533333333333333,0.6570048309178744,7,40.37203488306375,0.99,True,0.38219346811544114,0.9685179796452417
ucr001_v1,ucr_split_w2p,ucr_001,seed0,federated_cb_only_ema,ucr_001_p3,none,c604c97f8001290c,,2026-07-30 19:42:33,0.6155766410014737,0.4450469502131094,0.9979718844426183,0.27619048184158695,0.9531905266736498,0.3746747614917606,64,56.0,1,0.1904761904761905,0.10526315789473684,1.0,0.3110173958882446,0.022207633449540454,44174,621,0.0,0.0,1.0,1.0,1.0,1.0,0.3262864858827488,0.29923406457306895,0.23119122257053293,0.4750402576489533,7,30.579404143977055,0.99,True,0.27448280432158234,0.9559843589350443
ucr001_v1,ucr_split_w2p,ucr_001,seed0,federated_cb_only_ema,ucr_001_p4,none,c604c97f8001290c,,2026-07-30 19:42:33,0.9191045825751778,0.854379918598242,0.9944396543279377,0.3747890209403048,0.959310812088661,0.40597345132743357,64,326.0,1,0.5,0.3333333333333333,1.0,0.20891364902506965,0.0004980305156879612,44174,621,1.0,1.0,1.0,1.0,1.0,1.0,0.22698685124632298,0.39065886893547636,0.7731958762886598,0.12077294685990338,7,32.23555036286419,0.99,True,0.31526851429510466,0.9626277554828567
ucr001_v1,ucr_split_w2p,ucr_001,seed0,federated_fedavg_cb_only,ucr_001_p0,none,c604c97f8001290c,,2026-07-30 19:42:33,0.6670004325198001,0.5008778039747802,0.9980001398390486,0.22639415636130564,0.9213069498915394,0.3633187772925764,64,56.0,1,0.2631578947368421,0.15151515151515152,1.0,0.3425827107790822,0.021098383664599086,44174,621,0.0,0.0,1.0,1.0,1.0,1.0,0.3552616169063079,0.24310747696263546,0.2561851556264964,0.5169082125603864,7,94.36826053641114,0.99,True,0.23760298421597167,0.9276733420034939
ucr001_v1,ucr_split_w2p,ucr_001,seed0,federated_fedavg_cb_only,ucr_001_p1,none,c604c97f8001290c,,2026-07-30 19:42:33,0.5736552429855248,0.4023045966871782,0.9992647485710084,0.14429919370927477,0.8938776513052941,0.35714285714285715,64,0.0,1,0.06521739130434782,0.033707865168539325,1.0,0.1798520204894707,0.09453524697786028,44174,621,0.0,0.0,0.0,0.0,0.0,0.0,0.18422701703336936,0.17065848483549323,0.10193548387096774,0.7632850241545893,7,81.91011598050595,0.99,True,0.15697684258784622,0.9017361953079928
ucr001_v1,ucr_split_w2p,ucr_001,seed0,federated_fedavg_cb_only,ucr_001_p2,none,c604c97f8001290c,,2026-07-30 19:42:33,0.8965763913924096,0.8138847408631984,0.9979714710366908,0.6121803001787941,0.9601573400227341,0.5500982318271119,64,129.0,1,0.625,0.45454545454545453,1.0,0.5324947589098532,0.0017883823063340426,44174,621,1.0,1.0,1.0,1.0,1.0,1.0,0.5352828241760336,0.6313170801679813,0.7627627627627628,0.40901771336553944,7,86.37128422766928,0.99,True,0.5864736082577501,0.9642510649827684
ucr001_v1,ucr_split_w2p,ucr_001,seed0,federated_fedavg_cb_only,ucr_001_p3,none,c604c97f8001290c,,2026-07-30 19:42:33,0.5988137660853229,0.42753668861674554,0.9990448885143071,0.5500735228661391,0.9333194663440076,0.5460472697636511,64,0.0,1,0.125,0.06666666666666667,1.0,0.33726067746686306,0.03705799791732693,44174,621,1.0,1.0,1.0,1.0,1.0,1.0,0.35395356463590255,0.6234435965761518,0.21861575178997614,0.7375201288244766,7,85.24057046711444,0.99,True,0.5118195302084108,0.939432960554511
ucr001_v1,ucr_split_w2p,ucr_001,seed0,federated_fedavg_cb_only,ucr_001_p4,none,c604c97f8001290c,,2026-07-30 19:42:33,0.663621781875283,0.49671653192725196,0.9994561375412305,0.6277168291033783,0.973445298700564,0.6062992125984251,64,0.0,1,0.14285714285714288,0.07692307692307693,1.0,0.4628252788104089,0.02338479648662109,44174,621,1.0,1.0,1.0,1.0,1.0,1.0,0.4862451024125332,0.691853483319538,0.32527759634225994,0.8019323671497585,7,71.0126216583606,0.99,True,0.5970766726683104,0.9760989726061537
ucr001_v1,ucr_split_w2p,ucr_001,seed0,federated_fedavg_cb_sharedprior,ucr_001_p0,none,c604c97f8001290c,,2026-07-30 19:42:33,,,,0.034990476096677624,0.6850792507188853,0.11586772622404513,64,621.0,1,0.0,0.0,0.0,0.0,0.0,44174,621,0.0,0.0,0.0,0.0,0.0,0.0,0.0,0.03561698240784321,0.0,0.0,7,133.85044578512506,0.99,True,0.03862512483448245,0.7057513216806347
ucr001_v1,ucr_split_w2p,ucr_001,seed0,federated_fedavg_cb_sharedprior,ucr_001_p1,none,c604c97f8001290c,,2026-07-30 19:42:33,,,,0.010538703490684627,0.40853973238752006,0.029620652042176704,64,621.0,1,0.0,0.0,0.0,0.0,0.0,44174,621,0.0,0.0,0.0,0.0,0.0,0.0,0.0,0.01048847149344305,0.0,0.0,7,136.86017183462778,0.99,True,0.010694394078315303,0.4102539710268266
ucr001_v1,ucr_split_w2p,ucr_001,seed0,federated_fedavg_cb_sharedprior,ucr_001_p2,none,c604c97f8001290c,,2026-07-30 19:42:33,,,,0.01931439713446729,0.6550137660125632,0.049730776211507045,64,621.0,1,0.0,0.0,0.0,0.0,0.0,44174,621,0.0,0.0,0.0,0.0,0.0,0.0,0.0,0.019415910305336563,0.0,0.0,7,125.63807337125144,0.99,True,0.019838206394585476,0.6609976398695722
ucr001_v1,ucr_split_w2p,ucr_001,seed0,federated_fedavg_cb_sharedprior,ucr_001_p3,none,c604c97f8001290c,,2026-07-30 19:42:33,,,,0.012080720026270112,0.4794836361870679,0.029636329777328472,64,621.0,1,0.0,0.0,0.0,0.0,0.0,44174,621,0.0,0.0,0.0,0.0,0.0,0.0,0.0,0.012044959313460772,0.0,0.0,7,138.50924278239413,0.99,True,0.012313141594798831,0.4826826719645137
ucr001_v1,ucr_split_w2p,ucr_001,seed0,federated_fedavg_cb_sharedprior,ucr_001_p4,none,c604c97f8001290c,,2026-07-30 19:42:33,0.34726364642664426,0.34654501330433624,0.34798526621274695,0.0512854512832651,0.8651542461968031,0.13187500000000002,64,621.0,1,0.0,0.0,0.0,0.0,0.0014035405442115272,44174,621,0.0,0.0,0.0,0.0,0.0,0.0,0.0,0.05305442088122089,0.0,0.0,7,100.65719186633669,0.99,True,0.05339389349950805,0.8709871653107668
ucr001_v1,ucr_split_w2p,ucr_001,seed0,federated_shared,ucr_001_p0,none,c604c97f8001290c,,2026-07-30 19:42:33,,,,0.4383260174036163,0.8694784940274615,0.5152979066022544,64,621.0,1,0.0,0.0,0.0,0.0,0.0,44174,621,1.0,1.0,1.0,1.0,1.0,1.0,0.0,0.4706458696513946,0.0,0.0,7,136.798992463698,0.99,True,0.3871360318648517,0.8821205979046273
ucr001_v1,ucr_split_w2p,ucr_001,seed0,federated_shared,ucr_001_p1,none,c604c97f8001290c,,2026-07-30 19:42:33,0.4744633222882296,0.3115975548348684,0.994014888724605,0.13746075840997302,0.8977570181219385,0.2916874066699851,64,343.0,1,0.25,0.14285714285714285,1.0,0.10763209393346379,0.007832661746728845,44174,621,0.0,0.0,1.0,1.0,1.0,1.0,0.11127653275395821,0.15321497319275743,0.1371571072319202,0.08856682769726248,7,103.03554352003995,0.99,True,0.14237613066407748,0.9057768161412297
ucr001_v1,ucr_split_w2p,ucr_001,seed0,federated_shared,ucr_001_p2,none,c604c97f8001290c,,2026-07-30 19:42:33,0.3691830240576425,0.2266791133305617,0.9941892381809494,0.06859365357520056,0.8751330833629885,0.17410323709536307,64,318.0,1,0.3076923076923077,0.18181818181818182,1.0,0.04830917874396135,0.03624303889165573,44174,621,0.0,0.0,0.0,0.0,0.0,0.0,0.04875486631750925,0.0763034946495113,0.03321256038647343,0.08856682769726248,7,81.89889253520184,0.99,True,0.07189431651809654,0.8823410525815658
ucr001_v1,ucr_split_w2p,ucr_001,seed0,federated_shared,ucr_001_p3,none,c604c97f8001290c,,2026-07-30 19:42:33,0.41678293992409626,0.2637101795326042,0.9934243293702085,0.05208588319808023,0.853853707053799,0.13083791208791207,64,318.0,1,0.06060606060606061,0.03125,1.0,0.015342960288808664,0.03572237062525468,44174,621,0.0,0.0,0.0,0.0,0.0,0.0,0.015461585933600773,0.056179087691442725,0.010658307210031349,0.027375201288244767,7,79.47574028604117,0.99,True,0.05388243076967608,0.8604534265067693
ucr001_v1,ucr_split_w2p,ucr_001,seed0,federated_shared,ucr_001_p4,none,c604c97f8001290c,,2026-07-30 19:42:33,0.5567955297757151,0.38585643338702175,0.9996547521280968,0.20837905158083386,0.933051859696689,0.40023001725129387,64,0.0,1,0.0625,0.03225806451612903,1.0,0.2629462041226747,0.06415538552089464,44174,621,0.0,0.0,0.0,0.0,1.0,1.0,0.26925859166694993,0.24323018050631612,0.15579386356866248,0.8421900161030595,7,56.56843079992916,0.99,True,0.22857594651428,0.9408746281996846
ucr001_v1,ucr_split_w2p,ucr_001,seed0,local,ucr_001_p0,none,c604c97f8001290c,,2026-07-30 19:42:33,0.6094101552937968,0.4383315709265311,0.9995162791165839,0.4047235674175884,0.9383673931233876,0.5926573426573426,64,0.0,1,0.05,0.02564102564102564,1.0,0.2337962962962963,0.07230497577760674,44174,621,0.0,0.0,1.0,1.0,1.0,1.0,0.23998174094346053,0.46543024082649187,0.13652338469856717,0.8132045088566827,7,78.91012968614696,0.99,True,0.4353668087962629,0.9448583195208441
ucr001_v1,ucr_split_w2p,ucr_001,seed0,local,ucr_001_p1,none,c604c97f8001290c,,2026-07-30 19:42:33,0.6447843450065246,0.4760995862326787,0.9985906093225911,0.24158776872403698,0.9156945010388213,0.47029393370856787,64,0.0,1,0.09523809523809523,0.05,1.0,0.3415821501014199,0.032213519264725855,44174,621,0.0,0.0,1.0,1.0,1.0,1.0,0.3493938980080775,0.2788147801865842,0.22830802603036876,0.677938808373591,7,84.81881040195623,0.99,True,0.2659352386534819,0.9219532498017954
ucr001_v1,ucr_split_w2p,ucr_001,seed0,local,ucr_001_p2,none,c604c97f8001290c,,2026-07-30 19:42:33,0.7243874835858987,0.5683416515381633,0.9985538521433929,0.572172200318613,0.9219012181880365,0.6312849162011173,64,32.0,1,0.08888888888888888,0.046511627906976744,1.0,0.3838582677165354,0.023113143478064018,44174,621,1.0,1.0,1.0,1.0,1.0,1.0,0.3861574793331872,0.6158260745675459,0.2763997165131113,0.6280193236714976,7,93.157424278458,0.99,True,0.54440375720247,0.9278522534036758
ucr001_v1,ucr_split_w2p,ucr_001,seed0,local,ucr_001_p3,none,c604c97f8001290c,,2026-07-30 19:42:33,0.554027980723443,0.3831953934594029,0.9997088184337343,0.4610839895060094,0.9519110380870496,0.5322834645669292,64,0.0,1,0.052631578947368425,0.02702702702702703,1.0,0.252616555661275,0.06909041517634808,44174,621,1.0,1.0,1.0,1.0,1.0,1.0,0.258284345732998,0.5156471704645275,0.1481998325425621,0.855072463768116,7,75.95022828340532,0.99,True,0.43470118166842914,0.9568706054934408
ucr001_v1,ucr_split_w2p,ucr_001,seed0,local,ucr_001_p4,none,c604c97f8001290c,,2026-07-30 19:42:33,0.7498524452388413,0.6003222565882569,0.9985825928424336,0.6898031571796804,0.9623794849631019,0.6826462128475552,64,15.0,1,0.2857142857142857,0.16666666666666666,1.0,0.5596707818930041,0.009711595055915245,44174,621,1.0,1.0,1.0,1.0,1.0,1.0,0.6161098110449597,0.7917358449587761,0.4874551971326165,0.6570048309178744,7,93.55220138400796,0.99,True,0.6596743585431347,0.9664727671913
ucr011_abl_fidelity_znorm,ucr_split_w2p,ucr_011,seed0,centralized,ucr_011_p0,zscore,,,,0.7370251474465381,0.5835628048780487,1.0,0.9992911981750086,0.9999890376748132,0.9850746268656717,64,0.0,1,0.047619047619047616,0.024390243902439025,1.0,0.33877321328081034,0.059647697852682875,19699,301,1.0,1.0,1.0,1.0,1.0,1.0,0.34676620549168513,0.9977752378696747,0.20392953929539295,1.0,7,54.46147483546907,0.99,True,0.9905130074719348,0.9999224520457684
ucr011_abl_fidelity_znorm,ucr_split_w2p,ucr_011,seed0,centralized,ucr_011_p1,zscore,,,,0.800545259789151,0.6674243161925603,1.0,0.9992911981750086,0.9999890376748132,0.9850746268656717,64,0.0,1,0.05714285714285715,0.029411764705882353,1.0,0.49547325102880657,0.03111833087974009,19699,301,1.0,1.0,1.0,1.0,1.0,1.0,0.5050132264127489,0.9977752378696747,0.3293216630196937,1.0,7,59.96862866214166,0.99,True,0.9905130074719348,0.9999224520457684
ucr011_abl_fidelity_znorm,ucr_split_w2p,ucr_011,seed0,centralized,ucr_011_p2,zscore,,,,0.9730333254876026,0.9474828635014838,1.0,0.9992911981750086,0.9999890376748132,0.9850746268656717,64,0.0,1,0.4,0.25,1.0,0.9435736677115988,0.0018275039342098584,19699,301,1.0,1.0,1.0,1.0,1.0,1.0,0.9451935749037579,0.9977752378696747,0.8931750741839762,1.0,7,83.4813634643952,0.99,True,0.9905130074719348,0.9999224520457684
ucr011_abl_fidelity_znorm,ucr_split_w2p,ucr_011,seed0,centralized,ucr_011_p3,zscore,,,,0.7735172304955388,0.6306792477876105,1.0,0.9992911981750086,0.9999890376748132,0.9850746268656717,64,0.0,1,0.052631578947368425,0.02702702702702703,1.0,0.4206848357791754,0.04208335448499924,19699,301,1.0,1.0,1.0,1.0,1.0,1.0,0.42938229188500215,0.9977752378696747,0.2663716814159292,1.0,7,57.761051460405184,0.99,True,0.9905130074719348,0.9999224520457684
ucr011_abl_fidelity_znorm,ucr_split_w2p,ucr_011,seed0,centralized,ucr_011_p4,zscore,,,,0.829434172638988,0.708575419896641,1.0,0.9992911981750086,0.9999890376748132,0.9850746268656717,64,0.0,1,0.07692307692307693,0.04,1.0,0.56,0.02401137113559064,19699,301,1.0,1.0,1.0,1.0,1.0,1.0,0.5701448527010087,0.9977752378696747,0.3888888888888889,1.0,7,61.87917957305905,0.99,True,0.9905130074719348,0.9999224520457684
ucr011_abl_znorm,ucr_split_w2p,ucr_011,seed0,centralized,ucr_011_p0,zscore,,,,0.8246553772091603,0.7016285787321062,1.0,0.9998329529614496,0.9999974702326492,0.9966777408637874,64,0.0,1,0.04878048780487806,0.025,1.0,0.47068021892103207,0.03436722676277983,19699,301,1.0,1.0,1.0,1.0,1.0,1.0,0.4788444164373231,0.9982359842971249,0.30777096114519426,1.0,7,65.85432784179847,0.99,True,0.9902129616641298,0.9999200001969082
ucr011_abl_znorm,ucr_split_w2p,ucr_011,seed0,centralized,ucr_011_p1,zscore,,,,0.8200594889549415,0.6950007066276799,1.0,0.9998329529614496,0.9999974702326492,0.9966777408637874,64,0.0,1,0.04878048780487806,0.025,1.0,0.45365486058779203,0.03680389867505965,19699,301,1.0,1.0,1.0,1.0,1.0,1.0,0.46231574091019484,0.9982359842971249,0.2933723196881092,1.0,7,65.30056894237798,0.99,True,0.9902129616641298,0.9999200001969082
ucr011_abl_znorm,ucr_split_w2p,ucr_011,seed0,centralized,ucr_011_p2,zscore,,,,0.9952315767799467,0.9905084134615385,1.0,0.9998329529614496,0.9999974702326492,0.9966777408637874,64,0.0,1,0.33333333333333337,0.2,1.0,0.9820554649265906,0.0005584039798974568,19699,301,1.0,1.0,1.0,1.0,1.0,1.0,0.9830200738553652,0.9982359842971249,0.9647435897435898,1.0,7,89.45077428321044,0.99,True,0.9902129616641298,0.9999200001969082
ucr011_abl_znorm,ucr_split_w2p,ucr_011,seed0,centralized,ucr_011_p3,zscore,,,,0.8207378121066379,0.6959756876227895,1.0,0.9998329529614496,0.9999974702326492,0.9966777408637874,64,0.0,1,0.05128205128205127,0.02631578947368421,1.0,0.4564063684609553,0.036397786689679676,19699,301,1.0,1.0,1.0,1.0,1.0,1.0,0.46482944119817415,0.9982359842971249,0.2956777996070727,1.0,7,65.42577151313424,0.99,True,0.9902129616641298,0.9999200001969082
ucr011_abl_znorm,ucr_split_w2p,ucr_011,seed0,centralized,ucr_011_p4,zscore,,,,0.7933278665966473,0.6574510545454544,1.0,0.9998329529614496,0.9999974702326492,0.9966777408637874,64,0.0,1,0.05128205128205127,0.02631578947368421,1.0,0.35918854415274465,0.05452053403726077,19699,301,1.0,1.0,1.0,1.0,1.0,1.0,0.3670708900450971,0.9982359842971249,0.21890909090909091,1.0,7,62.25678313950695,0.99,True,0.9902129616641298,0.9999200001969082
ucr011_cb128,ucr_split,ucr_011,seed0,federated_cb_only,ucr_011_p0,none,f321bb77e6ef3601,--codebook-size 128,2026-07-31 13:40:03,0.7647525483341439,0.6194156910569105,0.9992003322259136,0.2585075467117027,0.9588442268769567,0.35937499999999994,64,48.0,1,0.25,0.14285714285714285,1.0,0.3537117903930131,0.022996091172140718,19699,301,0.0,0.0,1.0,1.0,1.0,1.0,0.36859173872846057,0.26635473042323893,0.2634146341463415,0.5382059800664452,7,62.66200811545054,0.99,True,0.24476026892022085,0.9606359439212057
ucr011_cb128,ucr_split,ucr_011,seed0,federated_cb_only,ucr_011_p1,none,f321bb77e6ef3601,--codebook-size 128,2026-07-31 13:40:03,0.8003734568192371,0.6675504440497333,0.9991813122923588,0.3443316616280415,0.9707499866343957,0.42630937880633374,64,46.0,1,0.2222222222222222,0.125,1.0,0.4166666666666667,0.019442611300065995,19699,301,1.0,1.0,1.0,1.0,1.0,1.0,0.4307168306524244,0.35410901995322486,0.3197158081705151,0.5980066445182725,7,64.38230589623251,0.99,True,0.31567027785271295,0.973041608531229
ucr011_cb128,ucr_split,ucr_011,seed0,federated_cb_only,ucr_011_p2,none,f321bb77e6ef3601,--codebook-size 128,2026-07-31 13:40:03,0.9885111042293505,0.9778655172413793,0.9993910299003321,0.8676732494212632,0.9970477615016294,0.7558139534883722,64,4.0,1,0.8571428571428571,0.75,1.0,0.7073684210526315,0.0003045839890349764,19699,301,1.0,1.0,1.0,1.0,1.0,1.0,0.7086752219620183,0.880362186984517,0.9655172413793104,0.5581395348837209,7,80.65861684285103,0.99,True,0.8492457086686764,0.9972246487608015
ucr011_cb128,ucr_split,ucr_011,seed0,federated_cb_only,ucr_011_p3,none,f321bb77e6ef3601,--codebook-size 128,2026-07-31 13:40:03,0.7896314152397828,0.652424290393013,0.9999176079734219,0.41288498539266894,0.9805376565145978,0.42225609756097565,64,3.0,1,0.4444444444444445,0.2857142857142857,1.0,0.4075595727198028,0.03391035077922737,19699,301,1.0,1.0,1.0,1.0,1.0,1.0,0.40806175554398383,0.42510006066166267,0.27074235807860264,0.8239202657807309,7,63.582075183982944,0.99,True,0.35267676991366664,0.9805248892918152
ucr011_cb128,ucr_split,ucr_011,seed0,federated_cb_only,ucr_011_p4,none,f321bb77e6ef3601,--codebook-size 128,2026-07-31 13:40:03,0.7546257689295579,0.6059429769001492,1.0,0.5181099253494494,0.9841550551750692,0.44182389937106925,64,0.0,1,0.04081632653061225,0.020833333333333332,1.0,0.36640292148508824,0.052845322097568405,19699,301,1.0,1.0,1.0,1.0,1.0,1.0,0.3697578333815327,0.5431495845177484,0.22429210134128166,1.0,7,55.471720721783704,0.99,True,0.4807500989079556,0.9842811461155756
ucr011_cb128,ucr_split,ucr_011,seed0,federated_fedavg_cb_only,ucr_011_p0,none,f321bb77e6ef3601,--codebook-size 128,2026-07-31 13:40:03,0.7435973138234698,0.5918463260265516,1.0,0.18037103846957273,0.9661343417773033,0.34773869346733666,64,0.0,1,0.017094017094017096,0.008620689655172414,1.0,0.17005649717514124,0.14914462663079345,19699,301,0.0,0.0,0.0,0.0,0.0,0.0,0.17136660586956207,0.18124503128259029,0.09292991664093857,1.0,7,106.39704036871592,0.99,True,0.1872861089487477,0.9663669831870295
ucr011_cb128,ucr_split,ucr_011,seed0,federated_fedavg_cb_only,ucr_011_p1,none,f321bb77e6ef3601,--codebook-size 128,2026-07-31 13:40:03,0.7844906869199288,0.6454010799404168,0.9999993355481728,0.47789177566237434,0.9812868049527448,0.5144356955380577,64,0.0,1,0.04225352112676056,0.02158273381294964,1.0,0.25658747300215984,0.08716178486217574,19699,301,1.0,1.0,1.0,1.0,1.0,1.0,0.2593712859295838,0.49610828183403066,0.14746772591857002,0.9867109634551495,7,91.33508155306178,0.99,True,0.4272234967250995,0.9833294801023118
ucr011_cb128,ucr_split,ucr_011,seed0,federated_fedavg_cb_only,ucr_011_p2,none,f321bb77e6ef3601,--codebook-size 128,2026-07-31 13:40:03,0.9996384075041078,1.0,0.9992770764119601,0.9873293041894564,0.9997915471702951,0.9492635024549918,64,3.0,1,1.0,1.0,1.0,0.6160919540229886,0.0,19699,301,1.0,1.0,1.0,1.0,1.0,1.0,0.6183525642912509,0.9881400758130634,1.0,0.44518272425249167,7,94.6611626557509,0.99,True,0.9769655085644379,0.9997780006740505
ucr011_cb128,ucr_split,ucr_011,seed0,federated_fedavg_cb_only,ucr_011_p3,none,f321bb77e6ef3601,--codebook-size 128,2026-07-31 13:40:03,0.7874790735245568,0.6494560682046138,1.0,0.2803145500741436,0.9817979866087608,0.49786142001710865,64,0.0,1,0.10526315789473684,0.05555555555555555,1.0,0.4637904468412943,0.03533174272805726,19699,301,0.0,0.0,0.0,0.0,1.0,1.0,0.46430443632331586,0.27816324901132206,0.30190571715145437,1.0,7,80.30633881290753,0.99,True,0.28968990232257436,0.9818390554969187
ucr011_cb128,ucr_split,ucr_011,seed0,federated_fedavg_cb_only,ucr_011_p4,none,f321bb77e6ef3601,--codebook-size 128,2026-07-31 13:40:03,0.8045847936458691,0.6730590837696335,0.9999995016611297,0.4586541671279806,0.9847500564559747,0.48355263157894735,64,1.0,1,0.23529411764705882,0.13333333333333333,1.0,0.4745222929936306,0.033351946799329915,19699,301,1.0,1.0,1.0,1.0,1.0,1.0,0.4753458999628154,0.46778920464088614,0.31204188481675393,0.9900332225913622,7,104.17018903632952,0.99,True,0.3975865127349831,0.9845596023808777
ucr011_cb128,ucr_split_w2p,ucr_011,seed0,federated_cb_only,ucr_011_p0,none,f321bb77e6ef3601,--codebook-size 128,2026-07-31 13:40:03,0.7534184269011587,0.6044318285413747,0.9998789036544851,0.1364285131723197,0.9470634376266465,0.32412247946228523,64,27.0,1,0.03571428571428572,0.01818181818181818,1.0,0.17380272756105297,0.13086958728869486,19699,301,0.0,0.0,0.0,0.0,1.0,1.0,0.1743531707149958,0.13542596403723833,0.09607293127629733,0.9102990033222591,7,42.427246562510064,0.99,True,0.14292275022204526,0.9493722439357757
ucr011_cb128,ucr_split_w2p,ucr_011,seed0,federated_cb_only,ucr_011_p1,none,f321bb77e6ef3601,--codebook-size 128,2026-07-31 13:40:03,0.7849790816368111,0.6460621951219514,1.0,0.2353501023578639,0.9717814571088909,0.3786488740617181,64,0.0,1,0.06666666666666667,0.034482758620689655,1.0,0.21484653818700927,0.11168079597949135,19699,301,0.0,0.0,1.0,1.0,1.0,1.0,0.2201531561741602,0.23859744713972653,0.12035185925629747,1.0,7,39.12208887526966,0.99,True,0.2354069033297118,0.9720053710706333
ucr011_cb128,ucr_split_w2p,ucr_011,seed0,federated_cb_only,ucr_011_p2,none,f321bb77e6ef3601,--codebook-size 128,2026-07-31 13:40:03,0.8390746246783671,0.7227636181575433,1.0,0.7601362112558295,0.9965628894260615,0.7828571428571428,64,0.0,1,0.1111111111111111,0.058823529411764705,1.0,0.5733333333333334,0.022742271181278237,19699,301,1.0,1.0,1.0,1.0,1.0,1.0,0.5801074770267105,0.7742337306306215,0.40186915887850466,1.0,7,58.4480131970183,0.99,True,0.7073472093918649,0.9964962348811213
ucr011_cb128,ucr_split_w2p,ucr_011,seed0,federated_cb_only,ucr_011_p3,none,f321bb77e6ef3601,--codebook-size 128,2026-07-31 13:40:03,0.7809192086859507,0.6405803571428571,1.0,0.4576172275285881,0.9844646986988057,0.48795180722891557,64,0.0,1,0.0689655172413793,0.03571428571428571,1.0,0.26625386996904027,0.08421747296817098,19699,301,1.0,1.0,1.0,1.0,1.0,1.0,0.27158242890533013,0.4735425710998964,0.15357142857142858,1.0,7,57.040678911012755,0.99,True,0.39689456203140006,0.9843773980560527
ucr011_cb128,ucr_split_w2p,ucr_011,seed0,federated_cb_only,ucr_011_p4,none,f321bb77e6ef3601,--codebook-size 128,2026-07-31 13:40:03,0.5651167744247114,0.3938416481230651,1.0,0.5246716815730498,0.9844851054887688,0.4917647058823529,64,0.0,1,0.00900900900900901,0.004524886877828055,1.0,0.05659490457835856,0.509416721660998,19699,301,1.0,1.0,1.0,1.0,1.0,1.0,0.058183911386841244,0.5464730957054958,0.029121517027863777,1.0,7,44.796969080325034,0.99,True,0.48432335726249837,0.9844522285175357
ucr011_cb128,ucr_split_w2p,ucr_011,seed0,federated_fedavg_cb_only,ucr_011_p0,none,f321bb77e6ef3601,--codebook-size 128,2026-07-31 13:40:03,0.7605154400613381,0.6135739521426338,1.0,0.24533498443471116,0.9762996215973997,0.4238754325259515,64,0.0,1,0.023529411764705882,0.011904761904761904,1.0,0.17209834190966267,0.1470125387075486,19699,301,0.0,0.0,1.0,1.0,1.0,1.0,0.1750642441685466,0.24320527689596333,0.09415076634344698,1.0,7,66.27386109972993,0.99,True,0.24700349222175116,0.976786959239537
ucr011_cb128,ucr_split_w2p,ucr_011,seed0,federated_fedavg_cb_only,ucr_011_p1,none,f321bb77e6ef3601,--codebook-size 128,2026-07-31 13:40:03,0.7868198096181628,0.6485597241498962,1.0,0.4517619597944768,0.9879294680624461,0.5496688741721854,64,0.0,1,0.023255813953488372,0.011764705882352941,1.0,0.18912975180647187,0.13102187928321235,19699,301,1.0,1.0,1.0,1.0,1.0,1.0,0.19372587041622188,0.455286794422069,0.104441360166551,1.0,7,46.66634066025415,0.99,True,0.4062379723963896,0.9878401586249294
ucr011_cb128,ucr_split_w2p,ucr_011,seed0,federated_fedavg_cb_only,ucr_011_p2,none,f321bb77e6ef3601,--codebook-size 128,2026-07-31 13:40:03,0.9246414939499377,0.8598448691741617,1.0,0.9999779617361649,0.9999996626976866,0.9983416252072967,64,0.0,1,0.03773584905660378,0.019230769230769232,1.0,0.39501312335958005,0.046804406315041375,19699,301,1.0,1.0,1.0,1.0,1.0,1.0,0.4039193997027494,0.9983604645684943,0.24611610793131644,1.0,7,63.25415441277358,0.99,True,0.9944340017122687,0.9999544972973915
ucr011_cb128,ucr_split_w2p,ucr_011,seed0,federated_fedavg_cb_only,ucr_011_p3,none,f321bb77e6ef3601,--codebook-size 128,2026-07-31 13:40:03,0.7766968333652782,0.6349177003293084,1.0,0.5769136603206315,0.9901084410072589,0.5703022339027595,64,0.0,1,0.08333333333333333,0.043478260869565216,1.0,0.2835609985869053,0.07721204122036651,19699,301,1.0,1.0,1.0,1.0,1.0,1.0,0.28851001539503507,0.591679432900326,0.16520307354555433,1.0,7,53.73184754256159,0.99,True,0.5186217039956186,0.9900794980231428
ucr011_cb128,ucr_split_w2p,ucr_011,seed0,federated_fedavg_cb_only,ucr_011_p4,none,f321bb77e6ef3601,--codebook-size 128,2026-07-31 13:40:03,0.527861190572783,0.3585675394144146,1.0,0.41800288624857523,0.9738185944309026,0.4434389140271493,64,0.0,1,0.010928961748633882,0.005494505494505495,1.0,0.059787466481279174,0.4805827706990203,19699,301,1.0,1.0,1.0,1.0,1.0,1.0,0.06130020786539393,0.44193443435152885,0.030814905814905817,1.0,7,76.4725895668069,0.99,True,0.35106254947370885,0.9736690522261172
ucr011_cb128base,ucr_split,ucr_011,seed0,centralized,ucr_011_p0,none,f321bb77e6ef3601,--codebook-size 128,2026-08-02 14:18:52,0.9374068218482037,0.8821878787878789,1.0,0.9974794836180048,0.9999649205594023,0.9884297520661156,64,0.0,1,0.1,0.05263157894736842,1.0,0.8637015781922525,0.004822579826387126,19699,301,1.0,1.0,1.0,1.0,1.0,1.0,0.8665951077511973,0.9963453988794359,0.76010101010101,1.0,7,115.84359037995337,0.99,True,0.990786496709723,0.9999245111153505
ucr011_cb128base,ucr_split,ucr_011,seed0,centralized,ucr_011_p1,none,f321bb77e6ef3601,--codebook-size 128,2026-08-02 14:18:52,0.9516465227513432,0.9077534852546916,1.0,0.9971166324829084,0.9999598610247008,0.9867986798679867,64,0.0,1,0.16666666666666669,0.09090909090909091,1.0,0.8931750741839762,0.003655007868419717,19699,301,1.0,1.0,1.0,1.0,1.0,1.0,0.8958527616051595,0.9960761254252074,0.806970509383378,1.0,7,115.1973697602749,0.99,True,0.9903758796365179,0.999921155732873
ucr011_cb128base,ucr_split,ucr_011,seed0,centralized,ucr_011_p2,none,f321bb77e6ef3601,--codebook-size 128,2026-08-02 14:18:52,0.9999049865329531,0.9999340611353712,0.9998759136212625,0.9980234608852543,0.9999726785126115,0.9901315789473684,64,3.0,1,1.0,1.0,1.0,0.8603773584905661,5.076399817249606e-05,19699,301,1.0,1.0,1.0,1.0,1.0,1.0,0.861509663322872,0.9968364404571639,0.9956331877729258,0.7574750830564784,7,131.10376241207123,0.99,True,0.9894652092541573,0.9999137146679855
ucr011_cb128base,ucr_split,ucr_011,seed0,centralized,ucr_011_p3,none,f321bb77e6ef3601,--codebook-size 128,2026-08-02 14:18:52,0.9732513521887594,0.9478985692771084,0.9999975913621263,0.9920748402605568,0.9998662596327216,0.9538461538461538,64,0.0,1,0.4615384615384615,0.3,1.0,0.9289099526066351,0.0019290319305548505,19699,301,1.0,1.0,1.0,1.0,1.0,1.0,0.9296712701936221,0.9908413495985533,0.8855421686746988,0.9767441860465116,7,117.92842140356699,0.99,True,0.9790974559781085,0.999799087309297
ucr011_cb128base,ucr_split,ucr_011,seed0,centralized,ucr_011_p4,none,f321bb77e6ef3601,--codebook-size 128,2026-08-02 14:18:52,0.9974285342282688,0.994870588235294,0.9999996677740864,0.9974375724839872,0.999965089210559,0.9900662251655629,64,0.0,1,0.6666666666666666,0.5,1.0,0.985172981878089,0.00035534798720747245,19699,301,1.0,1.0,1.0,1.0,1.0,1.0,0.9869967818112352,0.9964182771382598,0.9771241830065359,0.9933554817275747,7,120.75706564764175,0.99,True,0.9903758796365179,0.999921155732873
ucr011_cb128base,ucr_split,ucr_011,seed0,local,ucr_011_p0,none,f321bb77e6ef3601,--codebook-size 128,2026-08-02 14:18:52,0.7452442287705894,0.5939356852213546,1.0,0.1723081970569042,0.9612948968352443,0.34510595358224017,64,0.0,1,0.015748031496062992,0.007936507936507936,1.0,0.1784761340053365,0.1406670389359866,19699,301,0.0,0.0,0.0,0.0,0.0,0.0,0.18005241958782398,0.1737636602693151,0.09798177083333333,1.0,7,120.58195586323738,0.99,True,0.18497114896477274,0.9624267862690415
ucr011_cb128base,ucr_split,ucr_011,seed0,local,ucr_011_p1,none,f321bb77e6ef3601,--codebook-size 128,2026-08-02 14:18:52,0.7861547297350763,0.6476850301866082,0.9999318936877077,0.4617720384106003,0.9729500409737987,0.4372230428360413,64,0.0,1,0.06060606060606061,0.03125,1.0,0.251530852567122,0.07893801715823139,19699,301,1.0,1.0,1.0,1.0,1.0,1.0,0.25524250068074683,0.48177563044931904,0.14654226125137212,0.8870431893687708,7,127.95954169273377,0.99,True,0.41959882698094675,0.9762211142541655
ucr011_cb128base,ucr_split,ucr_011,seed0,local,ucr_011_p2,none,f321bb77e6ef3601,--codebook-size 128,2026-08-02 14:18:52,0.9764709926597097,0.9540852272727275,0.9999324750830564,0.9623696895191902,0.9993296116520409,0.8859934853420196,64,2.0,1,0.5714285714285715,0.4,1.0,0.879045996592845,0.0014213919488298898,19699,301,1.0,1.0,1.0,1.0,1.0,1.0,0.8807950807952072,0.9628485454664201,0.9020979020979021,0.8571428571428571,7,128.82162611484526,0.99,True,0.9492735081742917,0.9993770973968555
ucr011_cb128base,ucr_split,ucr_011,seed0,local,ucr_011_p3,none,f321bb77e6ef3601,--codebook-size 128,2026-08-02 14:18:52,0.7579278295288787,0.6102123914759274,1.0,0.4343238201833559,0.9839519991823792,0.4808836023789295,64,0.0,1,0.05405405405405406,0.027777777777777776,1.0,0.38392857142857145,0.0490380222346312,19699,301,1.0,1.0,1.0,1.0,1.0,1.0,0.38495583541206724,0.4351519278487015,0.23756906077348067,1.0,7,117.11195577899615,0.99,True,0.3803479687870335,0.983881241254943
ucr011_cb128base,ucr_split,ucr_011,seed0,local,ucr_011_p4,none,f321bb77e6ef3601,--codebook-size 128,2026-08-02 14:18:52,0.7076923857552504,0.547619141104295,1.0,0.5244169915478544,0.9868308744275769,0.504186046511628,64,0.0,1,0.013071895424836602,0.006578947368421052,1.0,0.21922796795338675,0.10883801208183157,19699,301,1.0,1.0,1.0,1.0,1.0,1.0,0.22251877975889706,0.5410673341919117,0.12310838445807772,1.0,7,110.2252969205379,0.99,True,0.4751292048014696,0.9867577215411735
ucr011_cb128base,ucr_split_w2p,ucr_011,seed0,centralized,ucr_011_p0,none,f321bb77e6ef3601,--codebook-size 128,2026-08-02 14:18:52,0.7694384307565262,0.6252742243767311,1.0,0.996878722344312,0.9999443451182827,0.9798657718120807,64,0.0,1,0.042553191489361694,0.021739130434782608,1.0,0.2858499525166192,0.07634905325143408,19699,301,1.0,1.0,1.0,1.0,1.0,1.0,0.2929878885140179,0.9979117718169787,0.1667590027700831,1.0,7,83.0805194919308,0.99,True,0.982009582667896,0.9998359937053504
ucr011_cb128base,ucr_split_w2p,ucr_011,seed0,centralized,ucr_011_p1,none,f321bb77e6ef3601,--codebook-size 128,2026-08-02 14:18:52,0.7944997247699692,0.6590622508305646,1.0,0.9959604532412629,0.999927311351454,0.9813874788494078,64,0.0,1,0.07407407407407407,0.038461538461538464,1.0,0.4,0.04583989034976395,19699,301,1.0,1.0,1.0,1.0,1.0,1.0,0.40769828674734776,0.997821013654004,0.25,1.0,7,89.63271489726999,0.99,True,0.979813055952867,0.9998094523419884
ucr011_cb128base,ucr_split_w2p,ucr_011,seed0,centralized,ucr_011_p2,none,f321bb77e6ef3601,--codebook-size 128,2026-08-02 14:18:52,0.9213204022571505,0.8541186875000001,1.0,0.9973748859267239,0.9999541268853724,0.9832214765100672,64,0.0,1,0.16666666666666669,0.09090909090909091,1.0,0.8587731811697575,0.0050256358190771105,19699,301,1.0,1.0,1.0,1.0,1.0,1.0,0.8597073679041919,0.9979147075028052,0.7525,1.0,7,123.52161497513453,0.99,True,0.9831387505503523,0.9998492643870313
ucr011_cb128base,ucr_split_w2p,ucr_011,seed0,centralized,ucr_011_p3,none,f321bb77e6ef3601,--codebook-size 128,2026-08-02 14:18:52,0.8255358069088751,0.702904193899782,1.0,0.9976229316990698,0.9999605356293277,0.9815126050420169,64,0.0,1,0.08695652173913045,0.045454545454545456,1.0,0.4938474159146842,0.03132138687243007,19699,301,1.0,1.0,1.0,1.0,1.0,1.0,0.5008325218203925,0.9980537340503417,0.32788671023965144,1.0,7,93.36324772198996,0.99,True,0.982073102312424,0.999836640322459
ucr011_cb128base,ucr_split_w2p,ucr_011,seed0,centralized,ucr_011_p4,none,f321bb77e6ef3601,--codebook-size 128,2026-08-02 14:18:52,0.8018143742240658,0.6691904467680607,1.0,0.9965321804142588,0.999936924467387,0.9798657718120807,64,0.0,1,0.07407407407407407,0.038461538461538464,1.0,0.4449371766444937,0.03812376262754454,19699,301,1.0,1.0,1.0,1.0,1.0,1.0,0.45259232097579627,0.9978272328940635,0.28612167300380226,1.0,7,93.11906894713634,0.99,True,0.982009582667896,0.9998359937053501
ucr011_cb128base,ucr_split_w2p,ucr_011,seed0,local,ucr_011_p0,none,f321bb77e6ef3601,--codebook-size 128,2026-08-02 14:18:52,0.7505593163209348,0.6007167848699764,0.9999985049833887,0.5391977882692074,0.9822636324524627,0.4663461538461538,64,0.0,1,0.01904761904761905,0.009615384615384616,1.0,0.20993307502641775,0.11371135590639118,19699,301,1.0,1.0,1.0,1.0,1.0,1.0,0.21234975788593846,0.6012776361982479,0.11741528762805359,0.9900332225913622,7,119.29461026251316,0.99,True,0.5048785397277937,0.9831024986183645
ucr011_cb128base,ucr_split_w2p,ucr_011,seed0,local,ucr_011_p1,none,f321bb77e6ef3601,--codebook-size 128,2026-08-02 14:18:52,0.7351860645011323,0.5812602501182598,1.0,0.4668411081087291,0.9860132536198021,0.5042735042735043,64,0.0,1,0.006756756756756757,0.003389830508474576,1.0,0.06874500399680256,0.4139804050967054,19699,301,1.0,1.0,1.0,1.0,1.0,1.0,0.07076121074718256,0.4800829064639816,0.03559602649006623,1.0,7,92.24512302021185,0.99,True,0.42965550849984036,0.9859485104207246
ucr011_cb128base,ucr_split_w2p,ucr_011,seed0,local,ucr_011_p2,none,f321bb77e6ef3601,--codebook-size 128,2026-08-02 14:18:52,0.861693946568648,0.7569967180365297,1.0,0.9786828418133117,0.9996591560122704,0.9350649350649352,64,0.0,1,0.06060606060606061,0.03125,1.0,0.5114698385726423,0.029189298949185236,19699,301,1.0,1.0,1.0,1.0,1.0,1.0,0.5206062007448345,0.9805916883401222,0.3436073059360731,1.0,7,118.02978249887626,0.99,True,0.9621728738802744,0.9996116693211367
ucr011_cb128base,ucr_split_w2p,ucr_011,seed0,local,ucr_011_p3,none,f321bb77e6ef3601,--codebook-size 128,2026-08-02 14:18:52,0.785307038207899,0.6465066176470587,1.0,0.4741277953560976,0.9861179859881245,0.5054945054945055,64,0.0,1,0.046511627906976744,0.023809523809523808,1.0,0.23342380767739435,0.10036042438702472,19699,301,1.0,1.0,1.0,1.0,1.0,1.0,0.2394012977140099,0.48946077045071346,0.1321334503950834,1.0,7,98.07488401571909,0.99,True,0.429043517700415,0.9859764231339444
ucr011_cb128base,ucr_split_w2p,ucr_011,seed0,local,ucr_011_p4,none,f321bb77e6ef3601,--codebook-size 128,2026-08-02 14:18:52,0.6052301028279277,0.4339282802525674,1.0,0.4841716981399828,0.9834406488752064,0.46428571428571425,64,0.0,1,0.01129943502824859,0.005681818181818182,1.0,0.040916196560864544,0.716330778212092,19699,301,1.0,1.0,1.0,1.0,1.0,1.0,0.042168439874906274,0.5140895256039921,0.020885373300027755,1.0,7,100.43867326398686,0.99,True,0.42654201432351285,0.9835313421299335
ucr011_enc,ucr_split,ucr_011,seed0,federated_enc_commoninit,ucr_011_p0,none,f321bb77e6ef3601,,2026-07-31 19:08:22,0.7832309402988272,0.6438054606958763,0.9997390365448503,0.2049359140464176,0.9483279839997276,0.3462837837837838,64,39.0,1,0.06153846153846154,0.031746031746031744,1.0,0.27199136535348084,0.06599319762424488,19699,301,0.0,0.0,1.0,1.0,1.0,1.0,0.2735015186225971,0.2084496048102153,0.16237113402061856,0.8372093023255814,7,45.93236986968278,0.99,True,0.2109550143475678,0.9514895498087653
ucr011_enc,ucr_split,ucr_011,seed0,federated_enc_commoninit,ucr_011_p1,none,f321bb77e6ef3601,,2026-07-31 19:08:22,0.7663145034999866,0.6211951940298507,0.9999054817275749,0.30946948073556413,0.9686867083830925,0.35856573705179284,64,20.0,1,0.04166666666666667,0.02127659574468085,1.0,0.27125506072874495,0.07142494542870197,19699,301,1.0,1.0,1.0,1.0,1.0,1.0,0.2729669710912453,0.3205225317661822,0.16,0.8903654485049833,7,37.126146281318114,0.99,True,0.29384732639022565,0.969116068241862
ucr011_enc,ucr_split,ucr_011,seed0,federated_enc_commoninit,ucr_011_p2,none,f321bb77e6ef3601,,2026-07-31 19:08:22,0.8378553467906433,0.7210163524590164,0.999884219269103,0.7808390884641128,0.9944724583385264,0.6913229018492176,64,33.0,1,0.07692307692307693,0.04,1.0,0.5883644346871569,0.017361287374993654,19699,301,1.0,1.0,1.0,1.0,1.0,1.0,0.5916898274838732,0.816707651062232,0.43934426229508194,0.8903654485049833,7,39.5675338171045,0.99,True,0.7479657345687356,0.9950252402600903
ucr011_enc,ucr_split,ucr_011,seed0,federated_enc_commoninit,ucr_011_p3,none,f321bb77e6ef3601,,2026-07-31 19:08:22,0.7853453562280408,0.6465632464454977,0.9999887873754153,0.473870131962952,0.9816359128471536,0.42696629213483145,64,3.0,1,0.2608695652173913,0.15,1.0,0.4174041297935103,0.039189806589166966,19699,301,1.0,1.0,1.0,1.0,1.0,1.0,0.42145597326361317,0.48889786862931695,0.2682464454976303,0.9401993355481728,7,48.89667626841202,0.99,True,0.43392972456997275,0.9815988730400127
ucr011_enc,ucr_split,ucr_011,seed0,federated_enc_commoninit,ucr_011_p4,none,f321bb77e6ef3601,,2026-07-31 19:08:22,0.7531402141166104,0.604029597107438,1.0,0.3696459569539142,0.9781937427385137,0.42056792018419037,64,0.0,1,0.052631578947368425,0.02702702702702703,1.0,0.34341129492298916,0.05842936189654297,19699,301,1.0,1.0,1.0,1.0,1.0,1.0,0.34483355378309155,0.3811179810419413,0.20730027548209368,1.0,7,37.3490960985464,0.99,True,0.3070599771867631,0.9781345009499006
ucr011_enc,ucr_split,ucr_011,seed0,federated_enc_fedavg,ucr_011_p0,none,f321bb77e6ef3601,,2026-07-31 19:08:22,0.7538926597644233,0.6050159247482778,0.9999514950166112,0.3714582373041092,0.9673965270341901,0.40909090909090917,64,2.0,1,0.05333333333333332,0.0273972602739726,1.0,0.2513711151736746,0.08183156505406365,19699,301,1.0,1.0,1.0,1.0,1.0,1.0,0.25367097849352355,0.3912428155276945,0.14573396926338103,0.9136212624584718,7,75.01027046114207,0.99,True,0.3192899769440724,0.9689581683861234
ucr011_enc,ucr_split,ucr_011,seed0,federated_enc_fedavg,ucr_011_p1,none,f321bb77e6ef3601,,2026-07-31 19:08:22,0.7832164751322598,0.6438201189296333,0.9996565614617942,0.4690021575660834,0.9749765532729371,0.42293906810035836,64,43.0,1,0.18181818181818182,0.1,1.0,0.3374045801526718,0.0400020305599269,19699,301,1.0,1.0,1.0,1.0,1.0,1.0,0.34220245963852436,0.4940575856672944,0.21902874132804756,0.7342192691029901,7,84.24025753038596,0.99,True,0.41748760683758623,0.9756741460420562
ucr011_enc,ucr_split,ucr_011,seed0,federated_enc_fedavg,ucr_011_p2,none,f321bb77e6ef3601,,2026-07-31 19:08:22,0.9624850620065355,0.9277650173611109,0.9999048172757474,0.9052483026231422,0.9974736056723457,0.8249566724436742,64,3.0,1,0.6086956521739131,0.4375,1.0,0.8217317487266553,0.002335143915934819,19699,301,1.0,1.0,1.0,1.0,1.0,1.0,0.8243311909974442,0.9094356571014988,0.8402777777777778,0.8039867109634552,7,71.7847142818609,0.99,True,0.8853168134008046,0.9977618896227642
ucr011_enc,ucr_split,ucr_011,seed0,federated_enc_fedavg,ucr_011_p3,none,f321bb77e6ef3601,,2026-07-31 19:08:22,0.8044104185995636,0.6728208605664491,0.999986710963455,0.4913582263627761,0.9846233994372784,0.4657070279424216,64,3.0,1,0.29629629629629634,0.17391304347826086,1.0,0.4561115668580804,0.032488958830397485,19699,301,1.0,1.0,1.0,1.0,1.0,1.0,0.4567586752002585,0.5118150048089932,0.3028322440087146,0.9235880398671097,7,73.31502924518554,0.99,True,0.4332328559438953,0.9846538199870196
ucr011_enc,ucr_split,ucr_011,seed0,federated_enc_fedavg,ucr_011_p4,none,f321bb77e6ef3601,,2026-07-31 19:08:22,0.7985452432952472,0.6647373658536586,0.999799169435216,0.4472263440188378,0.9805046008878807,0.4034782608695652,64,34.0,1,0.19354838709677416,0.10714285714285714,1.0,0.3815987933634992,0.039189806589166966,19699,301,1.0,1.0,1.0,1.0,1.0,1.0,0.385742271150481,0.4609775771183864,0.24682926829268292,0.840531561461794,7,75.31176553520136,0.99,True,0.3893884422851917,0.9807388261519688
ucr011_enc,ucr_split,ucr_011,seed0,federated_enc_fedproto_lam1_uniform,ucr_011_p0,none,f321bb77e6ef3601,,2026-07-31 19:08:22,0.7136229304297551,0.554754082073434,1.0,0.4363774499143554,0.9759778351903793,0.4065573770491804,64,0.0,1,0.008368200836820083,0.004201680672268907,1.0,0.08308032017664918,0.3372760038580639,19699,301,1.0,1.0,1.0,1.0,1.0,1.0,0.0854038659437309,0.45620627357328286,0.04334053275737941,1.0,7,57.39886853496233,0.99,True,0.39367587166885165,0.9775161126357382
ucr011_enc,ucr_split,ucr_011,seed0,federated_enc_fedproto_lam1_uniform,ucr_011_p1,none,f321bb77e6ef3601,,2026-07-31 19:08:22,0.785671567566414,0.6470534283513099,0.9998745016611297,0.24146554173066398,0.970069816519347,0.33788819875776394,64,3.0,1,0.19999999999999998,0.1111111111111111,1.0,0.30393996247654786,0.05355601807198335,19699,301,0.0,0.0,1.0,1.0,1.0,1.0,0.3049025840209422,0.24688967723858293,0.187211093990755,0.8073089700996677,7,79.35534821017801,0.99,True,0.24391327319280662,0.9707775769776463
ucr011_enc,ucr_split,ucr_011,seed0,federated_enc_fedproto_lam1_uniform,ucr_011_p2,none,f321bb77e6ef3601,,2026-07-31 19:08:22,0.9282954794039192,0.866561952191235,0.9994994186046512,0.7620498927937542,0.9931998167099229,0.6600790513833993,64,4.0,1,0.47058823529411764,0.3076923076923077,1.0,0.6413043478260869,0.0037565358647647087,19699,301,1.0,1.0,1.0,1.0,1.0,1.0,0.6422461686878361,0.7918255692218997,0.7051792828685259,0.5880398671096345,7,79.96938188903034,0.99,True,0.729719071334451,0.9934484170086574
ucr011_enc,ucr_split,ucr_011,seed0,federated_enc_fedproto_lam1_uniform,ucr_011_p3,none,f321bb77e6ef3601,,2026-07-31 19:08:22,0.7826298564160761,0.6428856995884774,1.0,0.36662894609826274,0.9847461774793702,0.48125544899738454,64,0.0,1,0.05405405405405406,0.027777777777777776,1.0,0.34223990903922685,0.05873394588557795,19699,301,0.0,0.0,1.0,1.0,1.0,1.0,0.34673636563888366,0.37135448360934886,0.20644718792866942,1.0,7,73.0389227416118,0.99,True,0.3651141867573464,0.9847246216203634
ucr011_enc,ucr_split,ucr_011,seed0,federated_enc_fedproto_lam1_uniform,ucr_011_p4,none,f321bb77e6ef3601,,2026-07-31 19:08:22,0.6767926311763934,0.5114788861689109,1.0,0.40720686381978843,0.983788070258048,0.46536412078152756,64,0.0,1,0.013793103448275862,0.006944444444444444,1.0,0.21875,0.10914259607086654,19699,301,1.0,1.0,1.0,1.0,1.0,1.0,0.22237259603855558,0.4117118286214386,0.12280701754385964,1.0,7,69.88838943179692,0.99,True,0.35434741953623244,0.9838560338791257
ucr011_enc,ucr_split,ucr_011,seed0,federated_enc_fedprox_mu0.01,ucr_011_p0,none,f321bb77e6ef3601,,2026-07-31 19:08:22,0.7356147106464286,0.581796321770335,1.0,0.43404953990931916,0.9747962651864043,0.4198895027624309,64,0.0,1,0.01652892561983471,0.008333333333333333,1.0,0.16515775034293553,0.15447484643890552,19699,301,1.0,1.0,1.0,1.0,1.0,1.0,0.16767766112814925,0.45814992935558496,0.09001196172248804,1.0,7,58.822560281604524,0.99,True,0.3770429454436501,0.9752302453381565
ucr011_enc,ucr_split,ucr_011,seed0,federated_enc_fedprox_mu0.01,ucr_011_p1,none,f321bb77e6ef3601,,2026-07-31 19:08:22,0.7816272632636571,0.6415726832350462,0.9999054817275747,0.3547009322219217,0.9744655402680777,0.3791748526522593,64,4.0,1,0.19999999999999998,0.1111111111111111,1.0,0.3400537634408602,0.04741357429311133,19699,301,1.0,1.0,1.0,1.0,1.0,1.0,0.3406922926027237,0.36112363466045766,0.21314237573715247,0.840531561461794,7,79.16872050410369,0.99,True,0.30868042462853035,0.9746341233662719
ucr011_enc,ucr_split,ucr_011,seed0,federated_enc_fedprox_mu0.01,ucr_011_p2,none,f321bb77e6ef3601,,2026-07-31 19:08:22,0.9181741851397056,0.8491161458333333,0.9994595514950165,0.8524497003340947,0.9968042292313267,0.7460815047021944,64,45.0,1,0.625,0.45454545454545453,1.0,0.6987060998151571,0.0025889639067972993,19699,301,1.0,1.0,1.0,1.0,1.0,1.0,0.7338658580398036,0.8711687218020607,0.7875,0.627906976744186,7,70.59053618293832,0.99,True,0.8344627914721839,0.9970763211745658
ucr011_enc,ucr_split,ucr_011,seed0,federated_enc_fedprox_mu0.01,ucr_011_p3,none,f321bb77e6ef3601,,2026-07-31 19:08:22,0.7818972751587311,0.6420348513011153,0.99966719269103,0.4719611247174521,0.9815875099651752,0.42203389830508475,64,42.0,1,0.3448275862068966,0.20833333333333334,1.0,0.3971119133574007,0.029798466927255192,19699,301,1.0,1.0,1.0,1.0,1.0,1.0,0.4037541152769353,0.4942329092050909,0.27261462205700127,0.7308970099667774,7,69.47248170244616,0.99,True,0.41636626148260414,0.9819615464910315
ucr011_enc,ucr_split,ucr_011,seed0,federated_enc_fedprox_mu0.01,ucr_011_p4,none,f321bb77e6ef3601,,2026-07-31 19:08:22,0.7945500875394059,0.6591335137385511,0.9999955149501661,0.41904674823497634,0.9796576347788368,0.40103270223752147,64,3.0,1,0.15384615384615385,0.08333333333333333,1.0,0.38881491344873503,0.046144474338798924,19699,301,1.0,1.0,1.0,1.0,1.0,1.0,0.390651740205064,0.4288670867352869,0.24313072439633637,0.9700996677740864,7,62.55508201678589,0.99,True,0.3723167519418045,0.9797366282109903
ucr011_enc,ucr_split_w2p,ucr_011,seed0,federated_enc_commoninit,ucr_011_p0,none,f321bb77e6ef3601,,2026-07-31 19:08:22,0.7535084696077625,0.604574524546661,0.9998056478405316,0.4600219076223513,0.9604037441231396,0.4672036823935558,64,32.0,1,0.05633802816901409,0.028985507246376812,1.0,0.1990632318501171,0.1018325803340271,19699,301,1.0,1.0,1.0,1.0,1.0,1.0,0.2000905366991018,0.5054326346141422,0.11278195488721804,0.8471760797342193,7,59.49496683462888,0.99,True,0.41413866948549716,0.9617508240867225
ucr011_enc,ucr_split_w2p,ucr_011,seed0,federated_enc_commoninit,ucr_011_p1,none,f321bb77e6ef3601,,2026-07-31 19:08:22,0.7715069837668905,0.6280297853309481,0.99995207641196,0.2834928161417472,0.9748396085336811,0.3959044368600682,64,17.0,1,0.06060606060606061,0.03125,1.0,0.2871587462082912,0.07071424945428702,19699,301,1.0,1.0,1.0,1.0,1.0,1.0,0.288102651469241,0.28659286648983245,0.1693500298151461,0.9435215946843853,7,50.49938578594867,0.99,True,0.25754063419621315,0.9750060740214246
ucr011_enc,ucr_split_w2p,ucr_011,seed0,federated_enc_commoninit,ucr_011_p2,none,f321bb77e6ef3601,,2026-07-31 19:08:22,0.8274393024289284,0.7056686311787074,1.0,0.739980151555077,0.996915876297075,0.7897574123989218,64,0.0,1,0.021276595744680854,0.010752688172043012,1.0,0.22563718140929534,0.10487842022437688,19699,301,1.0,1.0,1.0,1.0,1.0,1.0,0.23118628292633475,0.7423554603581362,0.1271651880016899,1.0,7,48.21043111234112,0.99,True,0.7130835027313542,0.9969322065718053
ucr011_enc,ucr_split_w2p,ucr_011,seed0,federated_enc_commoninit,ucr_011_p3,none,f321bb77e6ef3601,,2026-07-31 19:08:22,0.7713774192831979,0.6278392008985879,1.0,0.5441016669152755,0.9840396977838732,0.4708133971291866,64,0.0,1,0.0909090909090909,0.047619047619047616,1.0,0.32383001613770845,0.06381034570282755,19699,301,1.0,1.0,1.0,1.0,1.0,1.0,0.3281468292061442,0.6071176630761889,0.193196405648267,1.0,7,51.44575782455197,0.99,True,0.5166936042311405,0.9844027790784515
ucr011_enc,ucr_split_w2p,ucr_011,seed0,federated_enc_commoninit,ucr_011_p4,none,f321bb77e6ef3601,,2026-07-31 19:08:22,0.5689726942910318,0.397597370798699,1.0,0.5383922672941114,0.9773385127227904,0.5095238095238096,64,0.0,1,0.008230452674897118,0.004132231404958678,1.0,0.06998372471518252,0.4061119853799685,19699,301,1.0,1.0,1.0,1.0,1.0,1.0,0.07187286767362117,0.6100556550671358,0.03626069148295386,1.0,7,52.605687623195216,0.99,True,0.5095895237746625,0.9788296251268673
ucr011_enc,ucr_split_w2p,ucr_011,seed0,federated_enc_fedavg,ucr_011_p0,none,f321bb77e6ef3601,,2026-07-31 19:08:22,0.7414400896832956,0.589117835079237,1.0,0.1739411309766815,0.966858361193099,0.3371855880353501,64,0.0,1,0.00966183574879227,0.0048543689320388345,1.0,0.07770749967729444,0.3627087669424844,19699,301,0.0,0.0,0.0,0.0,0.0,0.0,0.07993103919396578,0.1708654411131407,0.04042438893365565,1.0,7,60.6584260259072,0.99,True,0.18347856824592312,0.9672475721674852
ucr011_enc,ucr_split_w2p,ucr_011,seed0,federated_enc_fedavg,ucr_011_p1,none,f321bb77e6ef3601,,2026-07-31 19:08:22,0.7811771613562063,0.6409275709219858,1.0,0.16992357223294624,0.96521536162434,0.32916666666666666,64,0.0,1,0.052631578947368425,0.02702702702702703,1.0,0.26461538461538464,0.08492816894258592,19699,301,0.0,0.0,0.0,0.0,1.0,1.0,0.26827033464136274,0.16951532086329268,0.1524822695035461,1.0,7,65.9758565447728,0.99,True,0.17760132875930842,0.9652441850734127
ucr011_enc,ucr_split_w2p,ucr_011,seed0,federated_enc_fedavg,ucr_011_p2,none,f321bb77e6ef3601,,2026-07-31 19:08:22,0.8907398437282763,0.8031502469135801,0.9997725913621263,0.8182572370786063,0.9963363909225876,0.7320644216691068,64,35.0,1,0.25,0.14285714285714285,1.0,0.7195467422096318,0.007665363724046906,19699,301,1.0,1.0,1.0,1.0,1.0,1.0,0.7313058075747649,0.8440304289123626,0.6271604938271605,0.8438538205980066,7,79.09717171395819,0.99,True,0.7804617245770562,0.9962783288763606
ucr011_enc,ucr_split_w2p,ucr_011,seed0,federated_enc_fedavg,ucr_011_p3,none,f321bb77e6ef3601,,2026-07-31 19:08:22,0.8203522383848898,0.6954213495575219,1.0,0.24177086651844368,0.976197924949898,0.41604010025062654,64,0.0,1,0.031746031746031744,0.016129032258064516,1.0,0.19980086292731497,0.12239199959388801,19699,301,1.0,1.0,1.0,1.0,1.0,1.0,0.20408617983219565,0.23688463684681732,0.1109882005899705,1.0,7,56.199791082429385,0.99,True,0.2435424148722644,0.9762142461861139
ucr011_enc,ucr_split_w2p,ucr_011,seed0,federated_enc_fedavg,ucr_011_p4,none,f321bb77e6ef3601,,2026-07-31 19:08:22,0.6122902165843457,0.4412235352821961,1.0,0.21147484254764323,0.9402212601985462,0.30532212885154064,64,0.0,1,0.021276595744680854,0.010752688172043012,1.0,0.03630004823926676,0.8113102187928322,19699,301,1.0,1.0,1.0,1.0,1.0,1.0,0.037414580734077066,0.22718925552866925,0.018485537063194744,1.0,7,47.51603187611633,0.99,True,0.1865812718013327,0.9404801392127381
ucr011_enc,ucr_split_w2p,ucr_011,seed0,federated_enc_fedproto_lam1_uniform,ucr_011_p0,none,f321bb77e6ef3601,,2026-07-31 19:08:22,0.7511373565356639,0.6014620097123647,0.9999865448504983,0.5399414907056741,0.9770760915229351,0.502145922746781,64,0.0,1,0.017391304347826087,0.008771929824561403,1.0,0.19610476830087306,0.12107213564140312,19699,301,1.0,1.0,1.0,1.0,1.0,1.0,0.19893833096373686,0.5892193704641376,0.10907732536421368,0.9700996677740864,7,79.13754539077947,0.99,True,0.5102676299708051,0.9799160172011983
ucr011_enc,ucr_split_w2p,ucr_011,seed0,federated_enc_fedproto_lam1_uniform,ucr_011_p1,none,f321bb77e6ef3601,,2026-07-31 19:08:22,0.7669585328394198,0.6220054663737745,1.0,0.2667410720410164,0.9784173741723234,0.4192546583850932,64,0.0,1,0.028169014084507043,0.014285714285714285,1.0,0.18466257668711655,0.13493070714249455,19699,301,0.0,0.0,1.0,1.0,1.0,1.0,0.1890259420742233,0.2628201064391691,0.10172355525515377,1.0,7,66.02395056186486,0.99,True,0.2731628855781588,0.9787902852692455
ucr011_enc,ucr_split_w2p,ucr_011,seed0,federated_enc_fedproto_lam1_uniform,ucr_011_p2,none,f321bb77e6ef3601,,2026-07-31 19:08:22,0.8730998062187045,0.7747800657385923,1.0,0.9354879630892841,0.9985555028426996,0.875886524822695,64,0.0,1,0.04081632653061225,0.020833333333333332,1.0,0.37766624843161856,0.0503578861871161,19699,301,1.0,1.0,1.0,1.0,1.0,1.0,0.38522193336440436,0.9418414874102667,0.23279195668986852,1.0,7,81.20193247580436,0.99,True,0.9108334199678231,0.9984461453582215
ucr011_enc,ucr_split_w2p,ucr_011,seed0,federated_enc_fedproto_lam1_uniform,ucr_011_p3,none,f321bb77e6ef3601,,2026-07-31 19:08:22,0.7985857638134033,0.664704761904762,1.0,0.3135819227534264,0.9783725129646361,0.40853658536585363,64,0.0,1,0.023529411764705882,0.011904761904761904,1.0,0.2,0.12223970759937053,19699,301,0.0,0.0,1.0,1.0,1.0,1.0,0.2050837161733542,0.3196371527919412,0.1111111111111111,1.0,7,67.00271687202466,0.99,True,0.2923476024953721,0.9783540177808402
ucr011_enc,ucr_split_w2p,ucr_011,seed0,federated_enc_fedproto_lam1_uniform,ucr_011_p4,none,f321bb77e6ef3601,,2026-07-31 19:08:22,0.6055345587892706,0.4342413522012578,1.0,0.5825531488335397,0.9859962198529731,0.5103448275862068,64,0.0,1,0.008771929824561405,0.004405286343612335,1.0,0.0456752655538695,0.6385095690136555,19699,301,1.0,1.0,1.0,1.0,1.0,1.0,0.04706960926342415,0.6275506302176976,0.023371379765509744,1.0,7,59.213562621107265,0.99,True,0.5460943784684535,0.985852977408004
ucr011_enc,ucr_split_w2p,ucr_011,seed0,federated_enc_fedprox_mu0.01,ucr_011_p0,none,f321bb77e6ef3601,,2026-07-31 19:08:22,0.7166372217706661,0.5584058022622538,1.0,0.25725499977184774,0.9745584670554301,0.41166077738515905,64,0.0,1,0.011049723756906079,0.005555555555555556,1.0,0.06112295664534471,0.46941469110107115,19699,301,1.0,1.0,1.0,1.0,1.0,1.0,0.0628876855281024,0.2542576241391514,0.03152492668621701,1.0,7,48.20541092131597,0.99,True,0.24095769916569507,0.9745561454491569
ucr011_enc,ucr_split_w2p,ucr_011,seed0,federated_enc_fedprox_mu0.01,ucr_011_p1,none,f321bb77e6ef3601,,2026-07-31 19:08:22,0.7639388512912844,0.6180429278028465,1.0,0.2677112572572098,0.9736482567626162,0.3713405238828968,64,0.0,1,0.02380952380952381,0.012048192771084338,1.0,0.1891891891891892,0.13097111528503985,19699,301,1.0,1.0,1.0,1.0,1.0,1.0,0.1935491699136457,0.2698179426643482,0.1044776119402985,1.0,7,54.90818783929416,0.99,True,0.24442595455920932,0.973819989029685
ucr011_enc,ucr_split_w2p,ucr_011,seed0,federated_enc_fedprox_mu0.01,ucr_011_p2,none,f321bb77e6ef3601,,2026-07-31 19:08:22,0.8233323606070172,0.6997251499250375,0.9999799003322258,0.7513917103792764,0.9953126784013017,0.739612188365651,64,0.0,1,0.09523809523809523,0.05,1.0,0.5991735537190083,0.019138027311031015,19699,301,1.0,1.0,1.0,1.0,1.0,1.0,0.6096750170933342,0.7819339666290891,0.43478260869565216,0.9634551495016611,7,69.91544738476475,0.99,True,0.7262602927820342,0.9955838130232142
ucr011_enc,ucr_split_w2p,ucr_011,seed0,federated_enc_fedprox_mu0.01,ucr_011_p3,none,f321bb77e6ef3601,,2026-07-31 19:08:22,0.7694193731989719,0.6252490543420353,1.0,0.30182954855058614,0.9804162276817601,0.456108597285068,64,0.0,1,0.13333333333333333,0.07142857142857142,1.0,0.2764003673094582,0.0800040611198538,19699,301,1.0,1.0,1.0,1.0,1.0,1.0,0.2818582682142851,0.30022316585641706,0.16036228023441662,1.0,7,56.92270095014945,0.99,True,0.2884569319180645,0.98047179789956
ucr011_enc,ucr_split_w2p,ucr_011,seed0,federated_enc_fedprox_mu0.01,ucr_011_p4,none,f321bb77e6ef3601,,2026-07-31 19:08:22,0.5735189010335178,0.40205152486706286,1.0,0.35959969441423356,0.9705926351051769,0.44731610337972166,64,0.0,1,0.011111111111111112,0.00558659217877095,1.0,0.04599281839712736,0.6338900451799584,19699,301,1.0,1.0,1.0,1.0,1.0,1.0,0.047383043538692195,0.37974527267803243,0.023537691585861744,1.0,7,49.65952244639444,0.99,True,0.3050047217753562,0.9706251206255202
ucr011_proto_count,ucr_split,ucr_011,seed0,federated_enc_fedproto_lam1_count,ucr_011_p0,none,f321bb77e6ef3601,--fedproto-agg count,2026-07-31 17:03:37,0.7653792717222377,0.6201116467576793,0.999529485049834,0.2429265032185399,0.9409773233341187,0.3841642228739003,64,46.0,1,0.10526315789473684,0.05555555555555555,1.0,0.27155465037338766,0.04934260622366617,19699,301,0.0,0.0,0.0,0.0,1.0,1.0,0.27588914480857524,0.2561396588840426,0.17064846416382254,0.6644518272425249,7,68.05769835789998,0.99,True,0.25272915050544803,0.9490770601507722
ucr011_proto_count,ucr_split,ucr_011,seed0,federated_enc_fedproto_lam1_count,ucr_011_p1,none,f321bb77e6ef3601,--fedproto-agg count,2026-07-31 17:03:37,0.7835224297686486,0.6442829353233831,0.9995380398671097,0.2216242090742566,0.9679728080366998,0.34207240948813983,64,41.0,1,0.25806451612903225,0.14814814814814814,1.0,0.3001531393568147,0.04106807452154932,19699,301,0.0,0.0,1.0,1.0,1.0,1.0,0.30693024122297363,0.22550594101392962,0.19502487562189055,0.6511627906976745,7,65.85589835753042,0.99,True,0.22430997557009924,0.9684586623827133
ucr011_proto_count,ucr_split,ucr_011,seed0,federated_enc_fedproto_lam1_count,ucr_011_p2,none,f321bb77e6ef3601,--fedproto-agg count,2026-07-31 17:03:37,0.9305684248384032,0.8701654558404556,0.9999827242524917,0.9564719364378172,0.9991167738922613,0.8765652951699463,64,4.0,1,0.47619047619047616,0.3125,1.0,0.8404907975460123,0.003908827859282197,19699,301,1.0,1.0,1.0,1.0,1.0,1.0,0.8415083440683563,0.9609051874904274,0.7806267806267806,0.9102990033222591,7,58.6165997156885,0.99,True,0.9359105764314299,0.9990816920078004
ucr011_proto_count,ucr_split,ucr_011,seed0,federated_enc_fedproto_lam1_count,ucr_011_p3,none,f321bb77e6ef3601,--fedproto-agg count,2026-07-31 17:03:37,0.7901175541884022,0.6530537619426751,0.9999985880398671,0.3733544358861989,0.9805074679575452,0.4304694419840567,64,2.0,1,0.16,0.08695652173913043,1.0,0.380218368657675,0.04873343824559622,19699,301,1.0,1.0,1.0,1.0,1.0,1.0,0.3826557499709908,0.3777239625533774,0.2356687898089172,0.9833887043189369,7,50.088183731498816,0.99,True,0.32962893983029307,0.9806524759959211
ucr011_proto_count,ucr_split,ucr_011,seed0,federated_enc_fedproto_lam1_count,ucr_011_p4,none,f321bb77e6ef3601,--fedproto-agg count,2026-07-31 17:03:37,0.6825652104453629,0.5181017048108364,1.0,0.4202402803954366,0.981941508743129,0.4503968253968254,64,0.0,1,0.018691588785046728,0.009433962264150943,1.0,0.24651924651924653,0.09340575663739276,19699,301,1.0,1.0,1.0,1.0,1.0,1.0,0.24957559378809388,0.4318719444870288,0.14058851004203643,1.0,7,48.46350128861451,0.99,True,0.3555829551708549,0.9820532769869698
ucr011_proto_count,ucr_split_w2p,ucr_011,seed0,federated_enc_fedproto_lam1_count,ucr_011_p0,none,f321bb77e6ef3601,--fedproto-agg count,2026-07-31 17:03:37,0.7441373896548219,0.5925308895455476,1.0,0.1574594485187903,0.9536148604605628,0.3624699278267843,64,0.0,1,0.01612903225806452,0.008130081300813009,1.0,0.11559139784946236,0.23381897558251688,19699,301,0.0,0.0,0.0,0.0,0.0,0.0,0.11829746021451647,0.1607379450726349,0.06134094151212553,1.0,7,65.08468439316377,0.99,True,0.16518069731586688,0.9547852297244142
ucr011_proto_count,ucr_split_w2p,ucr_011,seed0,federated_enc_fedproto_lam1_count,ucr_011_p1,none,f321bb77e6ef3601,--fedproto-agg count,2026-07-31 17:03:37,0.7580699282325462,0.6103966281722273,1.0,0.2588867359250821,0.9753943021881307,0.39588281868566905,64,0.0,1,0.02247191011235955,0.011363636363636364,1.0,0.15808823529411764,0.1627493781410224,19699,301,1.0,1.0,1.0,1.0,1.0,1.0,0.16183877761147417,0.25671066184782315,0.08582834331337326,1.0,7,58.961851030376664,0.99,True,0.26127670578872025,0.9763716685203433
ucr011_proto_count,ucr_split_w2p,ucr_011,seed0,federated_enc_fedproto_lam1_count,ucr_011_p2,none,f321bb77e6ef3601,--fedproto-agg count,2026-07-31 17:03:37,0.8220016081838925,0.6977951870686524,1.0,0.898847541732172,0.9982219108547088,0.7987616099071208,64,0.0,1,0.015503875968992248,0.0078125,1.0,0.1971185330713818,0.12447332351896036,19699,301,1.0,1.0,1.0,1.0,1.0,1.0,0.20231791563654686,0.9163322546612073,0.10933527061387577,1.0,7,59.273713026294296,0.99,True,0.8607683749358327,0.99809741198951
ucr011_proto_count,ucr_split_w2p,ucr_011,seed0,federated_enc_fedproto_lam1_count,ucr_011_p3,none,f321bb77e6ef3601,--fedproto-agg count,2026-07-31 17:03:37,0.7610152983395925,0.6142249354005168,1.0,0.5983296576796906,0.9888415335179839,0.5667828106852497,64,0.0,1,0.03389830508474576,0.017241379310344827,1.0,0.22950819672131148,0.10259404030661455,19699,301,1.0,1.0,1.0,1.0,1.0,1.0,0.2354661197698117,0.6475243375475593,0.12962962962962962,1.0,7,60.17500219925927,0.99,True,0.5772996816091354,0.9888715341874557
ucr011_proto_count,ucr_split_w2p,ucr_011,seed0,federated_enc_fedproto_lam1_count,ucr_011_p4,none,f321bb77e6ef3601,--fedproto-agg count,2026-07-31 17:03:37,0.5875909826410797,0.41602041293946324,1.0,0.32253821884691686,0.9735605581611222,0.41379310344827586,64,0.0,1,0.013513513513513513,0.006802721088435374,1.0,0.040891183263143595,0.7167876541956445,19699,301,1.0,1.0,1.0,1.0,1.0,1.0,0.04213243695007991,0.3295536457199171,0.020872338950142153,1.0,7,54.18091489313952,0.99,True,0.2817675618769598,0.9745915254844297
ucr011_v1,ucr_split,ucr_011,seed0,centralized,ucr_011_p0,none,f321bb77e6ef3601,,2026-07-31 04:48:33,0.8219984044042943,0.697790569620253,1.0,0.9828095241830123,0.9997207136844729,0.9324546952224053,64,0.0,1,0.047619047619047616,0.024390243902439025,1.0,0.5517873510540788,0.024823595106350575,19699,301,1.0,1.0,1.0,1.0,1.0,1.0,0.5560204796679827,0.9828661755309738,0.3810126582278481,1.0,7,82.36114227851232,0.99,True,0.9691187154662725,0.9996870165304148
ucr011_v1,ucr_split,ucr_011,seed0,centralized,ucr_011_p1,none,f321bb77e6ef3601,,2026-07-31 04:48:33,0.8636564127606601,0.7600310526315789,1.0,0.9830522821881401,0.9997250986145476,0.9371980676328503,64,0.0,1,0.07142857142857142,0.037037037037037035,1.0,0.6911595866819747,0.013655515508401442,19699,301,1.0,1.0,1.0,1.0,1.0,1.0,0.6948442947521827,0.9838864296483929,0.5280701754385965,1.0,7,86.4960949254036,0.99,True,0.9736453837498737,0.9997415891842243
ucr011_v1,ucr_split,ucr_011,seed0,centralized,ucr_011_p2,none,f321bb77e6ef3601,,2026-07-31 04:48:33,0.99223599671748,0.9846561264822135,0.9999334717607974,0.9784354436364648,0.9996407730361879,0.9253731343283582,64,7.0,1,0.9333333333333333,0.875,1.0,0.8844765342960289,0.0004061119853799685,19699,301,1.0,1.0,1.0,1.0,1.0,1.0,0.8854979268249789,0.9788550364956975,0.9683794466403162,0.813953488372093,7,102.29988975405693,0.99,True,0.963556584614892,0.9996163417034541
ucr011_v1,ucr_split,ucr_011,seed0,centralized,ucr_011_p3,none,f321bb77e6ef3601,,2026-07-31 04:48:33,0.8611531976052034,0.7561624581939802,1.0,0.9755918047035544,0.9995965864331275,0.9273021001615509,64,0.0,1,0.07142857142857142,0.037037037037037035,1.0,0.6696329254727474,0.015076907457231331,19699,301,1.0,1.0,1.0,1.0,1.0,1.0,0.6723319339921998,0.976180356613651,0.5033444816053512,1.0,7,83.65493228793144,0.99,True,0.9642592900675214,0.9996155434672395
ucr011_v1,ucr_split,ucr_011,seed0,centralized,ucr_011_p4,none,f321bb77e6ef3601,,2026-07-31 04:48:33,0.8814746239703565,0.7880685077519379,1.0,0.9832478022133114,0.9997304954515627,0.9344537815126052,64,0.0,1,0.07142857142857142,0.037037037037037035,1.0,0.7368421052631579,0.010914259607086654,19699,301,1.0,1.0,1.0,1.0,1.0,1.0,0.7392446637705946,0.9832939980972304,0.5833333333333334,1.0,7,88.18843548556167,0.99,True,0.9677680468484701,0.9996734888744798
ucr011_v1,ucr_split,ucr_011,seed0,federated,ucr_011_p0,none,f321bb77e6ef3601,,2026-07-31 04:48:33,0.8078957847937112,0.6785213010204083,0.9982294019933555,0.27865637782043146,0.9374968694129034,0.27718040621266427,64,59.0,1,0.3448275862068966,0.20833333333333334,1.0,0.26961770623742454,0.006548555764251993,19699,301,1.0,1.0,1.0,1.0,1.0,1.0,0.2751766559448091,0.2840499400372425,0.34183673469387754,0.22259136212624583,7,86.57617737709234,0.99,True,0.2266576537577578,0.9417827409945352
ucr011_v1,ucr_split,ucr_011,seed0,federated,ucr_011_p1,none,f321bb77e6ef3601,,2026-07-31 04:48:33,0.7564470652539944,0.6098357066381156,0.9958639534883721,0.09980990675350324,0.7933028288364471,0.22727272727272727,64,60.0,1,0.4615384615384615,0.3,1.0,0.171875,0.020356363267170923,19699,301,0.0,0.0,1.0,1.0,1.0,1.0,0.17387604474272514,0.10783624626188514,0.14132762312633834,0.21926910299003322,7,90.1057967868261,0.99,True,0.10267474288186586,0.8153823711828153
ucr011_v1,ucr_split,ucr_011,seed0,federated,ucr_011_p2,none,f321bb77e6ef3601,,2026-07-31 04:48:33,0.9914423857049659,0.984345731707317,0.9986421096345515,0.698898299923913,0.9898011585997164,0.5899581589958159,64,54.0,1,0.8571428571428571,0.75,1.0,0.5660377358490566,0.0001522919945174882,19699,301,1.0,1.0,1.0,1.0,1.0,1.0,0.6402312300610895,0.7417378209946655,0.975609756097561,0.39867109634551495,7,64.03851942008981,0.99,True,0.6563315359847842,0.9901557617577625
ucr011_v1,ucr_split,ucr_011,seed0,federated,ucr_011_p3,none,f321bb77e6ef3601,,2026-07-31 04:48:33,0.7896432794725927,0.6524873513870542,0.999807558139535,0.335688220924718,0.9796785475222699,0.42748091603053434,64,2.0,1,0.4444444444444445,0.2857142857142857,1.0,0.4102079395085066,0.027412559013147875,19699,301,1.0,1.0,1.0,1.0,1.0,1.0,0.4105847560370004,0.33249967718042095,0.2866578599735799,0.7209302325581395,7,67.2122005076265,0.99,True,0.2965212298292344,0.9797900717207223
ucr011_v1,ucr_split,ucr_011,seed0,federated,ucr_011_p4,none,f321bb77e6ef3601,,2026-07-31 04:48:33,0.7562205209995437,0.608002088607595,1.0,0.3836062615338375,0.9829481874975863,0.48991935483870963,64,0.0,1,0.02197802197802198,0.011111111111111112,1.0,0.22538375140396855,0.10503071221889436,19699,301,1.0,1.0,1.0,1.0,1.0,1.0,0.22889039927562788,0.37782423470969057,0.1270042194092827,1.0,7,36.93665020557545,0.99,True,0.329492651683722,0.9828140127839237
ucr011_v1,ucr_split,ucr_011,seed0,federated_cb_only,ucr_011_p0,none,f321bb77e6ef3601,,2026-07-31 04:48:33,0.7715581781090526,0.628437669245648,0.9990914451827244,0.19112454891706537,0.9229164709610536,0.2625482625482625,64,46.0,1,0.12121212121212122,0.06451612903225806,1.0,0.23220973782771537,0.044621554393624044,19699,301,0.0,0.0,1.0,1.0,1.0,1.0,0.24126024360587958,0.20482570088719954,0.14990328820116053,0.5149501661129569,7,37.7515742554945,0.99,True,0.1852267922233679,0.9272881060814934
ucr011_v1,ucr_split,ucr_011,seed0,federated_cb_only,ucr_011_p1,none,f321bb77e6ef3601,,2026-07-31 04:48:33,0.7898297032497364,0.6528954865556977,0.9994475913621261,0.36469754589148595,0.9732052101739148,0.3617529880478088,64,38.0,1,0.45454545454545453,0.29411764705882354,1.0,0.34011090573012936,0.03030610690898015,19699,301,1.0,1.0,1.0,1.0,1.0,1.0,0.3524089055553241,0.3789628788111097,0.235595390524968,0.6112956810631229,7,39.96836494500593,0.99,True,0.32410359684825907,0.974669873823657
ucr011_v1,ucr_split,ucr_011,seed0,federated_cb_only,ucr_011_p2,none,f321bb77e6ef3601,,2026-07-31 04:48:33,0.9216775407486237,0.855539010989011,0.9988986710963454,0.6953982041679372,0.9887580511954078,0.5990990990990991,64,46.0,1,0.4615384615384615,0.3,1.0,0.5797101449275363,0.0021320879232448347,19699,301,1.0,1.0,1.0,1.0,1.0,1.0,0.6575879443250529,0.7698852222418182,0.7692307692307693,0.46511627906976744,7,39.45408522637434,0.99,True,0.6564304459378358,0.9891967572247401
ucr011_v1,ucr_split,ucr_011,seed0,federated_cb_only,ucr_011_p3,none,f321bb77e6ef3601,,2026-07-31 04:48:33,0.7599486546119963,0.612911923454367,0.9997990863787376,0.2741970342906039,0.9757278941761214,0.38315217391304346,64,33.0,1,0.4827586206896552,0.3181818181818182,1.0,0.3560606060606061,0.03979897456723692,19699,301,0.0,0.0,1.0,1.0,1.0,1.0,0.360751036119756,0.27454020066113066,0.23061825318940138,0.7807308970099668,7,42.91799299368154,0.99,True,0.2597566147671331,0.9758707884919494
ucr011_v1,ucr_split,ucr_011,seed0,federated_cb_only,ucr_011_p4,none,f321bb77e6ef3601,,2026-07-31 04:48:33,0.7741770416980206,0.6318382608695652,0.9992955980066446,0.2863460889281968,0.972036626309007,0.3395942900075132,64,45.0,1,0.41379310344827586,0.2608695652173913,1.0,0.32694248234106965,0.026803391035077923,19699,301,1.0,1.0,1.0,1.0,1.0,1.0,0.3415082545869029,0.2912807763828231,0.23478260869565218,0.5382059800664452,7,46.760588969197094,0.99,True,0.25802979333440346,0.9727284012857995
ucr011_v1,ucr_split,ucr_011,seed0,federated_cb_only_ema,ucr_011_p0,none,f321bb77e6ef3601,,2026-07-31 04:48:33,0.7801218573171224,0.6395364215402433,0.9999305647840532,0.24845274221463823,0.9643464708649223,0.3081081081081081,64,20.0,1,0.08888888888888888,0.046511627906976744,1.0,0.27120315581854043,0.0737093253464643,19699,301,1.0,1.0,1.0,1.0,1.0,1.0,0.2723141636905225,0.2559927924836826,0.1592356687898089,0.9136212624584718,7,19.970601599056764,0.99,True,0.21357045950373735,0.9651100650350544
ucr011_v1,ucr_split,ucr_011,seed0,federated_cb_only_ema,ucr_011_p1,none,f321bb77e6ef3601,,2026-07-31 04:48:33,0.7592976350768366,0.6136905172413792,0.9954930232558141,0.12820129703380032,0.9249630527478415,0.27386692381870775,64,59.0,1,0.3076923076923077,0.18181818181818182,1.0,0.18953323903818953,0.017208995380476166,19699,301,0.0,0.0,0.0,0.0,0.0,0.0,0.19491144562302185,0.1362737679794787,0.16502463054187191,0.22259136212624583,7,42.087304647323755,0.99,True,0.1321868725063509,0.9288154347904781
ucr011_v1,ucr_split,ucr_011,seed0,federated_cb_only_ema,ucr_011_p2,none,f321bb77e6ef3601,,2026-07-31 04:48:33,0.9977565646424749,1.0,0.995523172757475,0.5744641755220329,0.9537025590620567,0.536764705882353,64,68.0,1,1.0,1.0,1.0,0.34615384615384615,0.0,19699,301,1.0,1.0,1.0,1.0,1.0,1.0,0.3493325414416751,0.6288210141931097,1.0,0.20930232558139536,7,40.46674017036586,0.99,True,0.545198833888984,0.9606531160739104
ucr011_v1,ucr_split,ucr_011,seed0,federated_cb_only_ema,ucr_011_p3,none,f321bb77e6ef3601,,2026-07-31 04:48:33,0.7908273724692438,0.6540891836734695,0.9998465946843854,0.4132332088377693,0.9782035245056033,0.3954802259887006,64,29.0,1,0.2758620689655173,0.16,1.0,0.3918813427010148,0.037006954667749635,19699,301,1.0,1.0,1.0,1.0,1.0,1.0,0.39831008484717245,0.4293015842982216,0.25612244897959185,0.8338870431893688,7,32.679987081732726,0.99,True,0.35997317207902063,0.9784830702475118
ucr011_v1,ucr_split,ucr_011,seed0,federated_cb_only_ema,ucr_011_p4,none,f321bb77e6ef3601,,2026-07-31 04:48:33,0.7248038377152488,0.5684274538590605,0.9998721760797344,0.28523084534642806,0.9727646933525641,0.41524573721163494,64,3.0,1,0.10256410256410257,0.05405405405405406,1.0,0.34695244474212994,0.04736281029493883,19699,301,1.0,1.0,1.0,1.0,1.0,1.0,0.3474471967820073,0.28456788182172754,0.21728187919463088,0.8604651162790697,7,33.45482763965602,0.99,True,0.26283949905190157,0.9738001663007804
ucr011_v1,ucr_split,ucr_011,seed0,federated_fedavg_cb_only,ucr_011_p0,none,f321bb77e6ef3601,,2026-07-31 04:48:33,0.8658525366443572,0.7641143884892085,0.9988437707641196,0.38801063376290224,0.9697089030439678,0.44986449864498645,64,56.0,1,0.5806451612903226,0.4090909090909091,1.0,0.4075993091537133,0.008122239707599371,19699,301,1.0,1.0,1.0,1.0,1.0,1.0,0.4084928200545692,0.40006495165496164,0.4244604316546763,0.3920265780730897,7,107.0568156806628,0.99,True,0.35175135972707544,0.9707168184150082
ucr011_v1,ucr_split,ucr_011,seed0,federated_fedavg_cb_only,ucr_011_p1,none,f321bb77e6ef3601,,2026-07-31 04:48:33,0.7806286201731265,0.6401894583576003,0.9999998338870433,0.41281065690077695,0.9817285023321924,0.4389380530973452,64,1.0,1,0.02985074626865672,0.015151515151515152,1.0,0.29732408325074333,0.07193258541042692,19699,301,1.0,1.0,1.0,1.0,1.0,1.0,0.29822616909524635,0.43177755682948976,0.17472335468841002,0.9966777408637874,7,89.89263209713,0.99,True,0.3467778425758315,0.9817888211836807
ucr011_v1,ucr_split,ucr_011,seed0,federated_fedavg_cb_only,ucr_011_p2,none,f321bb77e6ef3601,,2026-07-31 04:48:33,0.9997324034943236,1.0,0.999464950166113,0.9687144197797936,0.9994807230884614,0.8911222780569514,64,2.0,1,1.0,1.0,1.0,0.691304347826087,0.0,19699,301,1.0,1.0,1.0,1.0,1.0,1.0,0.6940181328230934,0.9722155054324104,1.0,0.5282392026578073,7,91.39699306666851,0.99,True,0.9554661262547391,0.9994989236778624
ucr011_v1,ucr_split,ucr_011,seed0,federated_fedavg_cb_only,ucr_011_p3,none,f321bb77e6ef3601,,2026-07-31 04:48:33,0.8105900693054972,0.6815253052917232,0.9999585548172756,0.28313955304117433,0.9829345267538918,0.5115044247787611,64,7.0,1,0.6285714285714286,0.4583333333333333,1.0,0.4836223506743738,0.024671303111833087,19699,301,0.0,0.0,1.0,1.0,1.0,1.0,0.48449203526157536,0.2786972883546679,0.3405698778833107,0.8338870431893688,7,78.68901381204525,0.99,True,0.292092479811089,0.9829648168037638
ucr011_v1,ucr_split,ucr_011,seed0,federated_fedavg_cb_only,ucr_011_p4,none,f321bb77e6ef3601,,2026-07-31 04:48:33,0.784331176639307,0.6451849069148937,1.0,0.432938982582733,0.9863001292373813,0.5229936880072137,64,0.0,1,0.08333333333333333,0.043478260869565216,1.0,0.4212736179146256,0.04198182648865425,19699,301,1.0,1.0,1.0,1.0,1.0,1.0,0.42321289404789936,0.4331907479084905,0.26684397163120566,1.0,7,91.19220533241825,0.99,True,0.386940937926477,0.986248146972529
ucr011_v1,ucr_split,ucr_011,seed0,federated_fedavg_cb_sharedprior,ucr_011_p0,none,f321bb77e6ef3601,,2026-07-31 04:48:33,0.79847787603623,0.665230415430267,0.9984751661129567,0.2584063905958879,0.9684708349024918,0.376940133037694,64,59.0,1,0.41379310344827586,0.2608695652173913,1.0,0.3166144200626959,0.011980303568709072,19699,301,0.0,0.0,0.0,0.0,1.0,1.0,0.3250334333289082,0.2635994087389758,0.2997032640949555,0.33554817275747506,7,145.7936866871516,0.99,True,0.27274551290777194,0.9716315074701926
ucr011_v1,ucr_split,ucr_011,seed0,federated_fedavg_cb_sharedprior,ucr_011_p1,none,f321bb77e6ef3601,,2026-07-31 04:48:33,0.8486257376642798,0.7375602589641435,0.9990707641196014,0.5575939088319853,0.9890081608608224,0.5279034690799397,64,49.0,1,0.5,0.3333333333333333,1.0,0.463768115942029,0.0062439717752170165,19699,301,1.0,1.0,1.0,1.0,1.0,1.0,0.48134117883696287,0.5617773228809992,0.5099601593625498,0.42524916943521596,7,144.89707866589228,0.99,True,0.5089522217000817,0.9893292344256526
ucr011_v1,ucr_split,ucr_011,seed0,federated_fedavg_cb_sharedprior,ucr_011_p2,none,f321bb77e6ef3601,,2026-07-31 04:48:33,0.9968488222013686,1.0,0.9937174418604651,0.6821355680893644,0.9814423013192399,0.6336206896551723,64,54.0,1,1.0,1.0,1.0,0.11285266457680251,0.0,19699,301,1.0,1.0,1.0,1.0,1.0,1.0,0.11421589460263491,0.7093949546692994,1.0,0.059800664451827246,7,143.12113765875498,0.99,True,0.6682609130603031,0.9860071226702255
ucr011_v1,ucr_split,ucr_011,seed0,federated_fedavg_cb_sharedprior,ucr_011_p3,none,f321bb77e6ef3601,,2026-07-31 04:48:33,0.7831180289535079,0.6438654564315354,0.9992266611295683,0.26118103133059384,0.9787916110890833,0.43336724313326547,64,46.0,1,0.6111111111111112,0.44,1.0,0.367816091954023,0.01715823138230367,19699,301,0.0,0.0,0.0,0.0,0.0,0.0,0.38579661599704373,0.25975091756232815,0.2987551867219917,0.47840531561461797,7,119.62632501721383,0.99,True,0.27991591281194733,0.9804728939164596
ucr011_v1,ucr_split,ucr_011,seed0,federated_fedavg_cb_sharedprior,ucr_011_p4,none,f321bb77e6ef3601,,2026-07-31 04:48:33,0.7933745105733754,0.6575339786756451,0.9999563953488374,0.2852607316845397,0.9824181169120175,0.4862104187946884,64,16.0,1,0.25,0.14285714285714285,1.0,0.4664429530201342,0.03111833087974009,19699,301,0.0,0.0,0.0,0.0,0.0,0.0,0.46683940236567845,0.2795594417777858,0.31200897867564537,0.9235880398671097,7,130.96955202857646,0.99,True,0.2951325519960067,0.9826014508808754
ucr011_v1,ucr_split,ucr_011,seed0,federated_shared,ucr_011_p0,none,f321bb77e6ef3601,,2026-07-31 04:48:33,0.6843160519557624,0.5214635775862069,0.995077657807309,0.08382116313288457,0.8951649231229,0.18436293436293436,64,63.0,1,0.47619047619047616,0.3125,1.0,0.06779661016949153,0.01654906340423372,19699,301,0.0,0.0,0.0,0.0,0.0,0.0,0.06848207714489098,0.08349067676698818,0.06321839080459771,0.07308970099667775,7,71.93317510629848,0.99,True,0.08722889817581428,0.8993904192914087
ucr011_v1,ucr_split,ucr_011,seed0,federated_shared,ucr_011_p1,none,f321bb77e6ef3601,,2026-07-31 04:48:33,0.7482142591489196,0.5983744744744744,0.9981665282392027,0.1952293427019173,0.9188175732481487,0.309823677581864,64,58.0,1,0.5333333333333333,0.36363636363636365,1.0,0.22082018927444794,0.013350931519366465,19699,301,1.0,1.0,1.0,1.0,1.0,1.0,0.22664297331486055,0.20511108107588316,0.21021021021021022,0.23255813953488372,7,67.22651096695886,0.99,True,0.17792476353288852,0.9201140970026742
ucr011_v1,ucr_split,ucr_011,seed0,federated_shared,ucr_011_p2,none,f321bb77e6ef3601,,2026-07-31 04:48:33,0.7786998282126648,0.6376726452119308,0.9998190199335547,0.730296602279169,0.9928161353283865,0.6907894736842105,64,33.0,1,0.13793103448275862,0.07407407407407407,1.0,0.5692963752665245,0.018782679323823544,19699,301,1.0,1.0,1.0,1.0,1.0,1.0,0.570284669824733,0.7597785168857433,0.41915227629513346,0.8870431893687708,7,43.40068816761521,0.99,True,0.6947694929770135,0.9932963126907006
ucr011_v1,ucr_split,ucr_011,seed0,federated_shared,ucr_011_p3,none,f321bb77e6ef3601,,2026-07-31 04:48:33,0.7865815384889744,0.6482361467522053,0.9999996677740864,0.3581204900779185,0.9815998214996157,0.450632911392405,64,0.0,1,0.125,0.06666666666666667,1.0,0.3863049095607235,0.04812427026752627,19699,301,1.0,1.0,1.0,1.0,1.0,1.0,0.3905118270794062,0.3585760001686602,0.23977546110665598,0.9933554817275747,7,58.16155726547043,0.99,True,0.3175957911364007,0.9818825524043587
ucr011_v1,ucr_split,ucr_011,seed0,federated_shared,ucr_011_p4,none,f321bb77e6ef3601,,2026-07-31 04:48:33,0.764193064249563,0.6183757690156602,1.0,0.2617424655258002,0.9804170709375436,0.47320692497939,64,0.0,1,0.022727272727272724,0.011494252873563218,1.0,0.28817616084250836,0.07548606528250165,19699,301,0.0,0.0,1.0,1.0,1.0,1.0,0.29182875445701406,0.2575966603968507,0.16834451901565994,1.0,7,36.91005625251082,0.99,True,0.2674645260474644,0.9805396162110499
ucr011_v1,ucr_split,ucr_011,seed0,local,ucr_011_p0,none,f321bb77e6ef3601,,2026-07-31 04:48:33,0.7362797928764956,0.5826288040075142,1.0,0.21562914637025013,0.9669775975608994,0.3659043659043659,64,0.0,1,0.019801980198019802,0.01,1.0,0.17224606580829757,0.1468602467130311,19699,301,0.0,0.0,1.0,1.0,1.0,1.0,0.17418210097217177,0.21419643758144652,0.09423919849718222,1.0,7,90.41128932038943,0.99,True,0.2208790824775695,0.9678043460026414
ucr011_v1,ucr_split,ucr_011,seed0,local,ucr_011_p1,none,f321bb77e6ef3601,,2026-07-31 04:48:33,0.7531174785840486,0.6040003493904249,1.0,0.3926495152864688,0.9780800718588849,0.3959044368600682,64,0.0,1,0.015267175572519085,0.007692307692307693,1.0,0.16430131004366813,0.15543936240418296,19699,301,1.0,1.0,1.0,1.0,1.0,1.0,0.16733929117818758,0.3983202613311808,0.08950341956586381,1.0,7,87.92578936030468,0.99,True,0.3317961434139567,0.9781022542448389
ucr011_v1,ucr_split,ucr_011,seed0,local,ucr_011_p2,none,f321bb77e6ef3601,,2026-07-31 04:48:33,0.9944103080687656,0.9897036363636363,0.9991619601328905,0.8371399819516717,0.9957881060120933,0.735593220338983,64,46.0,1,0.888888888888889,0.8,1.0,0.6824034334763949,0.0003045839890349764,19699,301,1.0,1.0,1.0,1.0,1.0,1.0,0.7425310536046942,0.8494424323424501,0.9636363636363636,0.5282392026578073,7,108.69322648684182,0.99,True,0.8142335739635488,0.9961049009296521
ucr011_v1,ucr_split,ucr_011,seed0,local,ucr_011_p3,none,f321bb77e6ef3601,,2026-07-31 04:48:33,0.7926787986018077,0.6565599922239503,1.0,0.4159193770065378,0.9823511624028,0.43734230445752736,64,0.0,1,0.07692307692307693,0.04,1.0,0.37933207309388783,0.050002538199908624,19699,301,1.0,1.0,1.0,1.0,1.0,1.0,0.38255418207059033,0.41961089491325554,0.23405909797822705,1.0,7,87.79259125990171,0.99,True,0.3606391713722438,0.9823528608792068
ucr011_v1,ucr_split,ucr_011,seed0,local,ucr_011_p4,none,f321bb77e6ef3601,,2026-07-31 04:48:33,0.7668448510044815,0.6218559372915275,1.0,0.3779473750786056,0.9817834826092829,0.4544,64,0.0,1,0.04878048780487806,0.025,1.0,0.33444444444444443,0.06081526981065029,19699,301,1.0,1.0,1.0,1.0,1.0,1.0,0.33660422807350493,0.37622111271589553,0.2008005336891261,1.0,7,89.3984224516153,0.99,True,0.32177531572710805,0.9817385695470606
ucr011_v1,ucr_split_w2p,ucr_011,seed0,centralized,ucr_011_p0,none,f321bb77e6ef3601,,2026-07-31 04:48:33,0.7415942356007781,0.5893124909156977,1.0,0.9840919742565238,0.9996741659652184,0.9510961214165262,64,0.0,1,0.0196078431372549,0.009900990099009901,1.0,0.19718309859154928,0.12442255952078786,19699,301,1.0,1.0,1.0,1.0,1.0,1.0,0.2024332214695296,0.9929806160742902,0.109375,1.0,7,59.05669984521965,0.99,True,0.9653028329431114,0.9995383462872374
ucr011_v1,ucr_split_w2p,ucr_011,seed0,centralized,ucr_011_p1,none,f321bb77e6ef3601,,2026-07-31 04:48:33,0.7660658992725209,0.6208321002076841,1.0,0.9844822061279183,0.9996895132204798,0.9462738301559791,64,0.0,1,0.037037037037037035,0.018867924528301886,1.0,0.27031881454872025,0.0824914970303061,19699,301,1.0,1.0,1.0,1.0,1.0,1.0,0.27707141524804846,0.9924454466537074,0.15628245067497404,1.0,7,62.23461708595355,0.99,True,0.9680767938007822,0.9995705332247599
ucr011_v1,ucr_split_w2p,ucr_011,seed0,centralized,ucr_011_p2,none,f321bb77e6ef3601,,2026-07-31 04:48:33,0.8632112968025278,0.7593419026548673,1.0,0.9862800560578501,0.9997203763821595,0.9571183533447685,64,0.0,1,0.2222222222222222,0.125,1.0,0.6951501154734411,0.013401695517538961,19699,301,1.0,1.0,1.0,1.0,1.0,1.0,0.699648356776924,0.9945173600112636,0.5327433628318584,1.0,7,90.93793664343656,0.99,True,0.9711626199140508,0.9996323995531344
ucr011_v1,ucr_split_w2p,ucr_011,seed0,centralized,ucr_011_p3,none,f321bb77e6ef3601,,2026-07-31 04:48:33,0.8132225541135278,0.6852359361329833,1.0,0.9878373170936718,0.9997853070774964,0.9427168576104746,64,0.0,1,0.09523809523809523,0.05,1.0,0.4168975069252078,0.04274328646124169,19699,301,1.0,1.0,1.0,1.0,1.0,1.0,0.42456399570283526,0.9910062061745671,0.26334208223972005,1.0,7,70.34817761025703,0.99,True,0.9747257340046094,0.9997452779159733
ucr011_v1,ucr_split_w2p,ucr_011,seed0,centralized,ucr_011_p4,none,f321bb77e6ef3601,,2026-07-31 04:48:33,0.7814396889404873,0.641281093638313,1.0,0.983315276527647,0.9996527472683151,0.9457627118644067,64,0.0,1,0.07407407407407407,0.038461538461538464,1.0,0.35411764705882354,0.05573886999340068,19699,301,1.0,1.0,1.0,1.0,1.0,1.0,0.3614894613411328,0.9922003334898573,0.21515368120085776,1.0,7,67.73876966919745,0.99,True,0.9679780821290639,0.999568566877035
ucr011_v1,ucr_split_w2p,ucr_011,seed0,federated,ucr_011_p0,none,f321bb77e6ef3601,,2026-07-31 04:48:33,0.76848267390303,0.6242019038461539,0.9995149501661129,0.16638768837654141,0.9306536800778629,0.31451036454610437,64,42.0,1,0.039999999999999994,0.02040816326530612,1.0,0.2810743285446596,0.05457129803543327,19699,301,0.0,0.0,1.0,1.0,1.0,1.0,0.2862781523758106,0.17550460881941965,0.17307692307692307,0.7475083056478405,7,82.62936679671208,0.99,True,0.1678840903253079,0.9357407821071745
ucr011_v1,ucr_split_w2p,ucr_011,seed0,federated,ucr_011_p1,none,f321bb77e6ef3601,,2026-07-31 04:48:33,0.7911993534526408,0.6563797909407665,0.9957186877076412,0.24250484972948946,0.9587455659502759,0.34900990099009904,64,54.0,1,0.5,0.3333333333333333,1.0,0.2755102040816326,0.01045738362353419,19699,301,1.0,1.0,1.0,1.0,1.0,1.0,0.2863777635260372,0.25310370295320356,0.28222996515679444,0.2691029900332226,7,101.24729456361074,0.99,True,0.24095608579183078,0.9609307297624217
ucr011_v1,ucr_split_w2p,ucr_011,seed0,federated,ucr_011_p2,none,f321bb77e6ef3601,,2026-07-31 04:48:33,0.8415526943505698,0.72681376953125,0.9993093023255815,0.6329039493682923,0.989496237308368,0.6387726638772664,64,46.0,1,0.8421052631578948,0.7272727272727273,1.0,0.5278276481149012,0.005533275800802071,19699,301,1.0,1.0,1.0,1.0,1.0,1.0,0.5857687335915716,0.6632472172817571,0.57421875,0.4883720930232558,7,79.92620415824466,0.99,True,0.5874757385359045,0.9903791759141582
ucr011_v1,ucr_split_w2p,ucr_011,seed0,federated,ucr_011_p3,none,f321bb77e6ef3601,,2026-07-31 04:48:33,0.7649384036017617,0.6193524321641297,1.0,0.18920134744220607,0.9704858789229736,0.35609444798978934,64,0.0,1,0.0689655172413793,0.03571428571428571,1.0,0.3322295805739514,0.06142443778872024,19699,301,0.0,0.0,0.0,0.0,0.0,0.0,0.3339708275461148,0.18454750327434266,0.19920582395764394,1.0,7,66.90503434325258,0.99,True,0.19583102469982672,0.9705240082291364
ucr011_v1,ucr_split_w2p,ucr_011,seed0,federated,ucr_011_p4,none,f321bb77e6ef3601,,2026-07-31 04:48:33,0.6350004164907938,0.4652019122660128,1.0,0.50244258756464,0.9868760729375777,0.5317220543806646,64,0.0,1,0.013986013986013986,0.007042253521126761,1.0,0.03536599694512983,0.8335448499923854,19699,301,1.0,1.0,1.0,1.0,1.0,1.0,0.03645239124206012,0.5157769893401329,0.01800131571078285,1.0,7,30.80501017368513,0.99,True,0.45591908912384843,0.9868359470262678
ucr011_v1,ucr_split_w2p,ucr_011,seed0,federated_cb_only,ucr_011_p0,none,f321bb77e6ef3601,,2026-07-31 04:48:33,0.7666116228206643,0.6215492516427356,1.0,0.41504691434613916,0.98106806440248,0.46578140960163433,64,0.0,1,0.021276595744680854,0.010752688172043012,1.0,0.1365079365079365,0.19330930504086502,19699,301,1.0,1.0,1.0,1.0,1.0,1.0,0.13974849516614268,0.4290832125440447,0.07325383304940375,1.0,7,61.98657328249266,0.99,True,0.34757029764184455,0.9808772827641247
ucr011_v1,ucr_split_w2p,ucr_011,seed0,federated_cb_only,ucr_011_p1,none,f321bb77e6ef3601,,2026-07-31 04:48:33,0.7828586030112513,0.6431944595328624,1.0,0.3523157019624985,0.9793940330208845,0.4100719424460431,64,0.0,1,0.06451612903225806,0.03333333333333333,1.0,0.28104575163398693,0.07817655718564394,19699,301,1.0,1.0,1.0,1.0,1.0,1.0,0.28667103851861353,0.36362829062832297,0.1634980988593156,1.0,7,51.846139095934724,0.99,True,0.3144869956736487,0.9795130476844938
ucr011_v1,ucr_split_w2p,ucr_011,seed0,federated_cb_only,ucr_011_p2,none,f321bb77e6ef3601,,2026-07-31 04:48:33,0.8896704050668786,0.8012679071803853,0.9999985049833887,0.9425889284570804,0.9986787868382614,0.900709219858156,64,0.0,1,0.13333333333333333,0.07142857142857142,1.0,0.6834862385321101,0.013858571501091425,19699,301,1.0,1.0,1.0,1.0,1.0,1.0,0.6872238749607176,0.9515814612886088,0.521891418563923,0.9900332225913622,7,81.27669908752044,0.99,True,0.9272518490964812,0.9987084770940945
ucr011_v1,ucr_split_w2p,ucr_011,seed0,federated_cb_only,ucr_011_p3,none,f321bb77e6ef3601,,2026-07-31 04:48:33,0.7799389594144781,0.6392622446498054,1.0,0.42076131644092885,0.9856223202385268,0.5189873417721519,64,0.0,1,0.0689655172413793,0.03571428571428571,1.0,0.25540941875265166,0.08909081679273059,19699,301,1.0,1.0,1.0,1.0,1.0,1.0,0.261785097438737,0.4237861161255355,0.14640077821011674,1.0,7,49.937696913770544,0.99,True,0.3813502132828745,0.9856060490766273
ucr011_v1,ucr_split_w2p,ucr_011,seed0,federated_cb_only,ucr_011_p4,none,f321bb77e6ef3601,,2026-07-31 04:48:33,0.5635485753807941,0.39231996691443094,1.0,0.5756225614570586,0.988129488334315,0.5366336633663367,64,0.0,1,0.010638297872340425,0.0053475935828877,1.0,0.053119209388511425,0.5447484643890553,19699,301,1.0,1.0,1.0,1.0,1.0,1.0,0.054716321304738996,0.6049680840089012,0.02728426395939086,1.0,7,50.20310697801914,0.99,True,0.5526866856543283,0.9880964972704004
ucr011_v1,ucr_split_w2p,ucr_011,seed0,federated_cb_only_ema,ucr_011_p0,none,f321bb77e6ef3601,,2026-07-31 04:48:33,0.7645822781663745,0.6188856324900133,1.0,0.1915537764599788,0.968641341221935,0.3766959297685555,64,0.0,1,0.02,0.010101010101010102,1.0,0.14842209072978305,0.17533884968780142,19699,301,0.0,0.0,0.0,0.0,1.0,1.0,0.1512441210047205,0.18897524220657735,0.08015978695073235,1.0,7,45.530689613125276,0.99,True,0.19749378820412417,0.9688412485210203
ucr011_v1,ucr_split_w2p,ucr_011,seed0,federated_cb_only_ema,ucr_011_p1,none,f321bb77e6ef3601,,2026-07-31 04:48:33,0.7754410172871136,0.6332410510510508,1.0,0.3488764450275017,0.9779276112132106,0.3926282051282052,64,0.0,1,0.07999999999999999,0.041666666666666664,1.0,0.306205493387589,0.06924209350728464,19699,301,1.0,1.0,1.0,1.0,1.0,1.0,0.3107672808587739,0.36145431450180654,0.18078078078078078,1.0,7,39.4106247853174,0.99,True,0.29085764376520606,0.9777242810790706
ucr011_v1,ucr_split_w2p,ucr_011,seed0,federated_cb_only_ema,ucr_011_p2,none,f321bb77e6ef3601,,2026-07-31 04:48:33,0.9214153706441105,0.8544911718749999,0.9997134551495016,0.7747983015797323,0.9955073018361558,0.7246835443037976,64,36.0,1,0.6923076923076924,0.5294117647058824,1.0,0.7053140096618358,0.005127163815422103,19699,301,1.0,1.0,1.0,1.0,1.0,1.0,0.7368361750915637,0.8003452251278143,0.684375,0.7275747508305648,7,59.08891718668639,0.99,True,0.7380026457673412,0.9954308860174098
ucr011_v1,ucr_split_w2p,ucr_011,seed0,federated_cb_only_ema,ucr_011_p3,none,f321bb77e6ef3601,,2026-07-31 04:48:33,0.7875961177221821,0.6496153049613109,1.0,0.2279093152811884,0.9765724991689714,0.4316895715440582,64,0.0,1,0.047619047619047616,0.024390243902439025,1.0,0.2409927942353883,0.09624854053505254,19699,301,0.0,0.0,0.0,0.0,1.0,1.0,0.24626796693711253,0.2214875507335481,0.13700500682749203,1.0,7,42.99193922161785,0.99,True,0.23346558069036452,0.9766282177245778
ucr011_v1,ucr_split_w2p,ucr_011,seed0,federated_cb_only_ema,ucr_011_p4,none,f321bb77e6ef3601,,2026-07-31 04:48:33,0.5404934976296754,0.37032620050125303,1.0,0.5480147469848462,0.987602790771881,0.5530393325387366,64,0.0,1,0.009569377990430623,0.004807692307692308,1.0,0.05858310626702997,0.49109091832072693,19699,301,1.0,1.0,1.0,1.0,1.0,1.0,0.06028078032943094,0.5626704454571403,0.030175438596491227,1.0,7,41.41466036396087,0.99,True,0.5022883904761596,0.9884856076444973
ucr011_v1,ucr_split_w2p,ucr_011,seed0,federated_fedavg_cb_only,ucr_011_p0,none,f321bb77e6ef3601,,2026-07-31 04:48:33,0.7197757038846319,0.5622262490007992,1.0,0.4590876763458295,0.9854376472219191,0.4874759152215799,64,0.0,1,0.012738853503184714,0.00641025641025641,1.0,0.07711028564109133,0.3657546068328342,19699,301,1.0,1.0,1.0,1.0,1.0,1.0,0.07931745128411606,0.47312220937199473,0.040101252331468155,1.0,7,75.24804261147975,0.99,True,0.3986231046804658,0.9856418515591243
ucr011_v1,ucr_split_w2p,ucr_011,seed0,federated_fedavg_cb_only,ucr_011_p1,none,f321bb77e6ef3601,,2026-07-31 04:48:33,0.7266529408074841,0.5706636973491626,1.0,0.6163886342206785,0.9907489781004786,0.5910112359550561,64,0.0,1,0.010810810810810811,0.005434782608695652,1.0,0.09333333333333334,0.296867861312757,19699,301,1.0,1.0,1.0,1.0,1.0,1.0,0.09595178227246962,0.6429478944276489,0.04895104895104895,1.0,7,75.50962867548067,0.99,True,0.5727387627016883,0.9908440750196023
ucr011_v1,ucr_split_w2p,ucr_011,seed0,federated_fedavg_cb_only,ucr_011_p2,none,f321bb77e6ef3601,,2026-07-31 04:48:33,0.8004305952950046,0.6672649303621166,1.0,0.983283831530064,0.9997409518232793,0.9391025641025642,64,0.0,1,0.009523809523809525,0.004784688995215311,1.0,0.06489866321690384,0.4403269201482309,19699,301,1.0,1.0,1.0,1.0,1.0,1.0,0.06685947534107349,0.9837908197008052,0.033537604456824514,1.0,7,61.76320856750011,0.99,True,0.9708865877495609,0.9997128621145193
ucr011_v1,ucr_split_w2p,ucr_011,seed0,federated_fedavg_cb_only,ucr_011_p3,none,f321bb77e6ef3601,,2026-07-31 04:48:33,0.8311461806099211,0.7110779524539882,1.0,0.5711787948825516,0.9870437121873566,0.5248380129589633,64,0.0,1,0.01652892561983471,0.008333333333333333,1.0,0.1428910515072395,0.1833087974008833,19699,301,1.0,1.0,1.0,1.0,1.0,1.0,0.1468732469547268,0.607453717184528,0.07694274028629856,1.0,7,73.08994685559223,0.99,True,0.5316944714552285,0.9871154406730874
ucr011_v1,ucr_split_w2p,ucr_011,seed0,federated_fedavg_cb_only,ucr_011_p4,none,f321bb77e6ef3601,,2026-07-31 04:48:33,0.5746419413829129,0.403156201986498,1.0,0.6057436918197564,0.988880491935186,0.557979334098737,64,0.0,1,0.010050251256281409,0.005050505050505051,1.0,0.045647558386411886,0.6389156809990355,19699,301,1.0,1.0,1.0,1.0,1.0,1.0,0.04704107693081407,0.6606599382424809,0.023356871265616513,1.0,7,82.73873446077103,0.99,True,0.5777691566604441,0.9889192817012313
ucr011_v1,ucr_split_w2p,ucr_011,seed0,federated_fedavg_cb_sharedprior,ucr_011_p0,none,f321bb77e6ef3601,,2026-07-31 04:48:33,0.8086021641536223,0.6788183823529411,0.9997439368770763,0.3588362826499285,0.9688506373074235,0.4744958481613286,64,36.0,1,0.22641509433962262,0.1276595744680851,1.0,0.4525993883792049,0.0232499111630032,19699,301,0.0,0.0,1.0,1.0,1.0,1.0,0.45392281381563604,0.3583191675506817,0.3264705882352941,0.7375415282392026,7,128.82651249845821,0.99,True,0.3618044089725334,0.9747680319827481
ucr011_v1,ucr_split_w2p,ucr_011,seed0,federated_fedavg_cb_sharedprior,ucr_011_p1,none,f321bb77e6ef3601,,2026-07-31 04:48:33,,,,0.3095259641945986,0.8954713622746588,0.3604395604395605,64,301.0,1,0.0,0.0,0.0,0.0,0.0,19699,301,1.0,1.0,1.0,1.0,1.0,1.0,0.0,0.3335462543201154,0.0,0.0,7,143.10876230239867,0.99,True,0.28949331821582774,0.9151240143498554
ucr011_v1,ucr_split_w2p,ucr_011,seed0,federated_fedavg_cb_sharedprior,ucr_011_p2,none,f321bb77e6ef3601,,2026-07-31 04:48:33,0.9992262289838548,1.0,0.99845365448505,0.9015754367118842,0.9980057000717948,0.792156862745098,64,51.0,1,1.0,1.0,1.0,0.4074074074074074,0.0,19699,301,1.0,1.0,1.0,1.0,1.0,1.0,0.43595322846529855,0.911177545105772,1.0,0.2558139534883721,7,169.92366352995236,0.99,True,0.8802834696558883,0.9981077987219733
ucr011_v1,ucr_split_w2p,ucr_011,seed0,federated_fedavg_cb_sharedprior,ucr_011_p3,none,f321bb77e6ef3601,,2026-07-31 04:48:33,0.8239044828334947,0.7005421505376342,1.0,0.6640953046528213,0.993035213180965,0.639225181598063,64,0.0,1,0.10526315789473684,0.05555555555555555,1.0,0.4890333062550772,0.031930554850500024,19699,301,1.0,1.0,1.0,1.0,1.0,1.0,0.49512736580557515,0.7014168677740185,0.32365591397849464,1.0,7,128.15722790241242,0.99,True,0.6397607674417811,0.992980460666697
ucr011_v1,ucr_split_w2p,ucr_011,seed0,federated_fedavg_cb_sharedprior,ucr_011_p4,none,f321bb77e6ef3601,,2026-07-31 04:48:33,0.7428918320762351,0.5909529911838791,1.0,0.7547247879713278,0.9940371697030339,0.6357243319268636,64,0.0,1,0.05405405405405406,0.027777777777777776,1.0,0.31868713605082055,0.06533326564800243,19699,301,1.0,1.0,1.0,1.0,1.0,1.0,0.325458666231803,0.7990767958082756,0.18954659949622166,1.0,7,103.26847702622406,0.99,True,0.7178672551054107,0.9939629942466671
ucr011_v1,ucr_split_w2p,ucr_011,seed0,federated_shared,ucr_011_p0,none,f321bb77e6ef3601,,2026-07-31 04:48:33,0.8019781650820015,0.6695928427419355,0.9996115448504984,0.42981488449898236,0.9743592900393445,0.4671052631578948,64,37.0,1,0.2727272727272727,0.15789473684210525,1.0,0.4172248803827751,0.02670186303873293,19699,301,1.0,1.0,1.0,1.0,1.0,1.0,0.41743701510247316,0.44663283017897293,0.29301075268817206,0.7242524916943521,7,95.69416011741538,0.99,True,0.3702712485712065,0.9771662583269807
ucr011_v1,ucr_split_w2p,ucr_011,seed0,federated_shared,ucr_011_p1,none,f321bb77e6ef3601,,2026-07-31 04:48:33,0.9741452452904145,0.9564428571428572,0.9925152823920266,0.2275424807414126,0.8904998634768887,0.3204930662557781,64,123.0,1,0.6666666666666666,0.5,1.0,0.032467532467532464,0.00010152799634499213,19699,301,1.0,1.0,1.0,1.0,1.0,1.0,0.03309270575197402,0.2510690776467332,0.7142857142857143,0.016611295681063124,7,147.96605507244666,0.99,True,0.19376325280895473,0.8977167126012491
ucr011_v1,ucr_split_w2p,ucr_011,seed0,federated_shared,ucr_011_p2,none,f321bb77e6ef3601,,2026-07-31 04:48:33,0.9760396736294666,0.9562122093023255,0.9967068106312293,0.7854159294549158,0.993847943105195,0.7450331125827815,64,49.0,1,0.33333333333333337,0.2,1.0,0.5581395348837209,0.0004568759835524646,19699,301,1.0,1.0,1.0,1.0,1.0,1.0,0.6516959430664567,0.832411386302206,0.9302325581395349,0.39867109634551495,7,88.52862001900871,0.99,True,0.7609438035586268,0.9945957404208046
ucr011_v1,ucr_split_w2p,ucr_011,seed0,federated_shared,ucr_011_p3,none,f321bb77e6ef3601,,2026-07-31 04:48:33,0.7855264234776174,0.6468941428571429,0.9997847176079735,0.2804062679532704,0.9692830588732518,0.4212271973466003,64,36.0,1,0.13333333333333333,0.07142857142857142,1.0,0.3923019985196151,0.03984973856540941,19699,301,0.0,0.0,1.0,1.0,1.0,1.0,0.39407197996054477,0.2764424055840789,0.2523809523809524,0.8803986710963455,7,78.48528927367802,0.99,True,0.2795376735284066,0.9748901992738063
ucr011_v1,ucr_split_w2p,ucr_011,seed0,federated_shared,ucr_011_p4,none,f321bb77e6ef3601,,2026-07-31 04:48:33,0.7570893688939674,0.6091824980422864,0.9998481727574751,0.28845531728839235,0.9795296285508869,0.49705304518664045,64,34.0,1,0.07142857142857142,0.037037037037037035,1.0,0.33840304182509506,0.051271638154221026,19699,301,0.0,0.0,1.0,1.0,1.0,1.0,0.34113401164621443,0.28480371113439157,0.2090837901331245,0.8870431893687708,7,63.54093882913927,0.99,True,0.2982953129840885,0.9807831714539075
ucr011_v1,ucr_split_w2p,ucr_011,seed0,local,ucr_011_p0,none,f321bb77e6ef3601,,2026-07-31 04:48:33,0.7268157268340734,0.570864518320477,1.0,0.3207326162295945,0.9720443842622161,0.3407043407043407,64,0.0,1,0.009259259259259259,0.004651162790697674,1.0,0.05141344265095226,0.5638357277019138,19699,301,1.0,1.0,1.0,1.0,1.0,1.0,0.05279890024796303,0.33452489254117945,0.02638499298737728,1.0,7,68.81078042894602,0.99,True,0.2622002814326395,0.9718374971854852
ucr011_v1,ucr_split_w2p,ucr_011,seed0,local,ucr_011_p1,none,f321bb77e6ef3601,,2026-07-31 04:48:33,0.7296547964518695,0.5743752126696832,1.0,0.4045199541852518,0.9848986381250443,0.4809885931558935,64,0.0,1,0.006944444444444445,0.003484320557491289,1.0,0.05303497489207999,0.5456622163561602,19699,301,1.0,1.0,1.0,1.0,1.0,1.0,0.054648815128458345,0.4111931124226421,0.027239819004524886,1.0,7,72.5385071003437,0.99,True,0.38016384415362237,0.98481804453365
ucr011_v1,ucr_split_w2p,ucr_011,seed0,local,ucr_011_p2,none,f321bb77e6ef3601,,2026-07-31 04:48:33,0.9025529631588513,0.8224185990338164,0.9999893687707642,0.9649466217070343,0.9993086989086079,0.9028776978417266,64,8.0,1,0.25,0.14285714285714285,1.0,0.8195804195804196,0.006142443778872024,19699,301,1.0,1.0,1.0,1.0,1.0,1.0,0.8211960626221202,0.9673096904701299,0.7077294685990339,0.973421926910299,7,97.82314854803184,0.99,True,0.954504697369307,0.9993746652648582
ucr011_v1,ucr_split_w2p,ucr_011,seed0,local,ucr_011_p3,none,f321bb77e6ef3601,,2026-07-31 04:48:33,0.8280409178950318,0.7065442220113852,1.0,0.5068148565948792,0.9868403188923531,0.5068493150684932,64,0.0,1,0.03389830508474576,0.017241379310344827,1.0,0.2050408719346049,0.11848317173460582,19699,301,1.0,1.0,1.0,1.0,1.0,1.0,0.20941818919158206,0.5254359935478837,0.11423149905123339,1.0,7,79.6831641031305,0.99,True,0.4571545793266537,0.9868178277335584
ucr011_v1,ucr_split_w2p,ucr_011,seed0,local,ucr_011_p4,none,f321bb77e6ef3601,,2026-07-31 04:48:33,0.567027129334442,0.3956998355949898,1.0,0.447806899617108,0.9833728511102052,0.4963954685890834,64,0.0,1,0.008849557522123894,0.0044444444444444444,1.0,0.06092500759032487,0.471039139042591,19699,301,1.0,1.0,1.0,1.0,1.0,1.0,0.06267140491469664,0.464423525042422,0.031419624217119,1.0,7,88.3715136557817,0.99,True,0.38667032033167265,0.9832294941250128
ucr014_abl_fidelity_znorm,ucr_split_w2p,ucr_014,seed0,centralized,ucr_014_p0,zscore,,,,0.6576318599143547,0.4899042522510975,1.0,0.9974739614821124,0.9999882448631182,0.9758454106280194,64,0.0,1,0.022727272727272724,0.011494252873563218,1.0,0.017643462311118876,0.513585095209827,21899,101,1.0,1.0,1.0,1.0,1.0,1.0,0.020698348875705715,0.9971230459670375,0.00890024673951357,1.0,7,45.04835034842292,0.99,True,0.9605220725942204,0.9998403994360081
ucr014_abl_fidelity_znorm,ucr_split_w2p,ucr_014,seed0,centralized,ucr_014_p1,zscore,,,,0.6815388014611716,0.5169198776698778,1.0,0.9974739614821124,0.9999882448631182,0.9758454106280194,64,0.0,1,0.1111111111111111,0.058823529411764705,1.0,0.009582542694497154,0.9533768665235856,21899,101,1.0,1.0,1.0,1.0,1.0,1.0,0.011250224386929025,0.9971230459670375,0.004814338147671481,1.0,7,34.1039572228988,0.99,True,0.9605220725942204,0.9998403994360081
ucr014_abl_fidelity_znorm,ucr_split_w2p,ucr_014,seed0,centralized,ucr_014_p2,zscore,,,,0.6528030891714885,0.48456397422261144,1.0,0.9974739614821124,0.9999882448631182,0.9758454106280194,64,0.0,1,0.02150537634408602,0.010869565217391304,1.0,0.027423296225902796,0.3271382254897484,21899,101,1.0,1.0,1.0,1.0,1.0,1.0,0.032142050021819704,0.9971230459670375,0.013902271163110805,1.0,7,50.03629934380452,0.99,True,0.9605220725942204,0.9998403994360081
ucr014_abl_fidelity_znorm,ucr_split_w2p,ucr_014,seed0,centralized,ucr_014_p3,zscore,,,,0.6619821042536082,0.4947483186570775,1.0,0.9974739614821124,0.9999882448631182,0.9758454106280194,64,0.0,1,0.024390243902439022,0.012345679012345678,1.0,0.0390715667311412,0.22685967395771497,21899,101,1.0,1.0,1.0,1.0,1.0,1.0,0.04574478832834803,0.9971230459670375,0.01992503452357467,1.0,7,53.50036611447731,0.99,True,0.9605220725942204,0.9998403994360081
ucr014_abl_fidelity_znorm,ucr_split_w2p,ucr_014,seed0,centralized,ucr_014_p4,zscore,,,,0.6610161637074512,0.49367000989176146,1.0,0.9974739614821124,0.9999882448631182,0.9758454106280194,64,0.0,1,0.024096385542168676,0.012195121951219513,1.0,0.04139344262295082,0.21361706013973242,21899,101,1.0,1.0,1.0,1.0,1.0,1.0,0.04845271856591984,0.9971230459670375,0.021134128478761248,1.0,7,54.05870801538227,0.99,True,0.9605220725942204,0.9998403994360081
ucr014_abl_znorm,ucr_split_w2p,ucr_014,seed0,centralized,ucr_014_p0,zscore,,,,0.6574874436776018,0.48974398085235427,1.0,0.9440119220128049,0.9997223979213301,0.8810572687224669,64,0.0,1,0.031746031746031744,0.016129032258064516,1.0,0.01691508959973204,0.5360975387003972,21899,101,1.0,1.0,1.0,1.0,1.0,1.0,0.019845217274806554,0.9840962177992338,0.008529684992821552,1.0,7,51.05196342336635,0.99,True,0.904920159276187,0.9996639948357005
ucr014_abl_znorm,ucr_split_w2p,ucr_014,seed0,centralized,ucr_014_p1,zscore,,,,0.6636341776375094,0.4965961913514861,1.0,0.9440119220128049,0.9997223979213301,0.8810572687224669,64,0.0,1,0.0273972602739726,0.013888888888888888,1.0,0.01374991491389286,0.6616283848577561,21899,101,1.0,1.0,1.0,1.0,1.0,1.0,0.016136544065233672,0.9840962177992338,0.006922549691569568,1.0,7,47.56487697596041,0.99,True,0.904920159276187,0.9996639948357005
ucr014_abl_znorm,ucr_split_w2p,ucr_014,seed0,centralized,ucr_014_p2,zscore,,,,0.663423277453741,0.4963600414870908,1.0,0.9440119220128049,0.9997223979213301,0.8810572687224669,64,0.0,1,0.04081632653061225,0.020833333333333332,1.0,0.0437703141928494,0.2015160509612311,21899,101,1.0,1.0,1.0,1.0,1.0,1.0,0.05122357434742586,0.9840962177992338,0.022374833850243685,1.0,7,62.45403357754151,0.99,True,0.904920159276187,0.9996639948357005
ucr014_abl_znorm,ucr_split_w2p,ucr_014,seed0,centralized,ucr_014_p3,zscore,,,,0.7178541823813941,0.5598849776031722,1.0,0.9440119220128049,0.9997223979213301,0.8810572687224669,64,0.0,1,0.04081632653061225,0.020833333333333332,1.0,0.07838571982925883,0.1084524407507192,21899,101,1.0,1.0,1.0,1.0,1.0,1.0,0.09143825678160032,0.9840962177992338,0.04079159935379645,1.0,7,67.27881549802919,0.99,True,0.904920159276187,0.9996639948357005
ucr014_abl_znorm,ucr_split_w2p,ucr_014,seed0,centralized,ucr_014_p4,zscore,,,,0.9231497408309571,0.8572684391080618,1.0,0.9440119220128049,0.9997223979213301,0.8810572687224669,64,0.0,1,0.5,0.3333333333333333,1.0,0.645367412140575,0.005068724599296771,21899,101,1.0,1.0,1.0,1.0,1.0,1.0,0.691472366568885,0.9840962177992338,0.47641509433962265,1.0,7,81.58938574035959,0.99,True,0.904920159276187,0.9996639948357005
ucr014_cb128,ucr_split,ucr_014,seed0,federated_cb_only,ucr_014_p0,none,ec92dc76f777ae7c,--codebook-size 128,2026-08-02 04:44:10,0.6393973401761911,0.4703499558693736,0.9981345634563458,0.019210470882104536,0.8382705661771255,0.05761316872427984,64,9.0,1,0.03225806451612903,0.01639344262295082,1.0,0.04538087520259319,0.050458925065071464,21899,101,0.0,0.0,0.0,0.0,0.0,0.0,0.05066867373851409,0.02336985593539033,0.02471315092674316,0.27722772277227725,7,53.30135146004458,0.99,True,0.02459141679329933,0.869445211040165
ucr014_cb128,ucr_split,ucr_014,seed0,federated_cb_only,ucr_014_p1,none,ec92dc76f777ae7c,--codebook-size 128,2026-08-02 04:44:10,0.6745321615148175,0.5089310336239102,0.9998847884788479,0.07113056490465554,0.9537729242123718,0.20212765957446804,64,0.0,1,0.02,0.010101010101010102,1.0,0.08826583592938733,0.07945568290789534,21899,101,0.0,0.0,0.0,0.0,0.0,0.0,0.08913696376473085,0.07920527998601799,0.04657534246575343,0.8415841584158416,7,41.55695397379031,0.99,True,0.08018137820109836,0.958415450210408
ucr014_cb128,ucr_split,ucr_014,seed0,federated_cb_only,ucr_014_p2,none,ec92dc76f777ae7c,--codebook-size 128,2026-08-02 04:44:10,0.6630594348469011,0.4959620019391477,0.9999626462646264,0.11940032784487428,0.9731951230649802,0.2835051546391753,64,0.0,1,0.03418803418803419,0.017391304347826087,1.0,0.08695652173913043,0.08580300470341111,21899,101,0.0,0.0,0.0,0.0,1.0,1.0,0.091124263525275,0.1341388042337552,0.0457084814626714,0.8910891089108911,7,36.12713373461117,0.99,True,0.14475016755755982,0.9791940111300859
ucr014_cb128,ucr_split,ucr_014,seed0,federated_cb_only,ucr_014_p3,none,ec92dc76f777ae7c,--codebook-size 128,2026-08-02 04:44:10,0.6758469307372162,0.5104162832310837,0.9999351935193519,0.15228705358585626,0.9658553964442519,0.35555555555555557,64,0.0,1,0.015151515151515152,0.007633587786259542,1.0,0.08653378706854643,0.08525503447646011,21899,101,0.0,0.0,1.0,1.0,1.0,1.0,0.08795950579326393,0.178079448489933,0.04550102249488753,0.8811881188118812,7,51.40632305459274,0.99,True,0.17903023642433627,0.9724866637421941
ucr014_cb128,ucr_split,ucr_014,seed0,federated_cb_only,ucr_014_p4,none,ec92dc76f777ae7c,--codebook-size 128,2026-08-02 04:44:10,0.6764572921020905,0.5111383803909402,0.9998375337533754,0.562221567722297,0.9924206494351431,0.5818181818181819,64,0.0,1,0.33333333333333337,0.2,1.0,0.41624365482233505,0.009635143157221792,21899,101,1.0,1.0,1.0,1.0,1.0,1.0,0.45218897569502836,0.6479458218291461,0.27986348122866894,0.8118811881188119,7,52.63905743171767,0.99,True,0.45175081108161813,0.9951706797214823
ucr014_cb128,ucr_split,ucr_014,seed0,federated_fedavg_cb_only,ucr_014_p0,none,ec92dc76f777ae7c,--codebook-size 128,2026-08-02 04:44:10,0.6587514483393135,0.4911915829145727,0.9998190819081908,0.28905080641061254,0.9612207076682827,0.3458646616541354,64,0.0,1,0.05063291139240507,0.025974025974025976,1.0,0.09332545776727702,0.06908991278140554,21899,101,1.0,1.0,1.0,1.0,1.0,1.0,0.10126384166210269,0.34782232037848404,0.04962311557788945,0.7821782178217822,7,61.46403791040181,0.99,True,0.14654637478716534,0.9696307616407761
ucr014_cb128,ucr_split,ucr_014,seed0,federated_fedavg_cb_only,ucr_014_p1,none,ec92dc76f777ae7c,--codebook-size 128,2026-08-02 04:44:10,0.6638629293999416,0.49688086061665615,0.9998847884788479,0.10261646511529822,0.9763084258560566,0.2398373983739837,64,0.0,1,0.03636363636363636,0.018518518518518517,1.0,0.13654618473895583,0.04835837252842595,21899,101,0.0,0.0,0.0,0.0,1.0,0.0,0.13960353351811042,0.108342702219629,0.0743006993006993,0.8415841584158416,7,44.174306049949166,0.99,True,0.11218433935420198,0.9783531329038656
ucr014_cb128,ucr_split,ucr_014,seed0,federated_fedavg_cb_only,ucr_014_p2,none,ec92dc76f777ae7c,--codebook-size 128,2026-08-02 04:44:10,0.6272648986047562,0.45695886622882814,0.9999351935193519,0.3515029605260546,0.9924735475511112,0.5614035087719298,64,0.0,1,0.08333333333333333,0.043478260869565216,1.0,0.2838915470494418,0.019955249098132333,21899,101,0.0,0.0,1.0,1.0,1.0,1.0,0.29967073419778356,0.3840983044301146,0.16920152091254753,0.8811881188118812,7,68.39114721725385,0.99,True,0.36295544176274064,0.9944521441791968
ucr014_cb128,ucr_split,ucr_014,seed0,federated_fedavg_cb_only,ucr_014_p3,none,ec92dc76f777ae7c,--codebook-size 128,2026-08-02 04:44:10,0.6453776288149324,0.4764756871035941,0.9997821782178219,0.3162204389598983,0.9890351700131883,0.44134078212290506,64,0.0,1,0.4,0.25,1.0,0.4401114206128134,0.008173889218685785,21899,101,0.0,0.0,1.0,1.0,1.0,1.0,0.46417493428873896,0.34579546136340317,0.3062015503875969,0.7821782178217822,7,70.75674796581268,0.99,True,0.30536536411055515,0.9926039644205267
ucr014_cb128,ucr_split,ucr_014,seed0,federated_fedavg_cb_only,ucr_014_p4,none,ec92dc76f777ae7c,--codebook-size 128,2026-08-02 04:44:10,0.7253385732316108,0.5691060606060605,0.9998087308730873,0.6656016239864202,0.9957618210334664,0.6557377049180328,64,5.0,1,0.2857142857142857,0.16666666666666666,1.0,0.5650557620817844,0.0042011050732910175,21899,101,1.0,1.0,1.0,1.0,1.0,1.0,0.6008140262993112,0.7307988841613471,0.4523809523809524,0.7524752475247525,7,107.02470290740327,0.99,True,0.5571925894373009,0.9968961077709729
ucr014_cb128,ucr_split_w2p,ucr_014,seed0,federated_cb_only,ucr_014_p0,none,ec92dc76f777ae7c,--codebook-size 128,2026-08-02 04:44:10,0.6743798937266331,0.5087278704775194,1.0,0.22016489437624928,0.9885961608627185,0.4709897610921501,64,0.0,1,0.19999999999999998,0.1111111111111111,1.0,0.009408915180027016,0.9711402347139139,21899,101,0.0,0.0,1.0,1.0,1.0,1.0,0.011046560020865103,0.24198208384365144,0.004726694122051666,1.0,7,20.439251741166583,0.99,True,0.3397328097345881,0.9917466606820646
ucr014_cb128,ucr_split_w2p,ucr_014,seed0,federated_cb_only,ucr_014_p1,none,ec92dc76f777ae7c,--codebook-size 128,2026-08-02 04:44:10,0.6711567410182802,0.5050684017711624,1.0,0.21957009531894048,0.9904218240445899,0.40609137055837563,64,0.0,1,0.0196078431372549,0.009900990099009901,1.0,0.01589674982293224,0.5710306406685237,21899,101,0.0,0.0,1.0,1.0,1.0,1.0,0.018652256477609624,0.22963153054017793,0.008012057750277645,1.0,7,34.05875414915656,0.99,True,0.23449909858075677,0.9917700507684329
ucr014_cb128,ucr_split_w2p,ucr_014,seed0,federated_cb_only,ucr_014_p2,none,ec92dc76f777ae7c,--codebook-size 128,2026-08-02 04:44:10,0.6496234792075378,0.4810684051484465,1.0,0.16468996255942833,0.9865358470638605,0.3630952380952381,64,0.0,1,0.018691588785046728,0.009433962264150943,1.0,0.020051618026603137,0.4507968400383579,21899,101,0.0,0.0,1.0,1.0,1.0,1.0,0.02351815528971093,0.17501094954928254,0.01012734382833651,1.0,7,28.494934909989436,0.99,True,0.2060812943071735,0.9879135705631853
ucr014_cb128,ucr_split_w2p,ucr_014,seed0,federated_cb_only,ucr_014_p3,none,ec92dc76f777ae7c,--codebook-size 128,2026-08-02 04:44:10,0.6689803281861917,0.5026073936792822,1.0,0.427680264403886,0.993214573295313,0.4046242774566474,64,0.0,1,0.02631578947368421,0.013333333333333334,1.0,0.032797532066893974,0.2720215534955934,21899,101,1.0,1.0,1.0,1.0,1.0,1.0,0.03842170887939643,0.45952147979828345,0.016672169032684054,1.0,7,26.074623671555795,0.99,True,0.3107085632811625,0.993397916568856
ucr014_cb128,ucr_split_w2p,ucr_014,seed0,federated_cb_only,ucr_014_p4,none,ec92dc76f777ae7c,--codebook-size 128,2026-08-02 04:44:10,0.7163689480427278,0.5580801017164653,1.0,0.8967170742993799,0.9989185274068756,0.8524590163934426,64,0.0,1,0.13333333333333333,0.07142857142857142,1.0,0.24754901960784315,0.02803780994565962,21899,101,1.0,1.0,1.0,1.0,1.0,1.0,0.2724283234648704,0.9757505466944394,0.14125874125874127,1.0,7,46.839389434189805,0.99,True,0.8915138780639574,0.999369223913125
ucr014_cb128,ucr_split_w2p,ucr_014,seed0,federated_fedavg_cb_only,ucr_014_p0,none,ec92dc76f777ae7c,--codebook-size 128,2026-08-02 04:44:10,0.6663005826391512,0.4995882685152851,1.0,0.22471222273053812,0.9894434349595058,0.43478260869565216,64,0.0,1,0.06666666666666667,0.034482758620689655,1.0,0.009533698319803663,0.9583085985661446,21899,101,0.0,0.0,1.0,1.0,1.0,1.0,0.011192930805852324,0.2506669177008293,0.004789680846018874,1.0,7,15.712143525340535,0.99,True,0.2881315083644098,0.9924244462334807
ucr014_cb128,ucr_split_w2p,ucr_014,seed0,federated_fedavg_cb_only,ucr_014_p1,none,ec92dc76f777ae7c,--codebook-size 128,2026-08-02 04:44:10,0.6592668275943233,0.4917211277851814,1.0,0.21240633797988231,0.9910837286751644,0.4043126684636118,64,0.0,1,0.02247191011235955,0.011363636363636364,1.0,0.014203346927295739,0.6402118818210877,21899,101,0.0,0.0,1.0,1.0,1.0,1.0,0.01666797090458864,0.21967937119461117,0.0071524679555272285,1.0,7,17.809283283414015,0.99,True,0.2507492852051601,0.9918906100927423
ucr014_cb128,ucr_split_w2p,ucr_014,seed0,federated_fedavg_cb_only,ucr_014_p2,none,ec92dc76f777ae7c,--codebook-size 128,2026-08-02 04:44:10,0.6554271204456057,0.48746120824839273,1.0,0.33806516131868247,0.9959404086899397,0.5555555555555556,64,0.0,1,0.021276595744680854,0.010752688172043012,1.0,0.01571373006612213,0.5777889401342527,21899,101,0.0,0.0,1.0,1.0,1.0,1.0,0.018437829044405257,0.3269599804261004,0.007919084208875648,1.0,7,29.324076553952494,0.99,True,0.4029593244233008,0.9964668490676246
ucr014_cb128,ucr_split_w2p,ucr_014,seed0,federated_fedavg_cb_only,ucr_014_p3,none,ec92dc76f777ae7c,--codebook-size 128,2026-08-02 04:44:10,0.6727508522834665,0.5068760853536061,1.0,0.1719475798298982,0.9894086216695097,0.3537414965986394,64,0.0,1,0.016666666666666666,0.008403361344537815,1.0,0.014024855932791779,0.648477099410932,21899,101,0.0,0.0,1.0,1.0,1.0,1.0,0.016458783074039487,0.16911674002523802,0.007061949377709411,1.0,7,38.67137686789035,0.99,True,0.20303152386225812,0.9901565300089921
ucr014_cb128,ucr_split_w2p,ucr_014,seed0,federated_fedavg_cb_only,ucr_014_p4,none,ec92dc76f777ae7c,--codebook-size 128,2026-08-02 04:44:10,0.7391913098801391,0.5862834827144686,1.0,0.8598682968513328,0.9986707652910595,0.8390804597701149,64,0.0,1,0.5,0.3333333333333333,1.0,0.44298245614035087,0.01159870313712955,21899,101,1.0,1.0,1.0,1.0,1.0,1.0,0.47423803879200854,0.9565872164175536,0.28450704225352114,1.0,7,85.02447013338401,0.99,True,0.7771503833448902,0.9989744340528789
ucr014_cb128base,ucr_split,ucr_014,seed0,centralized,ucr_014_p0,none,ec92dc76f777ae7c,--codebook-size 128,2026-08-02 12:01:48,0.7221933728735863,0.5651821248926513,0.9999997749774978,0.833021479792468,0.9986074684001575,0.7699115044247787,64,0.0,1,0.039999999999999994,0.02040816326530612,1.0,0.2375296912114014,0.029270742956299375,21899,101,1.0,1.0,1.0,1.0,1.0,1.0,0.2550431710663846,0.868853101238485,0.1349527665317139,0.9900990099009901,7,113.78550991694131,0.99,True,0.7113481337518245,0.9988611515071514
ucr014_cb128base,ucr_split,ucr_014,seed0,centralized,ucr_014_p1,none,ec92dc76f777ae7c,--codebook-size 128,2026-08-02 12:01:48,0.6977824172898106,0.5358416493176035,1.0,0.8153401107130736,0.9976173241781916,0.7339449541284404,64,0.0,1,0.010050251256281409,0.005050505050505051,1.0,0.09777347531461762,0.08511804191972236,21899,101,1.0,1.0,1.0,1.0,1.0,1.0,0.11133955585755717,0.8868566129240654,0.051399491094147584,1.0,7,110.14180621385573,0.99,True,0.6560180262524387,0.998059869360043
ucr014_cb128base,ucr_split,ucr_014,seed0,centralized,ucr_014_p2,none,ec92dc76f777ae7c,--codebook-size 128,2026-08-02 12:01:48,0.7286038080695569,0.5730737693678873,1.0,0.8493485724207462,0.9983981365395319,0.7714285714285715,64,0.0,1,0.03225806451612903,0.01639344262295082,1.0,0.2643979057591623,0.02566327229553861,21899,101,1.0,1.0,1.0,1.0,1.0,1.0,0.2906619317866149,0.9197924514489851,0.15233785822021115,1.0,7,115.6958621152242,0.99,True,0.6982889372449671,0.9985232269387939
ucr014_cb128base,ucr_split,ucr_014,seed0,centralized,ucr_014_p3,none,ec92dc76f777ae7c,--codebook-size 128,2026-08-02 12:01:48,0.739455221921966,0.5866155925451702,1.0,0.8748046758666995,0.9987548597318291,0.788235294117647,64,0.0,1,0.03389830508474576,0.017241379310344827,1.0,0.27297297297297296,0.024567331841636605,21899,101,1.0,1.0,1.0,1.0,1.0,1.0,0.3001675844435475,0.9357989552907741,0.15805946791862285,1.0,7,116.54011031150817,0.99,True,0.7381387797153719,0.9989118047502702
ucr014_cb128base,ucr_split,ucr_014,seed0,centralized,ucr_014_p4,none,ec92dc76f777ae7c,--codebook-size 128,2026-08-02 12:01:48,0.8332265229056808,0.7141400293255133,0.9999779477947796,0.8667555990529977,0.998953792817521,0.76,64,0.0,1,0.2857142857142857,0.16666666666666666,1.0,0.734375,0.002785515320334262,21899,101,1.0,1.0,1.0,1.0,1.0,1.0,0.7551427976611282,0.9099537751679965,0.6064516129032258,0.9306930693069307,7,128.25106205383932,0.99,True,0.7115859196991401,0.9988664758767897
ucr014_cb128base,ucr_split,ucr_014,seed0,local,ucr_014_p0,none,ec92dc76f777ae7c,--codebook-size 128,2026-08-02 12:01:48,0.6844194832384931,0.5202419125993188,0.9999981998199821,0.22506823577661336,0.9159810633787249,0.2898550724637681,64,0.0,1,0.012658227848101266,0.006369426751592357,1.0,0.027136662470275564,0.3174117539613681,21899,101,1.0,1.0,1.0,1.0,1.0,1.0,0.030342709125898114,0.25777491117344153,0.013762769580022701,0.9603960396039604,7,121.63853587547938,0.99,True,0.10369964527598821,0.9345942928322712
ucr014_cb128base,ucr_split,ucr_014,seed0,local,ucr_014_p1,none,ec92dc76f777ae7c,--codebook-size 128,2026-08-02 12:01:48,0.6820920678503806,0.5175742928193967,0.9999342934293428,0.38407724798499265,0.9187629617338646,0.41052631578947363,64,0.0,1,0.012048192771084336,0.006060606060606061,1.0,0.026625860749808723,0.28983058587150096,21899,101,1.0,1.0,1.0,1.0,1.0,1.0,0.028679451419241275,0.4663266845988836,0.013521914827479017,0.8613861386138614,7,117.54207846085228,0.99,True,0.24793182183322027,0.9493858490282551
ucr014_cb128base,ucr_split,ucr_014,seed0,local,ucr_014_p2,none,ec92dc76f777ae7c,--codebook-size 128,2026-08-02 12:01:48,0.6940181734215736,0.5314148782911081,1.0,0.17339062563059177,0.9722253242722326,0.33676975945017185,64,0.0,1,0.006644518272425249,0.0033333333333333335,1.0,0.03612949382936863,0.2460842960865793,21899,101,0.0,0.0,1.0,1.0,1.0,1.0,0.041182820001596405,0.19992541756689175,0.018397085610200363,1.0,7,115.06047991673152,0.99,True,0.17833434476984236,0.9757039120450608
ucr014_cb128base,ucr_split,ucr_014,seed0,local,ucr_014_p3,none,ec92dc76f777ae7c,--codebook-size 128,2026-08-02 12:01:48,0.6891120738482004,0.5257047087465118,0.9999230423042303,0.1062938577165024,0.94476396815443,0.2254697286012526,64,0.0,1,0.017167381974248927,0.008658008658008658,1.0,0.05437875434713879,0.13589661628384858,21899,101,0.0,0.0,1.0,1.0,1.0,1.0,0.05540813981391668,0.12056055307220306,0.028086218158066622,0.8514851485148515,7,115.63687207778294,0.99,True,0.1068973836204715,0.9552249832361718
ucr014_cb128base,ucr_split,ucr_014,seed0,local,ucr_014_p4,none,ec92dc76f777ae7c,--codebook-size 128,2026-08-02 12:01:48,0.7151809586379131,0.5567341040462429,0.9996946444644466,0.66259525759416,0.9870548815692566,0.6329113924050632,64,0.0,1,0.375,0.23076923076923078,1.0,0.5255474452554745,0.004612082743504269,21899,101,1.0,1.0,1.0,1.0,1.0,1.0,0.5326988610558454,0.7515404883063423,0.4161849710982659,0.7128712871287128,7,126.66786980470017,0.99,True,0.47867257431248156,0.9918858650297551
ucr014_cb128base,ucr_split_w2p,ucr_014,seed0,centralized,ucr_014_p0,none,ec92dc76f777ae7c,--codebook-size 128,2026-08-02 12:01:48,0.6386062485925049,0.4690826940642803,1.0,0.7174078910260538,0.997580250284949,0.6292134831460674,64,0.0,1,0.02469135802469136,0.0125,1.0,0.01705360911777121,0.53166811269921,21899,101,1.0,1.0,1.0,1.0,1.0,1.0,0.020007471996001308,0.7958043233784915,0.008600136239782017,1.0,7,91.49695151011149,0.99,True,0.5724908686569906,0.9977775882252417
ucr014_cb128base,ucr_split_w2p,ucr_014,seed0,centralized,ucr_014_p1,none,ec92dc76f777ae7c,--codebook-size 128,2026-08-02 12:01:48,0.6608727547650636,0.49351005075631943,1.0,0.8122819009246723,0.9976539459507849,0.8255813953488372,64,0.0,1,0.030303030303030307,0.015384615384615385,1.0,0.012330606763520938,0.7388465226722681,21899,101,1.0,1.0,1.0,1.0,1.0,1.0,0.014472808539434175,0.8997774936384608,0.0062035501504821575,1.0,7,80.71114348689714,0.99,True,0.6596574181362279,0.9974332835381039
ucr014_cb128base,ucr_split_w2p,ucr_014,seed0,centralized,ucr_014_p2,none,ec92dc76f777ae7c,--codebook-size 128,2026-08-02 12:01:48,0.6559320285151129,0.48801998294063825,1.0,0.8534436854165236,0.9984243595371912,0.8457142857142858,64,0.0,1,0.025641025641025647,0.012987012987012988,1.0,0.05346744309158285,0.1632951276313987,21899,101,1.0,1.0,1.0,1.0,1.0,1.0,0.06243514104563008,0.92686161433088,0.027468044601577372,1.0,7,102.21297518849373,0.99,True,0.7377364048390613,0.9983307345079564
ucr014_cb128base,ucr_split_w2p,ucr_014,seed0,centralized,ucr_014_p3,none,ec92dc76f777ae7c,--codebook-size 128,2026-08-02 12:01:48,0.7036572014222752,0.5428017976373909,1.0,0.8118248555079223,0.9978121881780396,0.8187134502923976,64,0.0,1,0.07692307692307693,0.04,1.0,0.20486815415821502,0.03580072149413215,21899,101,1.0,1.0,1.0,1.0,1.0,1.0,0.22143201971670642,0.89891126691015,0.11412429378531073,1.0,7,113.3818944823742,0.99,True,0.6658477343586959,0.9977077867474671
ucr014_cb128base,ucr_split_w2p,ucr_014,seed0,centralized,ucr_014_p4,none,ec92dc76f777ae7c,--codebook-size 128,2026-08-02 12:01:48,0.7326448718772453,0.5780896416637863,1.0,0.8170059458483666,0.9980355357787936,0.7904191616766467,64,0.0,1,0.11764705882352941,0.0625,1.0,0.22696629213483147,0.031416959678524134,21899,101,1.0,1.0,1.0,1.0,1.0,1.0,0.24355280505327026,0.9050256932446388,0.12801013941698353,1.0,7,112.5069622679551,0.99,True,0.6622184184385542,0.997875995641138
ucr014_cb128base,ucr_split_w2p,ucr_014,seed0,local,ucr_014_p0,none,ec92dc76f777ae7c,--codebook-size 128,2026-08-02 12:01:48,0.6750133721154544,0.5094491958708828,1.0,0.8427813906099086,0.9980355357787936,0.8379888268156426,64,0.0,1,1.0,1.0,1.0,0.009352717844244837,0.9770309146536371,21899,101,1.0,1.0,1.0,1.0,1.0,1.0,0.010980639353040063,0.9542805251194457,0.004698329999534819,1.0,7,72.93320127367973,0.99,True,0.8338570947298619,0.9988649746829887
ucr014_cb128base,ucr_split_w2p,ucr_014,seed0,local,ucr_014_p1,none,ec92dc76f777ae7c,--codebook-size 128,2026-08-02 12:01:48,0.6681567993020727,0.50167827485393,1.0,0.7661977142827022,0.991458988814083,0.7976878612716762,64,0.0,1,0.07999999999999999,0.041666666666666664,1.0,0.009735878156930788,0.9382163569112745,21899,101,1.0,1.0,1.0,1.0,1.0,1.0,0.0114300807382361,0.9206718204244978,0.004891751828352787,1.0,7,62.971771623293556,0.99,True,0.6589558646515185,0.9949061446244973
ucr014_cb128base,ucr_split_w2p,ucr_014,seed0,local,ucr_014_p2,none,ec92dc76f777ae7c,--codebook-size 128,2026-08-02 12:01:48,0.6800554648467345,0.5152151827105143,1.0,0.20227558600544884,0.9851713469442748,0.42857142857142855,64,0.0,1,0.2222222222222222,0.125,1.0,0.009625464595444583,0.949084433079136,21899,101,0.0,0.0,1.0,1.0,1.0,1.0,0.011300570578134106,0.2317021822967431,0.004836006703375628,1.0,7,86.52203046441078,0.99,True,0.23649371890781234,0.9868348273927899
ucr014_cb128base,ucr_split_w2p,ucr_014,seed0,local,ucr_014_p3,none,ec92dc76f777ae7c,--codebook-size 128,2026-08-02 12:01:48,0.6750343215638133,0.5094730622460606,1.0,0.10206780726028954,0.9641115670999038,0.208955223880597,64,0.0,1,0.03571428571428572,0.01818181818181818,1.0,0.011138682106424042,0.8188958399926938,21899,101,0.0,0.0,1.0,1.0,1.0,1.0,0.013075273226491492,0.11691449731912626,0.005600532327825219,1.0,7,88.84910854528347,0.99,True,0.11354032043145051,0.9712480680203857
ucr014_cb128base,ucr_split_w2p,ucr_014,seed0,local,ucr_014_p4,none,ec92dc76f777ae7c,--codebook-size 128,2026-08-02 12:01:48,0.6539046785985598,0.48577888073912157,1.0,0.3909424533856859,0.996120352708361,0.6172839506172839,64,0.0,1,0.04347826086956522,0.022222222222222223,1.0,0.0754012691302725,0.11311018767980273,21899,101,0.0,0.0,1.0,1.0,1.0,1.0,0.08695769045580949,0.3970240735926239,0.03917765709852599,1.0,7,99.18765703399971,0.99,True,0.4294318288773376,0.9966676609473194
ucr014_enc,ucr_split,ucr_014,seed0,federated_enc_commoninit,ucr_014_p0,none,ec92dc76f777ae7c,,2026-08-02 00:56:21,0.6334173013531246,0.4638089209855565,0.9985861836183617,0.025961452275677834,0.8945279385694631,0.07413376309427881,64,2.0,1,0.07843137254901959,0.04081632653061224,1.0,0.07002561912894961,0.04698844696104845,21899,101,0.0,0.0,0.0,0.0,0.0,0.0,0.0714441607022658,0.0303047547775612,0.038317757009345796,0.40594059405940597,7,45.64330901008876,0.99,True,0.03130970381766955,0.9123382843542315
ucr014_enc,ucr_split,ucr_014,seed0,federated_enc_commoninit,ucr_014_p1,none,ec92dc76f777ae7c,,2026-08-02 00:56:21,0.4447516183350745,0.28606909756909754,0.9987684518451844,0.050256657946435565,0.9034754062191004,0.14348462664714495,64,19.0,1,0.25,0.14285714285714285,1.0,0.03208556149732621,0.012192337549659801,21899,101,0.0,0.0,0.0,0.0,0.0,0.0,0.032249360999666334,0.05830342210919362,0.02197802197802198,0.0594059405940594,7,41.73754452933891,0.99,True,0.055527947754251857,0.9241894457616249
ucr014_enc,ucr_split,ucr_014,seed0,federated_enc_commoninit,ucr_014_p2,none,ec92dc76f777ae7c,,2026-08-02 00:56:21,0.5827896375453476,0.41127472040748553,0.9996948694869487,0.08854555606291617,0.9665295083323575,0.20472440944881892,64,0.0,1,0.10526315789473684,0.05555555555555555,1.0,0.15835140997830802,0.03415681081327915,21899,101,0.0,0.0,0.0,0.0,1.0,1.0,0.16507561205462473,0.09883121341328363,0.08891595615103533,0.7227722772277227,7,30.917730764436893,0.99,True,0.10209556682700989,0.9735356016203262
ucr014_enc,ucr_split,ucr_014,seed0,federated_enc_commoninit,ucr_014_p3,none,ec92dc76f777ae7c,,2026-08-02 00:56:21,0.6242821709673704,0.453870414320193,0.9995927092709271,0.05498394503401887,0.9199818790043759,0.1691542288557214,64,8.0,1,0.03333333333333333,0.01694915254237288,1.0,0.10398050365556458,0.048678021827480704,21899,101,0.0,0.0,1.0,0.0,1.0,1.0,0.10571142612302036,0.06285585852023161,0.05663716814159292,0.6336633663366337,7,37.15668973724047,0.99,True,0.05971027330371564,0.9266351200269183
ucr014_enc,ucr_split,ucr_014,seed0,federated_enc_commoninit,ucr_014_p4,none,ec92dc76f777ae7c,,2026-08-02 00:56:21,0.9997750394131173,1.0,0.9995501800180019,0.7806094178677249,0.9915661414079671,0.7515151515151515,64,12.0,1,1.0,1.0,1.0,0.6883116883116883,0.0,21899,101,1.0,1.0,1.0,1.0,1.0,1.0,0.7655180796979686,0.8858895867101908,1.0,0.5247524752475248,7,56.174942826330614,0.99,True,0.6298234872654234,0.9953870362130044
ucr014_enc,ucr_split,ucr_014,seed0,federated_enc_fedavg,ucr_014_p0,none,ec92dc76f777ae7c,,2026-08-02 00:56:21,0.6243552151579064,0.45428405413356876,0.9979653465346534,0.024285431276540793,0.7403226965922312,0.10465116279069767,64,0.0,1,0.08888888888888888,0.046511627906976744,1.0,0.07232267037552156,0.027033197862916115,21899,101,0.0,0.0,0.0,0.0,0.0,0.0,0.07267711379420476,0.02766801793632674,0.042071197411003236,0.25742574257425743,7,84.47743859333606,0.99,True,0.02802672881630191,0.7914197934820538
ucr014_enc,ucr_split,ucr_014,seed0,federated_enc_fedavg,ucr_014_p1,none,ec92dc76f777ae7c,,2026-08-02 00:56:21,0.6759425573228652,0.5105423871870887,0.9998699369936994,0.2032750428817091,0.900529840188914,0.25961538461538464,64,0.0,1,0.007092198581560283,0.0035587188612099642,1.0,0.029887920298879204,0.24823051280880407,21899,101,0.0,0.0,1.0,1.0,1.0,1.0,0.030942532760150313,0.2360072181839976,0.015217391304347827,0.8316831683168316,7,64.33659868060845,0.99,True,0.12918273327245156,0.9220638510478225
ucr014_enc,ucr_split,ucr_014,seed0,federated_enc_fedavg,ucr_014_p2,none,ec92dc76f777ae7c,,2026-08-02 00:56:21,0.691147722892122,0.5280624739195232,0.9999779477947796,0.29222881134235396,0.9687756437180773,0.4244897959183673,64,0.0,1,0.011235955056179775,0.005649717514124294,1.0,0.05966359885750555,0.13498333257226358,21899,101,1.0,1.0,1.0,1.0,1.0,1.0,0.06043683240307895,0.33175625155712807,0.03081967213114754,0.9306930693069307,7,58.099273691152526,0.99,True,0.22921028010404448,0.9732321126035303
ucr014_enc,ucr_split,ucr_014,seed0,federated_enc_fedavg,ucr_014_p3,none,ec92dc76f777ae7c,,2026-08-02 00:56:21,0.6821325624032922,0.5176616976773225,0.9997821782178219,0.17980400377830755,0.9331589353282103,0.30357142857142855,64,0.0,1,0.018691588785046728,0.009433962264150943,1.0,0.1014771997430957,0.06287958354262752,21899,101,0.0,0.0,1.0,1.0,1.0,1.0,0.10325899877523564,0.21015861463265284,0.05425824175824176,0.7821782178217822,7,66.20039492304748,0.99,True,0.14951864464661804,0.9475388833347155
ucr014_enc,ucr_split,ucr_014,seed0,federated_enc_fedavg,ucr_014_p4,none,ec92dc76f777ae7c,,2026-08-02 00:56:21,0.6280750965999805,0.45788511029411766,0.9996215121512152,0.3993890846928318,0.9711759522452086,0.39769452449567727,64,0.0,1,0.25,0.14285714285714285,1.0,0.38605898123324395,0.00913283711585004,21899,101,1.0,1.0,1.0,1.0,1.0,1.0,0.410908383935233,0.4678756066733282,0.2647058823529412,0.7128712871287128,7,71.07671615531042,0.99,True,0.28074357752860346,0.983183993817381
ucr014_enc,ucr_split,ucr_014,seed0,federated_enc_fedproto_lam1_uniform,ucr_014_p0,none,ec92dc76f777ae7c,,2026-08-02 00:56:21,0.6745707312850886,0.5091921230239617,0.999047704770477,0.026914700329199626,0.8390839312252153,0.08656036446469248,64,0.0,1,0.018181818181818184,0.009174311926605505,1.0,0.05218216318785579,0.08913649025069638,21899,101,0.0,0.0,0.0,0.0,0.0,0.0,0.05846367874722183,0.034963354053018446,0.027404085700049825,0.5445544554455446,7,66.9401509387046,0.99,True,0.03536992895662864,0.8761731473985676
ucr014_enc,ucr_split,ucr_014,seed0,federated_enc_fedproto_lam1_uniform,ucr_014_p1,none,ec92dc76f777ae7c,,2026-08-02 00:56:21,0.5650100167146771,0.39407526427061307,0.9978307830783079,0.04892750663204528,0.8476629205456734,0.15114235500878734,64,14.0,1,0.15384615384615385,0.08333333333333333,1.0,0.12025316455696203,0.008950180373533038,21899,101,0.0,0.0,1.0,0.0,1.0,1.0,0.12639302368469585,0.058377239723713004,0.08837209302325581,0.18811881188118812,7,78.58625071594803,0.99,True,0.05405528645990644,0.8825749723379761
ucr014_enc,ucr_split,ucr_014,seed0,federated_enc_fedproto_lam1_uniform,ucr_014_p2,none,ec92dc76f777ae7c,,2026-08-02 00:56:21,0.6689311012713177,0.5025631897873875,0.99995499549955,0.11809276753423623,0.9634021898011528,0.2836185819070905,64,0.0,1,0.012269938650306747,0.006172839506172839,1.0,0.05825864276568502,0.13388739211836156,21899,101,0.0,0.0,1.0,1.0,1.0,1.0,0.060703894028713117,0.13271736732874975,0.030102547138604035,0.900990099009901,7,54.254074953645464,0.99,True,0.12933094312288393,0.9714401336276334
ucr014_enc,ucr_split,ucr_014,seed0,federated_enc_fedproto_lam1_uniform,ucr_014_p3,none,ec92dc76f777ae7c,,2026-08-02 00:56:21,0.5981153027295112,0.4268612893642304,0.9988458595859586,0.05368538091604656,0.9120675070383882,0.1393258426966292,64,8.0,1,0.08888888888888888,0.046511627906976744,1.0,0.09699769053117784,0.03301520617379789,21899,101,0.0,0.0,1.0,1.0,1.0,1.0,0.09957279000985868,0.06268320243814579,0.054901960784313725,0.4158415841584158,7,77.19932874699431,0.99,True,0.06064237609417236,0.9281446350536665
ucr014_enc,ucr_split,ucr_014,seed0,federated_enc_fedproto_lam1_uniform,ucr_014_p4,none,ec92dc76f777ae7c,,2026-08-02 00:56:21,0.6145747396537217,0.4436309825272222,0.9998429342934294,0.2009682046025193,0.985850884280172,0.39610389610389607,64,5.0,1,0.1111111111111111,0.058823529411764705,1.0,0.3391304347826087,0.012831636147769304,21899,101,0.0,0.0,1.0,1.0,1.0,1.0,0.35039106542812604,0.21617043782300732,0.21727019498607242,0.7722772277227723,7,84.05733493407566,0.99,True,0.22036329841513166,0.9892155988585728
ucr014_enc,ucr_split,ucr_014,seed0,federated_enc_fedprox_mu0.01,ucr_014_p0,none,ec92dc76f777ae7c,,2026-08-02 00:56:21,0.6428996623821825,0.4741076892465512,0.9983229072907289,0.04274463565265614,0.7971275870908703,0.15584415584415584,64,1.0,1,0.05063291139240507,0.025974025974025976,1.0,0.0637732506643047,0.045298872094616194,21899,101,0.0,0.0,1.0,1.0,1.0,1.0,0.06405170360620252,0.04695075493034603,0.03501945525291829,0.3564356435643564,7,77.63181281556685,0.99,True,0.041903218500707134,0.8387164691245143
ucr014_enc,ucr_split,ucr_014,seed0,federated_enc_fedprox_mu0.01,ucr_014_p1,none,ec92dc76f777ae7c,,2026-08-02 00:56:21,0.6917248444005806,0.5287807374610204,0.9998199819981999,0.07721804213397963,0.8856410550868321,0.20803782505910168,64,0.0,1,0.00851063829787234,0.004273504273504274,1.0,0.0413265306122449,0.17069272569523722,21899,101,0.0,0.0,1.0,1.0,1.0,1.0,0.04203235318456308,0.09231565446162554,0.021209740769835034,0.801980198019802,7,65.79468069712321,0.99,True,0.08015555358285888,0.9057703838962018
ucr014_enc,ucr_split,ucr_014,seed0,federated_enc_fedprox_mu0.01,ucr_014_p2,none,ec92dc76f777ae7c,,2026-08-02 00:56:21,0.6500858282563302,0.4816309072568321,0.9997619261926193,0.08164560715265629,0.9451234040706231,0.22510822510822515,64,0.0,1,0.023255813953488372,0.011764705882352941,1.0,0.0982367758186398,0.06434083748116352,21899,101,0.0,0.0,1.0,1.0,1.0,1.0,0.09965809814620441,0.09461217378545832,0.05245460659045057,0.7722772277227723,7,62.93361266324917,0.99,True,0.09066841043231064,0.9518894587784903
ucr014_enc,ucr_split,ucr_014,seed0,federated_enc_fedprox_mu0.01,ucr_014_p3,none,ec92dc76f777ae7c,,2026-08-02 00:56:21,0.6203056750472831,0.44970297029702966,0.9994734473447344,0.0672945551047947,0.9027583428693113,0.18577075098814227,64,9.0,1,0.044444444444444446,0.022727272727272728,1.0,0.12981298129812982,0.034202474998858395,21899,101,0.0,0.0,0.0,0.0,1.0,1.0,0.13293802174659902,0.07914223999384437,0.07301980198019802,0.5841584158415841,7,70.40534450507413,0.99,True,0.06933154425058541,0.9228569248089296
ucr014_enc,ucr_split,ucr_014,seed0,federated_enc_fedprox_mu0.01,ucr_014_p4,none,ec92dc76f777ae7c,,2026-08-02 00:56:21,0.5811264416256838,0.4097493475424097,0.9989257425742574,0.22054745256204963,0.9670263889259376,0.35978835978835977,64,9.0,1,0.33333333333333337,0.2,1.0,0.2709677419354839,0.007625918991734783,21899,101,0.0,0.0,1.0,1.0,1.0,1.0,0.29103033795743627,0.25067219596294354,0.20095693779904306,0.4158415841584158,7,71.90349237812059,0.99,True,0.2089064187933785,0.9781555505648813
ucr014_enc,ucr_split_w2p,ucr_014,seed0,federated_enc_commoninit,ucr_014_p0,none,ec92dc76f777ae7c,,2026-08-02 00:56:21,0.6737669492589542,0.5080305824700118,1.0,0.7002045782403102,0.9944416287375119,0.6605504587155964,64,0.0,1,0.020408163265306124,0.010309278350515464,1.0,0.012987012987012988,0.701036577012649,21899,101,1.0,1.0,1.0,1.0,1.0,1.0,0.015242313391230503,0.8327539523066971,0.006535947712418301,1.0,7,12.828983785690172,0.99,True,0.5373558076911144,0.9961208154642999
ucr014_enc,ucr_split_w2p,ucr_014,seed0,federated_enc_commoninit,ucr_014_p1,none,ec92dc76f777ae7c,,2026-08-02 00:56:21,0.6716467380670109,0.5056235847154439,1.0,0.23029792614084327,0.9912442315056658,0.45695364238410596,64,0.0,1,0.02631578947368421,0.013333333333333334,1.0,0.011422109132032796,0.7983469564820311,21899,101,0.0,0.0,1.0,1.0,1.0,1.0,0.013407620612387185,0.24633773208956106,0.0057438580527752504,1.0,7,22.17167579587481,0.99,True,0.28576816908980435,0.9921641141267092
ucr014_enc,ucr_split_w2p,ucr_014,seed0,federated_enc_commoninit,ucr_014_p2,none,ec92dc76f777ae7c,,2026-08-02 00:56:21,0.6488349460450527,0.48020406104041163,1.0,0.285078432761566,0.9939456523852304,0.46979865771812085,64,0.0,1,0.02197802197802198,0.011111111111111112,1.0,0.018626094974642692,0.4860039271199598,21899,101,0.0,0.0,1.0,1.0,1.0,1.0,0.021849106668528594,0.29509173844656233,0.009400595681310499,1.0,7,20.62419763954844,0.99,True,0.29958511596409354,0.9941182710857904
ucr014_enc,ucr_split_w2p,ucr_014,seed0,federated_enc_commoninit,ucr_014_p3,none,ec92dc76f777ae7c,,2026-08-02 00:56:21,0.6750009289471813,0.5094350205172887,1.0,0.16936329308100748,0.988355180556642,0.33248081841432225,64,0.0,1,0.01904761904761905,0.009615384615384616,1.0,0.016412089697757554,0.5528106306224029,21899,101,0.0,0.0,1.0,1.0,1.0,1.0,0.01925599333307741,0.17300820009412976,0.008273941181289424,1.0,7,34.54015373868557,0.99,True,0.17983222959493986,0.9885142280201159
ucr014_enc,ucr_split_w2p,ucr_014,seed0,federated_enc_commoninit,ucr_014_p4,none,ec92dc76f777ae7c,,2026-08-02 00:56:21,0.9993397984448785,1.0,0.9986804680468047,0.6688426719093946,0.9862496546928541,0.6629834254143645,64,4.0,1,1.0,1.0,1.0,0.5972222222222222,0.0,21899,101,1.0,1.0,1.0,1.0,1.0,1.0,0.7194590224766751,0.8484240741907738,1.0,0.42574257425742573,7,58.88605900468301,0.99,True,0.6030071588495199,0.9913763316555446
ucr014_enc,ucr_split_w2p,ucr_014,seed0,federated_enc_fedavg,ucr_014_p0,none,ec92dc76f777ae7c,,2026-08-02 00:56:21,0.6754358238897696,0.5099306142140143,1.0,0.055018915940707416,0.9435174715243112,0.15283842794759825,64,0.0,1,0.4,0.25,1.0,0.009359217902979196,0.9763459518699484,21899,101,0.0,0.0,0.0,0.0,1.0,1.0,0.01098826409549142,0.06634992993532982,0.004701610650777395,1.0,7,40.607630406270424,0.99,True,0.07282421666579918,0.9567222781260374
ucr014_enc,ucr_split_w2p,ucr_014,seed0,federated_enc_fedavg,ucr_014_p1,none,ec92dc76f777ae7c,,2026-08-02 00:56:21,0.6728918604938788,0.507036194310656,1.0,0.08145861902321971,0.9439827036724403,0.22573363431151242,64,0.0,1,0.03225806451612903,0.01639344262295082,1.0,0.011086109434169366,0.8228229599525092,21899,101,0.0,0.0,0.0,0.0,1.0,1.0,0.013013624408493341,0.09494607190288008,0.005573951434878587,1.0,7,47.28633702906469,0.99,True,0.09554835983173786,0.957904244357745
ucr014_enc,ucr_split_w2p,ucr_014,seed0,federated_enc_fedavg,ucr_014_p2,none,ec92dc76f777ae7c,,2026-08-02 00:56:21,0.6279142766159489,0.457634873619477,1.0,0.15759056996997275,0.9823740764870588,0.34269662921348315,64,0.0,1,0.017543859649122806,0.008849557522123894,1.0,0.01986624704956727,0.4550892734828074,21899,101,0.0,0.0,1.0,1.0,1.0,1.0,0.023301142150652307,0.17146677649663336,0.010032780371510877,1.0,7,57.15194826503594,0.99,True,0.19189268148873642,0.9858754704157117
ucr014_enc,ucr_split_w2p,ucr_014,seed0,federated_enc_fedavg,ucr_014_p3,none,ec92dc76f777ae7c,,2026-08-02 00:56:21,0.6422744862153609,0.4730517911717153,1.0,0.15540231737645688,0.9791594986705392,0.3827160493827161,64,0.0,1,0.02150537634408602,0.010869565217391304,1.0,0.020553520553520555,0.43956345038586236,21899,101,0.0,0.0,1.0,0.0,1.0,1.0,0.02410569295919759,0.17733825357723576,0.010383468695383983,1.0,7,56.520461820065975,0.99,True,0.19567708236081283,0.9817621080208793
ucr014_enc,ucr_split_w2p,ucr_014,seed0,federated_enc_fedavg,ucr_014_p4,none,ec92dc76f777ae7c,,2026-08-02 00:56:21,0.7247932436790716,0.5683744292237443,0.9999959495949595,0.7660932948586344,0.9974871134311933,0.6900000000000001,64,0.0,1,0.1111111111111111,0.058823529411764705,1.0,0.36363636363636365,0.015525823096945066,21899,101,1.0,1.0,1.0,1.0,1.0,1.0,0.3830754538906768,0.8809894940951514,0.2237442922374429,0.9702970297029703,7,63.95577678372459,0.99,True,0.6035307805645981,0.9978522729351812
ucr014_enc,ucr_split_w2p,ucr_014,seed0,federated_enc_fedproto_lam1_uniform,ucr_014_p0,none,ec92dc76f777ae7c,,2026-08-02 00:56:21,0.6673457957322039,0.500764409548286,1.0,0.28304495119023276,0.9933257949750407,0.4829931972789115,64,0.0,1,0.07692307692307693,0.04,1.0,0.009632349434933957,0.9483994702954472,21899,101,0.0,0.0,1.0,1.0,1.0,1.0,0.011308646264835662,0.3072067330299664,0.004839482510781025,1.0,7,18.892105550362956,0.99,True,0.35332367513754914,0.9947963672569133
ucr014_enc,ucr_split_w2p,ucr_014,seed0,federated_enc_fedproto_lam1_uniform,ucr_014_p1,none,ec92dc76f777ae7c,,2026-08-02 00:56:21,0.6679379601472049,0.5014315701249306,1.0,0.19662986497360582,0.9899149967967251,0.39664804469273746,64,0.0,1,0.028985507246376812,0.014705882352941176,1.0,0.011073347220699485,0.8237819078496735,21899,101,0.0,0.0,1.0,1.0,1.0,1.0,0.012998658834828,0.20278762333578634,0.005567499035334326,1.0,7,28.46098165133347,0.99,True,0.23481953346101164,0.9912632932599195
ucr014_enc,ucr_split_w2p,ucr_014,seed0,federated_enc_fedproto_lam1_uniform,ucr_014_p2,none,ec92dc76f777ae7c,,2026-08-02 00:56:21,0.6669071969997638,0.5002706454485641,1.0,0.21558029929831715,0.9918175204889775,0.4024390243902439,64,0.0,1,0.017699115044247787,0.008928571428571428,1.0,0.014658925979680697,0.6200283117950591,21899,101,0.0,0.0,1.0,1.0,1.0,1.0,0.017201868579181535,0.2158758588821335,0.007383580671101689,1.0,7,37.56412563314428,0.99,True,0.2341942432559539,0.9923299933463141
ucr014_enc,ucr_split_w2p,ucr_014,seed0,federated_enc_fedproto_lam1_uniform,ucr_014_p3,none,ec92dc76f777ae7c,,2026-08-02 00:56:21,0.6448377321959098,0.4758380214059583,1.0,0.0942092965692157,0.975607186728993,0.2476547842401501,64,0.0,1,0.020408163265306124,0.010309278350515464,1.0,0.029006318207926478,0.3087812228868898,21899,101,0.0,0.0,0.0,0.0,1.0,1.0,0.033796508332539575,0.09897619300047707,0.014716596240711059,1.0,7,49.30371532744271,0.99,True,0.12107176229289478,0.9782338447043769
ucr014_enc,ucr_split_w2p,ucr_014,seed0,federated_enc_fedproto_lam1_uniform,ucr_014_p4,none,ec92dc76f777ae7c,,2026-08-02 00:56:21,0.6975447215955213,0.5355904095904095,0.9998987398739874,0.3851734337973326,0.9856609936074662,0.5363984674329502,64,0.0,1,0.06451612903225806,0.03333333333333333,1.0,0.18695652173913044,0.03347184802959039,21899,101,1.0,1.0,1.0,1.0,1.0,1.0,0.20014889397537855,0.4428766804216302,0.10500610500610501,0.8514851485148515,7,82.96815431714056,0.99,True,0.36904917521729375,0.9909693990691787
ucr014_enc,ucr_split_w2p,ucr_014,seed0,federated_enc_fedprox_mu0.01,ucr_014_p0,none,ec92dc76f777ae7c,,2026-08-02 00:56:21,0.6769343157926557,0.5116407476006837,1.0,0.09069113818320004,0.9681634723589259,0.2567287784679089,64,0.0,1,0.047619047619047616,0.024390243902439025,1.0,0.010185558693021379,0.8963879629206813,21899,101,0.0,0.0,0.0,0.0,1.0,1.0,0.011957508126980414,0.09987572419063596,0.005118848512493031,1.0,7,43.34907706913848,0.99,True,0.11245376955050458,0.9733759999899565
ucr014_enc,ucr_split_w2p,ucr_014,seed0,federated_enc_fedprox_mu0.01,ucr_014_p1,none,ec92dc76f777ae7c,,2026-08-02 00:56:21,0.6708231235098682,0.5046906362690162,1.0,0.048963299169653605,0.9325793166558083,0.14501510574018125,64,0.0,1,0.04878048780487806,0.025,1.0,0.011612532336878414,0.7851043426640486,21899,101,0.0,0.0,0.0,0.0,0.0,0.0,0.013630901508816975,0.05533377084192219,0.005840175783508731,1.0,7,43.11808520898222,0.99,True,0.056177136084547157,0.9433525382372863
ucr014_enc,ucr_split_w2p,ucr_014,seed0,federated_enc_fedprox_mu0.01,ucr_014_p2,none,ec92dc76f777ae7c,,2026-08-02 00:56:21,0.6471163993714389,0.47832378119653696,1.0,0.20995730101199533,0.9886002299485622,0.4264705882352941,64,0.0,1,0.0196078431372549,0.009900990099009901,1.0,0.028603794958935145,0.3132563130736563,21899,101,0.0,0.0,1.0,1.0,1.0,1.0,0.03335667525064899,0.2278145211806533,0.014509409567590864,1.0,7,51.949800963066515,0.99,True,0.259439026434559,0.9896191600480331
ucr014_enc,ucr_split_w2p,ucr_014,seed0,federated_enc_fedprox_mu0.01,ucr_014_p3,none,ec92dc76f777ae7c,,2026-08-02 00:56:21,0.6546702347476138,0.4866243590654493,1.0,0.15229111147108523,0.9854783368651491,0.3523035230352304,64,0.0,1,0.018518518518518517,0.009345794392523364,1.0,0.025970686551812807,0.3459518699483995,21899,101,0.0,0.0,1.0,1.0,1.0,1.0,0.030341903637971252,0.16403018201725655,0.013156180799791585,1.0,7,57.60380259260535,0.99,True,0.17968688668524974,0.9859865281661653
ucr014_enc,ucr_split_w2p,ucr_014,seed0,federated_enc_fedprox_mu0.01,ucr_014_p4,none,ec92dc76f777ae7c,,2026-08-02 00:56:21,0.7014220937268056,0.5401463326446282,1.0,0.7977776818537359,0.998413508641608,0.6867469879518071,64,0.0,1,0.15384615384615385,0.08333333333333333,1.0,0.3733826247689464,0.015480158911365815,21899,101,1.0,1.0,1.0,1.0,1.0,1.0,0.3966403706985923,0.8820746350286466,0.22954545454545455,1.0,7,61.44121032883721,0.99,True,0.6345963675580297,0.9983437083696932
ucr014_proto_count,ucr_split,ucr_014,seed0,federated_enc_fedproto_lam1_count,ucr_014_p0,none,ec92dc76f777ae7c,--fedproto-agg count,2026-08-02 08:32:49,0.6628905296902918,0.49588438891282505,0.9995099009900991,0.033469530957480696,0.8872840615263864,0.10555555555555557,64,0.0,1,0.02380952380952381,0.012048192771084338,1.0,0.068,0.0836111237956071,21899,101,0.0,0.0,0.0,0.0,0.0,0.0,0.06981143648680536,0.03981232471891906,0.03580832016850974,0.6732673267326733,7,61.85622337341308,0.99,True,0.03723827704874343,0.9066126581376501
ucr014_proto_count,ucr_split,ucr_014,seed0,federated_enc_fedproto_lam1_count,ucr_014_p1,none,ec92dc76f777ae7c,--fedproto-agg count,2026-08-02 08:32:49,0.661078028839265,0.49376711607914403,0.9998847884788479,0.07265294399077309,0.9301618275440038,0.2084168336673347,64,0.0,1,0.010695187165775402,0.005376344086021506,1.0,0.04043767840152236,0.18347869765742728,21899,101,0.0,0.0,0.0,0.0,1.0,1.0,0.0420792421780702,0.08525723849331397,0.020716548866682914,0.8415841584158416,7,50.44113341397062,0.99,True,0.07920154502514758,0.9452069090553656
ucr014_proto_count,ucr_split,ucr_014,seed0,federated_enc_fedproto_lam1_count,ucr_014_p2,none,ec92dc76f777ae7c,--fedproto-agg count,2026-08-02 08:32:49,0.6179051369313064,0.4471046745053055,0.9998699369936994,0.13964071465265854,0.9658572049268492,0.3109756097560976,64,0.0,1,0.03389830508474576,0.017241379310344827,1.0,0.1596958174904943,0.039590848897209915,21899,101,0.0,0.0,1.0,1.0,1.0,1.0,0.16369339529332103,0.15807415685308496,0.08832807570977919,0.8316831683168316,7,47.86380180062105,0.99,True,0.15242832238913226,0.9747864013376435
ucr014_proto_count,ucr_split,ucr_014,seed0,federated_enc_fedproto_lam1_count,ucr_014_p3,none,ec92dc76f777ae7c,--fedproto-agg count,2026-08-02 08:32:49,0.6107301129486618,0.43967905669599217,0.9996174617461747,0.06945696984264804,0.9313495484897135,0.19815668202764977,64,3.0,1,0.05,0.02564102564102564,1.0,0.1338506304558681,0.03931686378373442,21899,101,0.0,0.0,0.0,0.0,1.0,1.0,0.13659335888537935,0.0819418805639707,0.07419354838709677,0.6831683168316832,7,60.95152172310898,0.99,True,0.08193417722454277,0.9456254212015208
ucr014_proto_count,ucr_split,ucr_014,seed0,federated_enc_fedproto_lam1_count,ucr_014_p4,none,ec92dc76f777ae7c,--fedproto-agg count,2026-08-02 08:32:49,0.6443868247643706,0.4754581485587583,0.99950900090009,0.20566231672443863,0.9768016894844422,0.3837209302325581,64,0.0,1,0.5,0.3333333333333333,1.0,0.3804034582132565,0.008219553404265036,21899,101,0.0,0.0,1.0,1.0,1.0,1.0,0.40581757081717507,0.23185945169348599,0.2682926829268293,0.6534653465346535,7,78.75705634750732,0.99,True,0.22316432921619545,0.9861953971134262
ucr014_proto_count,ucr_split_w2p,ucr_014,seed0,federated_enc_fedproto_lam1_count,ucr_014_p0,none,ec92dc76f777ae7c,--fedproto-agg count,2026-08-02 08:32:49,0.6696062199876143,0.5033143044169828,1.0,0.3780465360487745,0.9947517835029313,0.5660377358490566,64,0.0,1,0.03278688524590164,0.016666666666666666,1.0,0.010816020561147997,0.8436001643910681,21899,101,0.0,0.0,1.0,1.0,1.0,1.0,0.01269689780397108,0.42427027695540825,0.005437415881561238,1.0,7,19.182132873207216,0.99,True,0.45837011445028314,0.9963084831946112
ucr014_proto_count,ucr_split_w2p,ucr_014,seed0,federated_enc_fedproto_lam1_count,ucr_014_p1,none,ec92dc76f777ae7c,--fedproto-agg count,2026-08-02 08:32:49,0.6685247745264002,0.5020932885090739,1.0,0.0951157209874179,0.9777384834697909,0.2317757009345794,64,0.0,1,0.028985507246376812,0.014705882352941176,1.0,0.011667533067637036,0.78135987944655,21899,101,0.0,0.0,0.0,0.0,1.0,1.0,0.013695391178905371,0.0960329204374343,0.005867999070415989,1.0,7,26.800863763876393,0.99,True,0.1083738005227527,0.9793477034739175
ucr014_proto_count,ucr_split_w2p,ucr_014,seed0,federated_enc_fedproto_lam1_count,ucr_014_p2,none,ec92dc76f777ae7c,--fedproto-agg count,2026-08-02 08:32:49,0.6449410632788279,0.4759505625927888,1.0,0.1907698961433023,0.9902631296966858,0.35030549898167007,64,0.0,1,0.013333333333333332,0.006711409395973154,1.0,0.01910707529322739,0.4735376044568245,21899,101,0.0,0.0,1.0,1.0,1.0,1.0,0.022412303855080057,0.19551554194165552,0.009645688090917773,1.0,7,34.58890718015599,0.99,True,0.21132365026066627,0.9908284310645961
ucr014_proto_count,ucr_split_w2p,ucr_014,seed0,federated_enc_fedproto_lam1_count,ucr_014_p3,none,ec92dc76f777ae7c,--fedproto-agg count,2026-08-02 08:32:49,0.6636738930213517,0.49664066993488426,1.0,0.11299645374361622,0.9786418205270911,0.27413127413127414,64,0.0,1,0.01923076923076923,0.009708737864077669,1.0,0.03257013866494679,0.27398511347550114,21899,101,0.0,0.0,1.0,0.0,1.0,1.0,0.0374313489890141,0.12197202476571932,0.016554663169972134,1.0,7,44.952163275686246,0.99,True,0.14808010926080487,0.9829682186372408
ucr014_proto_count,ucr_split_w2p,ucr_014,seed0,federated_enc_fedproto_lam1_count,ucr_014_p4,none,ec92dc76f777ae7c,--fedproto-agg count,2026-08-02 08:32:49,0.7202215816582423,0.5627740956687292,0.9999887488748875,0.2987416772371649,0.9949055045236932,0.5514950166112957,64,0.0,1,0.14285714285714288,0.07692307692307693,1.0,0.39751552795031053,0.013059957075665556,21899,101,0.0,0.0,1.0,1.0,1.0,1.0,0.40683656378183686,0.29718536403829476,0.2513089005235602,0.9504950495049505,7,56.691055845236384,0.99,True,0.35571678637288895,0.9949407250429317
ucr014_v1,ucr_split,ucr_014,seed0,centralized,ucr_014_p0,none,ec92dc76f777ae7c,,2026-08-01 21:21:51,0.717576353386941,0.5595470383613823,1.0,0.7031996209869256,0.9967207689306307,0.6728110599078342,64,0.0,1,0.009852216748768473,0.0049504950495049506,1.0,0.08278688524590164,0.10219644732636193,21899,101,1.0,1.0,1.0,1.0,1.0,1.0,0.09021807652708697,0.7534177751449451,0.043180846515604956,1.0,7,79.91405411601066,0.99,True,0.5707080455138804,0.9976558140236564
ucr014_v1,ucr_split,ucr_014,seed0,centralized,ucr_014_p1,none,ec92dc76f777ae7c,,2026-08-01 21:21:51,0.7088564405802092,0.5490156471946022,0.9999959495949595,0.776919961619368,0.9948756645608394,0.7305389221556886,64,0.0,1,0.02380952380952381,0.012048192771084338,1.0,0.17422222222222222,0.04228503584638568,21899,101,1.0,1.0,1.0,1.0,1.0,1.0,0.18444044885084285,0.8749101623551271,0.095703125,0.9702970297029703,7,86.9032421070337,0.99,True,0.5905014559241722,0.996332619903333
ucr014_v1,ucr_split,ucr_014,seed0,centralized,ucr_014_p2,none,ec92dc76f777ae7c,,2026-08-01 21:21:51,0.6863654496017079,0.5224936967329546,0.9999990999099909,0.7680094029324135,0.9954240869084396,0.7305936073059361,64,0.0,1,0.03007518796992481,0.015267175572519083,1.0,0.1209529627367135,0.06561943467738253,21899,101,1.0,1.0,1.0,1.0,1.0,1.0,0.13140597906483542,0.8602922618491841,0.064453125,0.9801980198019802,7,82.04721553683281,0.99,True,0.5854821817135977,0.9967764357303451
ucr014_v1,ucr_split,ucr_014,seed0,centralized,ucr_014_p3,none,ec92dc76f777ae7c,,2026-08-01 21:21:51,0.7013433812111957,0.5400532457811652,0.9999990999099909,0.7483102716899802,0.9951103151778258,0.6972477064220184,64,0.0,1,0.03571428571428572,0.01818181818181818,1.0,0.13778705636743216,0.05648659756153249,21899,101,1.0,1.0,1.0,1.0,1.0,1.0,0.14906880012518814,0.8368596346394641,0.07410179640718563,0.9801980198019802,7,83.72462785919507,0.99,True,0.5745192227043496,0.9966480220063473
ucr014_v1,ucr_split,ucr_014,seed0,centralized,ucr_014_p4,none,ec92dc76f777ae7c,,2026-08-01 21:21:51,0.7905459172167282,0.6536878689492326,0.9998847884788479,0.7614759599048428,0.9965001340537726,0.70995670995671,64,0.0,1,0.2857142857142857,0.16666666666666666,1.0,0.6666666666666666,0.0031508288049682635,21899,101,1.0,1.0,1.0,1.0,1.0,1.0,0.703667033919971,0.8385939239365572,0.551948051948052,0.8415841584158416,7,100.8065812281767,0.99,True,0.5909809043522624,0.9974605289024536
ucr014_v1,ucr_split,ucr_014,seed0,federated,ucr_014_p0,none,ec92dc76f777ae7c,,2026-08-01 21:21:51,,,,0.0025089282672357788,0.14618055257281518,0.009210706306141991,64,101.0,1,0.0,0.0,0.0,0.0,0.0,21899,101,0.0,0.0,0.0,0.0,0.0,0.0,0.0,0.0022571216217713618,0.0,0.0,7,112.91026552262714,0.99,True,0.0031342748610768746,0.155312184766653
ucr014_v1,ucr_split,ucr_014,seed0,federated,ucr_014_p1,none,ec92dc76f777ae7c,,2026-08-01 21:21:51,,,,0.005675632671976001,0.6157200541278842,0.01666867979224544,64,101.0,1,0.0,0.0,0.0,0.0,0.0,21899,101,0.0,0.0,0.0,0.0,0.0,0.0,0.0,0.005908594047885601,0.0,0.0,7,124.29416398274401,0.99,True,0.0061164528478733216,0.6392798372092808
ucr014_v1,ucr_split,ucr_014,seed0,federated,ucr_014_p2,none,ec92dc76f777ae7c,,2026-08-01 21:21:51,,,,0.24909544325305447,0.9699136313923643,0.3743589743589743,64,101.0,1,0.0,0.0,0.0,0.0,0.0,21899,101,0.0,0.0,1.0,1.0,1.0,1.0,0.0,0.2724864154233478,0.0,0.0,7,92.83254603557288,0.99,True,0.2356478926075237,0.9837050625679623
ucr014_v1,ucr_split,ucr_014,seed0,federated,ucr_014_p3,none,ec92dc76f777ae7c,,2026-08-01 21:21:51,0.4471415948626897,0.44669318181818185,0.4475909090909091,0.00404037640319397,0.4790806036172365,0.01161237879579632,64,101.0,1,0.0,0.0,0.0,0.0,0.000730626969268003,21899,101,0.0,0.0,0.0,0.0,0.0,0.0,0.0,0.0037135069957703005,0.0,0.0,7,71.90050540169545,0.99,True,0.004279849094395058,0.48995244090707046
ucr014_v1,ucr_split,ucr_014,seed0,federated,ucr_014_p4,none,ec92dc76f777ae7c,,2026-08-01 21:21:51,,,,0.08296820785514414,0.7787552123859356,0.19791666666666669,64,101.0,1,0.0,0.0,0.0,0.0,0.0,21899,101,1.0,1.0,1.0,1.0,1.0,1.0,0.0,0.09040845960328285,0.0,0.0,7,78.30979250490658,0.99,True,0.061945524593875305,0.8009972139906997
ucr014_v1,ucr_split,ucr_014,seed0,federated_cb_only,ucr_014_p0,none,ec92dc76f777ae7c,,2026-08-01 21:21:51,0.6772611136184139,0.5120568181818181,0.9998375337533754,0.04209589167505227,0.9366190146572994,0.09793253536452665,64,0.0,1,0.038461538461538464,0.0196078431372549,1.0,0.08312214901165738,0.08173889218685784,21899,101,0.0,0.0,0.0,0.0,0.0,0.0,0.08868845541134124,0.045202116043675196,0.0438034188034188,0.8118811881188119,7,26.138582906712752,0.99,True,0.04711025371285952,0.9479644352725607
ucr014_v1,ucr_split,ucr_014,seed0,federated_cb_only,ucr_014_p1,none,ec92dc76f777ae7c,,2026-08-01 21:21:51,0.6030459022388194,0.43170044397463003,0.9999239423942394,0.14256919162604031,0.979776643356833,0.2727272727272727,64,0.0,1,0.04347826086956522,0.022222222222222223,1.0,0.14965986394557823,0.045070551166719944,21899,101,0.0,0.0,0.0,0.0,1.0,1.0,0.15274023650013072,0.15334963965514609,0.08186046511627906,0.8712871287128713,7,31.616966517050503,0.99,True,0.153972030654785,0.982999723519198
ucr014_v1,ucr_split,ucr_014,seed0,federated_cb_only,ucr_014_p2,none,ec92dc76f777ae7c,,2026-08-01 21:21:51,0.6163210532844619,0.4454221854304638,0.9999990999099909,0.2386158434319477,0.990141057121375,0.38815789473684204,64,0.0,1,0.07142857142857142,0.037037037037037035,1.0,0.17098445595854922,0.043746289784921684,21899,101,0.0,0.0,1.0,1.0,1.0,1.0,0.17756583161260028,0.2508868889697652,0.09366130558183539,0.9801980198019802,7,27.993807085923482,0.99,True,0.2395517971046626,0.9912275148025648
ucr014_v1,ucr_split,ucr_014,seed0,federated_cb_only,ucr_014_p3,none,ec92dc76f777ae7c,,2026-08-01 21:21:51,0.642215823581266,0.4730744828784981,0.9996143114311431,0.10824365255544925,0.9577036611373818,0.2654028436018957,64,4.0,1,0.08333333333333333,0.043478260869565216,1.0,0.21794871794871795,0.02077720443855884,21899,101,0.0,0.0,1.0,1.0,1.0,1.0,0.22539108700988597,0.12061539549632554,0.13001912045889102,0.6732673267326733,7,41.431921952886036,0.99,True,0.11711035371210408,0.9702211246711958
ucr014_v1,ucr_split,ucr_014,seed0,federated_cb_only,ucr_014_p4,none,ec92dc76f777ae7c,,2026-08-01 21:21:51,0.6646833791762123,0.4979474288337925,0.9992932043204322,0.35219596598853636,0.9854986822943675,0.4571428571428572,64,9.0,1,0.3076923076923077,0.18181818181818182,1.0,0.34,0.0029681720626512625,21899,101,0.0,0.0,1.0,1.0,1.0,1.0,0.37560020562853424,0.39730919778852325,0.3434343434343434,0.33663366336633666,7,46.910312530311415,0.99,True,0.30935009312075096,0.9899277116099223
ucr014_v1,ucr_split,ucr_014,seed0,federated_cb_only_ema,ucr_014_p0,none,ec92dc76f777ae7c,,2026-08-01 21:21:51,0.6816096403681754,0.5173662639685896,0.998637713771377,0.021509760484214775,0.8628505573969425,0.05864197530864197,64,0.0,1,0.08333333333333333,0.043478260869565216,1.0,0.0547945205479452,0.06671537513128453,21899,101,0.0,0.0,0.0,0.0,0.0,0.0,0.06175312037595786,0.025790268841915234,0.029235880398671095,0.43564356435643564,7,34.5720288669496,0.99,True,0.027643578720818185,0.895790427627807
ucr014_v1,ucr_split,ucr_014,seed0,federated_cb_only_ema,ucr_014_p1,none,ec92dc76f777ae7c,,2026-08-01 21:21:51,0.6638340425657927,0.49684182905411034,0.999911791179118,0.17757226465327883,0.9728926543505987,0.3073770491803279,64,0.0,1,0.02531645569620253,0.01282051282051282,1.0,0.14646464646464646,0.04566418557925019,21899,101,0.0,0.0,1.0,1.0,1.0,1.0,0.15116357397372987,0.19563671986025077,0.08003679852805888,0.8613861386138614,7,44.109781711692726,0.99,True,0.18835174694871495,0.9811153641704133
ucr014_v1,ucr_split,ucr_014,seed0,federated_cb_only_ema,ucr_014_p2,none,ec92dc76f777ae7c,,2026-08-01 21:21:51,0.678867461483322,0.513852654212522,1.0,0.4422033530412583,0.9892445018738141,0.4978902953586498,64,0.0,1,0.025974025974025976,0.013157894736842105,1.0,0.09772617319787132,0.0851637061053016,21899,101,1.0,1.0,1.0,1.0,1.0,1.0,0.10437265726646641,0.4867937744521108,0.05137334689725331,1.0,7,25.049594699628006,0.99,True,0.33603621375534704,0.9907612608254165
ucr014_v1,ucr_split,ucr_014,seed0,federated_cb_only_ema,ucr_014_p3,none,ec92dc76f777ae7c,,2026-08-01 21:21:51,0.5668741360039149,0.39561008736008735,0.9996215121512152,0.06315778311354922,0.9611284750558255,0.16010854816824965,64,0.0,1,0.06451612903225806,0.03333333333333333,1.0,0.13090909090909092,0.04233070003196493,21899,101,0.0,0.0,0.0,0.0,0.0,0.0,0.1347734054030411,0.06870105611674863,0.07207207207207207,0.7128712871287128,7,24.591580727744397,0.99,True,0.07181715316968132,0.9659481375479818
ucr014_v1,ucr_split,ucr_014,seed0,federated_cb_only_ema,ucr_014_p4,none,ec92dc76f777ae7c,,2026-08-01 21:21:51,0.6180938079816187,0.44728920786815535,0.9999351935193519,0.23059519200864234,0.989205167377325,0.4444444444444445,64,0.0,1,0.25,0.14285714285714285,1.0,0.4018058690744921,0.011553038951550298,21899,101,0.0,0.0,1.0,1.0,1.0,1.0,0.41492947991317486,0.23829771320929846,0.260233918128655,0.8811881188118812,7,39.99465286306103,0.99,True,0.252943220972049,0.9920954537794953
ucr014_v1,ucr_split,ucr_014,seed0,federated_fedavg_cb_only,ucr_014_p0,none,ec92dc76f777ae7c,,2026-08-01 21:21:51,0.6950935855262653,0.5328649331745399,0.9993382088208821,0.029979070637789554,0.8200121258758143,0.1268882175226586,64,0.0,1,0.028708133971291867,0.014563106796116505,1.0,0.030542986425339366,0.1543906114434449,21899,101,0.0,0.0,1.0,0.0,1.0,1.0,0.031488494359652744,0.034308619191694506,0.01572052401746725,0.5346534653465347,7,86.4464067184925,0.99,True,0.03249176978703024,0.8436899070362093
ucr014_v1,ucr_split,ucr_014,seed0,federated_fedavg_cb_only,ucr_014_p1,none,ec92dc76f777ae7c,,2026-08-01 21:21:51,0.6809731833272047,0.516275277936599,0.9999779477947796,0.115853488601537,0.9321285523684566,0.2739018087855297,64,0.0,1,0.006289308176100629,0.0031545741324921135,1.0,0.025909592061742006,0.32243481437508564,21899,101,0.0,0.0,1.0,0.0,1.0,1.0,0.027539482845578177,0.13210722454431273,0.013137665967854647,0.9306930693069307,7,81.04288254102072,0.99,True,0.12069440848688934,0.9512575477980422
ucr014_v1,ucr_split,ucr_014,seed0,federated_fedavg_cb_only,ucr_014_p2,none,ec92dc76f777ae7c,,2026-08-01 21:21:51,0.69459173597711,0.5320980635314317,0.9999635463546355,0.12882820918627164,0.9589935613498335,0.2447761194029851,64,0.0,1,0.010526315789473682,0.005291005291005291,1.0,0.047022744697163305,0.1698707703548107,21899,101,0.0,0.0,1.0,1.0,1.0,1.0,0.04883790432622857,0.13920526579530484,0.024134312696747113,0.9108910891089109,7,81.58692696611087,0.99,True,0.12542964479353044,0.9667847047511179
ucr014_v1,ucr_split,ucr_014,seed0,federated_fedavg_cb_only,ucr_014_p3,none,ec92dc76f777ae7c,,2026-08-01 21:21:51,0.6406775534568157,0.47134684697154283,0.9998847884788479,0.12907257744465386,0.9707807987977207,0.3005181347150259,64,0.0,1,0.01785714285714286,0.009009009009009009,1.0,0.09753298909925416,0.07109913694689256,21899,101,0.0,0.0,1.0,1.0,1.0,1.0,0.09944472636660812,0.146751006181291,0.05176613885505481,0.8415841584158416,7,76.6271491959691,0.99,True,0.13934650184353403,0.9730380111940099
ucr014_v1,ucr_split,ucr_014,seed0,federated_fedavg_cb_only,ucr_014_p4,none,ec92dc76f777ae7c,,2026-08-01 21:21:51,0.7256684818702533,0.5694976076555025,0.9998541854185419,0.413433225435671,0.9861402414957235,0.6222222222222222,64,0.0,1,0.16666666666666669,0.09090909090909091,1.0,0.47701149425287354,0.007488926434997032,21899,101,0.0,0.0,1.0,1.0,1.0,1.0,0.5114344028656183,0.4695770182820548,0.3360323886639676,0.8217821782178217,7,99.14953257163359,0.99,True,0.4455662639635824,0.9933030296176801
ucr014_v1,ucr_split,ucr_014,seed0,federated_fedavg_cb_sharedprior,ucr_014_p0,none,ec92dc76f777ae7c,,2026-08-01 21:21:51,0.1938802798442513,0.12380965909090907,0.4466818181818182,0.020056788269094954,0.7606188446599351,0.097799511002445,64,101.0,1,0.0,0.0,0.0,0.0,0.0010959404539020046,21899,101,0.0,0.0,0.0,0.0,1.0,1.0,0.0,0.021758372129416906,0.0,0.0,7,102.7093119251728,0.99,True,0.021052810831313894,0.7843630099200238
ucr014_v1,ucr_split,ucr_014,seed0,federated_fedavg_cb_sharedprior,ucr_014_p1,none,ec92dc76f777ae7c,,2026-08-01 21:21:51,0.4116383611851525,0.2825043988269795,0.7582272727272727,0.03048779521707109,0.8702716657345445,0.08588957055214723,64,101.0,1,0.0,0.0,0.0,0.0,0.002831179505913512,21899,101,0.0,0.0,0.0,0.0,0.0,0.0,0.0,0.032524264858360866,0.0,0.0,7,94.84054686427116,0.99,True,0.03217471531026499,0.8905621704091593
ucr014_v1,ucr_split,ucr_014,seed0,federated_fedavg_cb_sharedprior,ucr_014_p2,none,ec92dc76f777ae7c,,2026-08-01 21:21:51,0.27723144171342107,0.1609933884297521,0.9972538253825382,0.0559626590201691,0.8968043660386862,0.16593886462882096,64,18.0,1,0.6666666666666666,0.5,1.0,0.0641025641025641,0.00228320927896251,21899,101,0.0,0.0,1.0,1.0,1.0,1.0,0.06530825496342739,0.06307508693667695,0.09090909090909091,0.04950495049504951,7,99.50654671112697,0.99,True,0.05693708251152663,0.9116517310210449
ucr014_v1,ucr_split,ucr_014,seed0,federated_fedavg_cb_sharedprior,ucr_014_p3,none,ec92dc76f777ae7c,,2026-08-01 21:21:51,0.34849763457531857,0.28532812500000004,0.4475909090909091,0.031041565237480553,0.7933740814603859,0.1229050279329609,64,101.0,1,0.0,0.0,0.0,0.0,0.000730626969268003,21899,101,0.0,0.0,1.0,1.0,1.0,1.0,0.0,0.03587001052601496,0.0,0.0,7,95.30326188683507,0.99,True,0.033541764580331306,0.8225613513420778
ucr014_v1,ucr_split,ucr_014,seed0,federated_fedavg_cb_sharedprior,ucr_014_p4,none,ec92dc76f777ae7c,,2026-08-01 21:21:51,0.6035177145341376,0.4326169106317411,0.9976152115211522,0.044426504471654304,0.9286607869883294,0.1314878892733564,64,16.0,1,0.3636363636363636,0.2222222222222222,1.0,0.1095890410958904,0.00484040367140052,21899,101,0.0,0.0,1.0,1.0,1.0,1.0,0.11191549087685602,0.047529300226611844,0.1016949152542373,0.1188118811881188,7,119.82076234141981,0.99,True,0.04847793106223034,0.9388914926530996
ucr014_v1,ucr_split,ucr_014,seed0,federated_shared,ucr_014_p0,none,ec92dc76f777ae7c,,2026-08-01 21:21:51,,,,0.25124378208280673,0.8782764618303922,0.36448598130841126,64,101.0,1,0.0,0.0,0.0,0.0,0.0,21899,101,1.0,1.0,1.0,1.0,1.0,1.0,0.0,0.2805256612057394,0.0,0.0,7,116.00299163653204,0.99,True,0.17102693811148095,0.908243990591682
ucr014_v1,ucr_split,ucr_014,seed0,federated_shared,ucr_014_p1,none,ec92dc76f777ae7c,,2026-08-01 21:21:51,,,,0.0038789049042212437,0.4568475706879332,0.011500449236298293,64,101.0,1,0.0,0.0,0.0,0.0,0.0,21899,101,0.0,0.0,0.0,0.0,0.0,0.0,0.0,0.00372328559962729,0.0,0.0,7,138.56821828136842,0.99,True,0.0041610290068447645,0.4730925953161758
ucr014_v1,ucr_split,ucr_014,seed0,federated_shared,ucr_014_p2,none,ec92dc76f777ae7c,,2026-08-01 21:21:51,,,,0.011138119780067462,0.7305130348643796,0.0445859872611465,64,101.0,1,0.0,0.0,0.0,0.0,0.0,21899,101,0.0,0.0,0.0,0.0,0.0,0.0,0.0,0.01160691844358475,0.0,0.0,7,66.19240320588152,0.99,True,0.011525365524733894,0.7478379013376125
ucr014_v1,ucr_split,ucr_014,seed0,federated_shared,ucr_014_p3,none,ec92dc76f777ae7c,,2026-08-01 21:21:51,0.4123647060058744,0.25992727272727273,0.9971624662466245,0.061595564079083114,0.8653308912789995,0.13944954128440368,64,23.0,1,0.6666666666666666,0.5,1.0,0.036036036036036036,0.0003653134846340015,21899,101,0.0,0.0,1.0,1.0,1.0,1.0,0.03700731718934922,0.06732475957321268,0.2,0.019801980198019802,7,65.92714061488708,0.99,True,0.059433025050370104,0.9023950452352684
ucr014_v1,ucr_split,ucr_014,seed0,federated_shared,ucr_014_p4,none,ec92dc76f777ae7c,,2026-08-01 21:21:51,,,,0.6466172965828122,0.9964924480027344,0.7017543859649124,64,101.0,1,0.0,0.0,0.0,0.0,0.0,21899,101,1.0,1.0,1.0,1.0,1.0,1.0,0.0,0.6762508627855259,0.0,0.0,7,108.33672443985932,0.99,True,0.5680318757005602,0.9974976870652005
ucr014_v1,ucr_split,ucr_014,seed0,local,ucr_014_p0,none,ec92dc76f777ae7c,,2026-08-01 21:21:51,0.6889533748017769,0.5255706834348729,0.9997396489648965,0.1130017562502167,0.9021814369208052,0.25000000000000006,64,0.0,1,0.03658536585365854,0.018633540372670808,1.0,0.05339105339105339,0.11858988994931276,21899,101,0.0,0.0,1.0,1.0,1.0,1.0,0.05662922269860096,0.13242209206745184,0.027704979408461252,0.7326732673267327,7,98.68596671303112,0.99,True,0.0926043052493603,0.9269650534063897
ucr014_v1,ucr_split,ucr_014,seed0,local,ucr_014_p1,none,ec92dc76f777ae7c,,2026-08-01 21:21:51,0.7045064670631899,0.5438472650231122,0.9998847884788479,0.5613636739082762,0.9247861130238326,0.5988023952095808,64,0.0,1,0.007662835249042146,0.0038461538461538464,1.0,0.04522479382814578,0.16315813507466095,21899,101,1.0,1.0,1.0,1.0,1.0,1.0,0.04869896818118838,0.6632566211990253,0.023236741388737013,0.8415841584158416,7,98.80951831539471,0.99,True,0.41517599245175496,0.9560231656991808
ucr014_v1,ucr_split,ucr_014,seed0,local,ucr_014_p2,none,ec92dc76f777ae7c,,2026-08-01 21:21:51,0.6827544581334428,0.5183334124413669,0.9999493699369938,0.22863666679417588,0.9798914820017551,0.4306569343065693,64,0.0,1,0.031746031746031744,0.016129032258064516,1.0,0.09947946790052054,0.0704141741632038,21899,101,0.0,0.0,1.0,1.0,1.0,1.0,0.10275012749695639,0.2665091532465253,0.052825552825552825,0.8514851485148515,7,96.41119934837025,0.99,True,0.25796312044991976,0.9829064197167654
ucr014_v1,ucr_split,ucr_014,seed0,local,ucr_014_p3,none,ec92dc76f777ae7c,,2026-08-01 21:21:51,0.6717281984409563,0.505730080016138,0.9999446444644464,0.13557674785395157,0.9596893750291052,0.30028328611898014,64,0.0,1,0.02010050251256281,0.01015228426395939,1.0,0.06274509803921569,0.11945750947531851,21899,101,0.0,0.0,1.0,1.0,1.0,1.0,0.0644275455374163,0.1533803310060154,0.03254437869822485,0.8712871287128713,7,88.11730478048325,0.99,True,0.14510576184617532,0.9691982401635482
ucr014_v1,ucr_split,ucr_014,seed0,local,ucr_014_p4,none,ec92dc76f777ae7c,,2026-08-01 21:21:51,0.6388716014598625,0.46967215568862264,0.9986271377137714,0.35644818762527436,0.9705542863524217,0.3934426229508197,64,5.0,1,0.33333333333333337,0.2,1.0,0.29850746268656714,0.005799351568564775,21899,101,1.0,1.0,1.0,1.0,1.0,1.0,0.30115834145243303,0.4111532565798364,0.23952095808383234,0.39603960396039606,7,103.7769850732882,0.99,True,0.2646742107148051,0.9824792300482168
ucr014_v1,ucr_split_w2p,ucr_014,seed0,centralized,ucr_014_p0,none,ec92dc76f777ae7c,,2026-08-01 21:21:51,0.6306492781063985,0.4605462048716837,1.0,0.8683144693866907,0.9988660814115569,0.8323699421965318,64,0.0,1,0.020202020202020204,0.01020408163265306,1.0,0.019145104729409536,0.47257865655966025,21899,101,1.0,1.0,1.0,1.0,1.0,1.0,0.022456831727061845,0.9568115506385553,0.009665071770334929,1.0,7,68.29079496155181,0.99,True,0.7719972083424423,0.9990171572364404
ucr014_v1,ucr_split_w2p,ucr_014,seed0,centralized,ucr_014_p1,none,ec92dc76f777ae7c,,2026-08-01 21:21:51,0.6638946022521548,0.49688789774461145,1.0,0.8747607203662702,0.9983217281498002,0.8715083798882681,64,0.0,1,0.026666666666666665,0.013513513513513514,1.0,0.012252820575033362,0.7435955979725102,21899,101,1.0,1.0,1.0,1.0,1.0,1.0,0.014381613529007319,0.9694620476781828,0.006164174549893195,1.0,7,59.4221708337466,0.99,True,0.8073102835763346,0.9989016186816381
ucr014_v1,ucr_split_w2p,ucr_014,seed0,centralized,ucr_014_p2,none,ec92dc76f777ae7c,,2026-08-01 21:21:51,0.6465055718286015,0.47765661858101993,1.0,0.9198447781186089,0.9991676458846397,0.8877005347593583,64,0.0,1,0.034482758620689655,0.017543859649122806,1.0,0.039522598317354725,0.2241654870085392,21899,101,1.0,1.0,1.0,1.0,1.0,1.0,0.04627090395474636,0.9838833125895088,0.020159680638722553,1.0,7,74.76727599461873,0.99,True,0.9209438951063098,0.9995000274356057
ucr014_v1,ucr_split_w2p,ucr_014,seed0,centralized,ucr_014_p3,none,ec92dc76f777ae7c,,2026-08-01 21:21:51,0.6530472111610924,0.48483303689064583,1.0,0.9097110308558655,0.999015733346475,0.8791208791208791,64,0.0,1,0.03571428571428572,0.01818181818181818,1.0,0.04096532143581424,0.21594593360427417,21899,101,1.0,1.0,1.0,1.0,1.0,1.0,0.04795350257386977,0.9815829251219529,0.02091097308488613,1.0,7,76.1502044275403,0.99,True,0.9087736134840441,0.9994246602665063
ucr014_v1,ucr_split_w2p,ucr_014,seed0,centralized,ucr_014_p4,none,ec92dc76f777ae7c,,2026-08-01 21:21:51,0.747354029266564,0.5966203115066752,1.0,0.9263059373495615,0.9993729086594215,0.8839779005524863,64,0.0,1,0.15384615384615385,0.08333333333333333,1.0,0.300148588410104,0.02150783140782684,21899,101,1.0,1.0,1.0,1.0,1.0,1.0,0.3292316184198248,0.985032398362693,0.17657342657342656,1.0,7,88.46067128260925,0.99,True,0.9245584534439554,0.999622514906978
ucr014_v1,ucr_split_w2p,ucr_014,seed0,federated,ucr_014_p0,none,ec92dc76f777ae7c,,2026-08-01 21:21:51,0.6686298874991398,0.5022886473429952,0.9996957695769577,0.03791527791865463,0.9005872595113752,0.11775700934579439,64,0.0,1,0.0625,0.03225806451612903,1.0,0.06909258406264394,0.09110005023060413,21899,101,0.0,0.0,0.0,0.0,0.0,0.0,0.07454079349855793,0.04381356304859231,0.036231884057971016,0.7425742574257426,7,37.70034445129335,0.99,True,0.048497802399662476,0.9292543027134563
ucr014_v1,ucr_split_w2p,ucr_014,seed0,federated,ucr_014_p1,none,ec92dc76f777ae7c,,2026-08-01 21:21:51,0.7019745778746761,0.5408113490986627,0.999967596759676,0.6711232280156079,0.9944081718094637,0.6787330316742081,64,6.0,1,0.1111111111111111,0.058823529411764705,1.0,0.312280701754386,0.017352390520115075,21899,101,1.0,1.0,1.0,1.0,1.0,1.0,0.3154167894788552,0.7329753731550183,0.18976545842217485,0.8811881188118812,7,43.769420384963354,0.99,True,0.48424597389604374,0.9939465132695666
ucr014_v1,ucr_split_w2p,ucr_014,seed0,federated,ucr_014_p2,none,ec92dc76f777ae7c,,2026-08-01 21:21:51,0.6319898770247637,0.4619774857003774,1.0,0.1891839774803158,0.9882697297539242,0.37888198757763975,64,0.0,1,0.06666666666666667,0.034482758620689655,1.0,0.12664576802507838,0.06361021051189553,21899,101,0.0,0.0,1.0,1.0,1.0,1.0,0.13567899333576167,0.2004341258727836,0.06760374832663989,1.0,7,27.267827585408615,0.99,True,0.21379731660541573,0.9893351656018887
ucr014_v1,ucr_split_w2p,ucr_014,seed0,federated,ucr_014_p3,none,ec92dc76f777ae7c,,2026-08-01 21:21:51,0.6552942808236678,0.48731426622105317,1.0,0.016903868570715075,0.8590287815484137,0.050080775444264945,64,0.0,1,0.01941747572815534,0.00980392156862745,1.0,0.021732114039806346,0.415224439472122,21899,101,0.0,0.0,0.0,0.0,0.0,0.0,0.023341045847317745,0.018262163873645265,0.010985425277354797,1.0,7,38.47207440522809,0.99,True,0.018304132679057467,0.8716361160638105
ucr014_v1,ucr_split_w2p,ucr_014,seed0,federated,ucr_014_p4,none,ec92dc76f777ae7c,,2026-08-01 21:21:51,0.6783533651673158,0.5132637932779914,1.0,0.9437436947895449,0.9995885702091375,0.9015544041450778,64,0.0,1,0.01904761904761905,0.009615384615384616,1.0,0.03162674181932049,0.28243298780766246,21899,101,1.0,1.0,1.0,1.0,1.0,1.0,0.037054207388267674,0.9850709504017012,0.016067451479478207,1.0,7,35.543966795474766,0.99,True,0.9151892742120014,0.9996666783537288
ucr014_v1,ucr_split_w2p,ucr_014,seed0,federated_cb_only,ucr_014_p0,none,ec92dc76f777ae7c,,2026-08-01 21:21:51,0.673571816711399,0.5078087341611052,1.0,0.24401847409061045,0.9904692967127664,0.4610389610389611,64,0.0,1,0.021052631578947368,0.010638297872340425,1.0,0.017519514310494363,0.5172838942417461,21899,101,0.0,0.0,1.0,1.0,1.0,1.0,0.02055317873860661,0.2727570810752849,0.008837168606177268,1.0,7,14.035972805613506,0.99,True,0.31465113929667976,0.9928777108499477
ucr014_v1,ucr_split_w2p,ucr_014,seed0,federated_cb_only,ucr_014_p1,none,ec92dc76f777ae7c,,2026-08-01 21:21:51,0.6675121972188354,0.5009518254693258,1.0,0.11650042287612801,0.9799475449622683,0.26732673267326734,64,0.0,1,0.034482758620689655,0.017543859649122806,1.0,0.011338759472354758,0.8042833006073337,21899,101,0.0,0.0,1.0,1.0,1.0,1.0,0.013309886384826877,0.12116728523280099,0.005701704866207519,1.0,7,13.80315387739109,0.99,True,0.13796174175455517,0.9800897108558997
ucr014_v1,ucr_split_w2p,ucr_014,seed0,federated_cb_only,ucr_014_p2,none,ec92dc76f777ae7c,,2026-08-01 21:21:51,0.6440459895534378,0.4749762783926067,1.0,0.08669527610678827,0.9770444782731162,0.21118012422360252,64,0.0,1,0.014925373134328356,0.007518796992481203,1.0,0.023170451938518008,0.38887620439289466,21899,101,0.0,0.0,0.0,0.0,1.0,0.0,0.027168233451588124,0.08676690692430497,0.011721016595102704,1.0,7,26.070122611039746,0.99,True,0.09738632387163089,0.9772858759566753
ucr014_v1,ucr_split_w2p,ucr_014,seed0,federated_cb_only,ucr_014_p3,none,ec92dc76f777ae7c,,2026-08-01 21:21:51,0.6828210163787459,0.5183965314277186,1.0,0.06515746779364207,0.9656514900314179,0.16691505216095381,64,0.0,1,0.02247191011235955,0.011363636363636364,1.0,0.03617478510028653,0.24576464678752455,21899,101,0.0,0.0,0.0,0.0,1.0,0.0,0.03920722125024303,0.06779550728267994,0.018420572679190225,1.0,7,37.97560649932842,0.99,True,0.07819916170410525,0.969199407436596
ucr014_v1,ucr_split_w2p,ucr_014,seed0,federated_cb_only,ucr_014_p4,none,ec92dc76f777ae7c,,2026-08-01 21:21:51,0.9991978268810419,1.0,0.9983969396939694,0.7137019027130144,0.9938507070488773,0.6636771300448431,64,9.0,1,1.0,1.0,1.0,0.4925373134328358,0.0,21899,101,1.0,1.0,1.0,1.0,1.0,1.0,0.587444238622564,0.8661126406800075,1.0,0.32673267326732675,7,53.00327094664174,0.99,True,0.6705052595533039,0.9967335812564412
ucr014_v1,ucr_split_w2p,ucr_014,seed0,federated_cb_only_ema,ucr_014_p0,none,ec92dc76f777ae7c,,2026-08-01 21:21:51,0.6683995591678884,0.5019520410718761,1.0,0.21072402387871345,0.9812903432906876,0.45079365079365075,64,0.0,1,0.03125,0.015873015873015872,1.0,0.011526390870185449,0.7910406867893511,21899,101,0.0,0.0,1.0,1.0,1.0,1.0,0.013529897244603056,0.2497858801614167,0.005796602387511478,1.0,7,12.435676035848088,0.99,True,0.26520479309997097,0.9872342020775595
ucr014_v1,ucr_split_w2p,ucr_014,seed0,federated_cb_only_ema,ucr_014_p1,none,ec92dc76f777ae7c,,2026-08-01 21:21:51,0.6606559069265135,0.49326824252493645,1.0,0.20866323595940123,0.9900782123511223,0.39575971731448767,64,0.0,1,0.02197802197802198,0.011111111111111112,1.0,0.012825396825396825,0.709986757386182,21899,101,0.0,0.0,1.0,1.0,1.0,1.0,0.015052859599532764,0.21660008618815835,0.006454086523100517,1.0,7,10.399722632480932,0.99,True,0.23721562308901067,0.9901888151379589
ucr014_v1,ucr_split_w2p,ucr_014,seed0,federated_cb_only_ema,ucr_014_p2,none,ec92dc76f777ae7c,,2026-08-01 21:21:51,0.6591888040687486,0.4916343226168495,1.0,0.07456127990854276,0.9717099067320313,0.19999999999999998,64,0.0,1,0.02197802197802198,0.011111111111111112,1.0,0.03943002147179387,0.22471345723549022,21899,101,0.0,0.0,0.0,0.0,1.0,0.0,0.04612803129439766,0.07638163762963573,0.020111509358821188,1.0,7,30.2939878353787,0.99,True,0.09079259898910831,0.9737444192884201
ucr014_v1,ucr_split_w2p,ucr_014,seed0,federated_cb_only_ema,ucr_014_p3,none,ec92dc76f777ae7c,,2026-08-01 21:21:51,0.6633224808071064,0.49624720344487494,1.0,0.09832508500205699,0.979580422995037,0.20642201834862386,64,0.0,1,0.03389830508474576,0.017241379310344827,1.0,0.052061855670103095,0.16795287456048222,21899,101,0.0,0.0,1.0,1.0,1.0,1.0,0.05856983891390673,0.09751835530778116,0.026726647261180205,1.0,7,30.623774796356887,0.99,True,0.11107148146205569,0.9802635738221996
ucr014_v1,ucr_split_w2p,ucr_014,seed0,federated_cb_only_ema,ucr_014_p4,none,ec92dc76f777ae7c,,2026-08-01 21:21:51,0.9724365833315386,0.9465297065139584,0.9998015301530153,0.8183853795222377,0.9984017535047263,0.7179487179487178,64,0.0,1,0.6666666666666666,0.5,1.0,0.7017543859649122,0.002146216722224759,21899,101,1.0,1.0,1.0,1.0,1.0,1.0,0.7883803623491601,0.9266628289903771,0.6299212598425197,0.7920792079207921,7,39.5961436147491,0.99,True,0.7627236259149558,0.9989401203043649
ucr014_v1,ucr_split_w2p,ucr_014,seed0,federated_fedavg_cb_only,ucr_014_p0,none,ec92dc76f777ae7c,,2026-08-01 21:21:51,0.673035209994041,0.5071989965845428,1.0,0.32864591850561325,0.9924984141868225,0.5772357723577235,64,0.0,1,0.03125,0.015873015873015872,1.0,0.011034030698639865,0.8267500799123247,21899,101,0.0,0.0,1.0,1.0,1.0,1.0,0.012952554200689873,0.3689866773805933,0.00554762166318796,1.0,7,40.76310278306405,0.99,True,0.42560913040265447,0.9951270678150416
ucr014_v1,ucr_split_w2p,ucr_014,seed0,federated_fedavg_cb_only,ucr_014_p1,none,ec92dc76f777ae7c,,2026-08-01 21:21:51,0.6705069377617369,0.5043327842816324,1.0,0.04510028943379278,0.9333791180844191,0.13333333333333333,64,0.0,1,0.020408163265306124,0.010309278350515464,1.0,0.015292603527897646,0.5939540618293073,21899,101,0.0,0.0,0.0,0.0,0.0,0.0,0.017944405825686807,0.049749176770301856,0.007705218187366494,1.0,7,49.5937727302375,0.99,True,0.05254955253263461,0.945876545774166
ucr014_v1,ucr_split_w2p,ucr_014,seed0,federated_fedavg_cb_only,ucr_014_p2,none,ec92dc76f777ae7c,,2026-08-01 21:21:51,0.6705864165867943,0.5044227206292686,1.0,0.2225872462878657,0.9802649336580765,0.4778761061946903,64,0.0,1,0.02469135802469136,0.0125,1.0,0.011740090666046728,0.7764738115895703,21899,101,0.0,0.0,1.0,1.0,1.0,1.0,0.013780465677255873,0.26773342016877294,0.0059047062262496345,1.0,7,65.75909871677557,0.99,True,0.23940113571193503,0.984317108302723
ucr014_v1,ucr_split_w2p,ucr_014,seed0,federated_fedavg_cb_only,ucr_014_p3,none,ec92dc76f777ae7c,,2026-08-01 21:21:51,0.6642556250098429,0.49729247410436417,1.0,0.11032853614290164,0.9466520239859046,0.28735632183908044,64,0.0,1,0.01680672268907563,0.00847457627118644,1.0,0.016564165641656418,0.5476505776519476,21899,101,0.0,0.0,1.0,1.0,1.0,1.0,0.019434143933530792,0.1370434477334464,0.008351248553001489,1.0,7,75.70941635201375,0.99,True,0.13985580198252717,0.9597860070081091
ucr014_v1,ucr_split_w2p,ucr_014,seed0,federated_fedavg_cb_only,ucr_014_p4,none,ec92dc76f777ae7c,,2026-08-01 21:21:51,0.7035190218399034,0.5428289132848155,0.9993501350135012,0.48694926980264847,0.9524215355916157,0.543046357615894,64,0.0,1,0.06060606060606061,0.03125,1.0,0.15035799522673032,0.03077766108041463,21899,101,1.0,1.0,1.0,1.0,1.0,1.0,0.15716878735276646,0.6278525154758513,0.08548168249660787,0.6237623762376238,7,106.16610761562981,0.99,True,0.28785816279803494,0.9634149397442882
ucr014_v1,ucr_split_w2p,ucr_014,seed0,federated_fedavg_cb_sharedprior,ucr_014_p0,none,ec92dc76f777ae7c,,2026-08-01 21:21:51,0.7169954333340303,0.558915283944847,0.9997619261926193,0.734043895482433,0.9873745308683113,0.7309644670050762,64,0.0,1,0.11764705882352941,0.0625,1.0,0.3183673469387755,0.01420156171514681,21899,101,1.0,1.0,1.0,1.0,1.0,1.0,0.3398463349861789,0.8902647395019134,0.20051413881748073,0.7722772277227723,7,88.60486783683298,0.99,True,0.5928136766041172,0.992087662148192
ucr014_v1,ucr_split_w2p,ucr_014,seed0,federated_fedavg_cb_sharedprior,ucr_014_p1,none,ec92dc76f777ae7c,,2026-08-01 21:21:51,0.44746647777465165,0.31466349263384846,0.7742272727272728,0.0075961635716561985,0.6622093598921059,0.024303497332542976,64,101.0,1,0.0,0.0,0.0,0.0,0.011553038951550298,21899,101,0.0,0.0,0.0,0.0,0.0,0.0,0.0,0.008465779649569793,0.0,0.0,7,108.49613557775815,0.99,True,0.008060309617097793,0.680725562427798
ucr014_v1,ucr_split_w2p,ucr_014,seed0,federated_fedavg_cb_sharedprior,ucr_014_p2,none,ec92dc76f777ae7c,,2026-08-01 21:21:51,0.651508903774501,0.48313919580048426,1.0,0.12102702575340453,0.967458616266668,0.2986666666666667,64,0.0,1,0.017543859649122806,0.008849557522123894,1.0,0.021214030665826507,0.4255902095986118,21899,101,0.0,0.0,1.0,1.0,1.0,1.0,0.02468843481585507,0.13809978182947352,0.010720730283409405,1.0,7,83.40477634429932,0.99,True,0.14122896924576206,0.9748452291916144
ucr014_v1,ucr_split_w2p,ucr_014,seed0,federated_fedavg_cb_sharedprior,ucr_014_p3,none,ec92dc76f777ae7c,,2026-08-01 21:21:51,0.4735478564238668,0.31405235487404165,0.9622272727272727,0.041848344637602876,0.9392074053745391,0.12658227848101267,64,101.0,1,0.0,0.0,0.0,0.0,0.018950637015388832,21899,101,0.0,0.0,0.0,0.0,0.0,0.0,0.0,0.0449634184082866,0.0,0.0,7,118.83758222619691,0.99,True,0.047815555175603465,0.9466180821816266
ucr014_v1,ucr_split_w2p,ucr_014,seed0,federated_fedavg_cb_sharedprior,ucr_014_p4,none,ec92dc76f777ae7c,,2026-08-01 21:21:51,0.6719418691340664,0.5059581757132424,1.0,0.01316005894923961,0.8176701409124427,0.03963963963963964,64,0.0,1,0.02380952380952381,0.012048192771084338,1.0,0.023933649289099527,0.3761815608018631,21899,101,0.0,0.0,0.0,0.0,0.0,0.0,0.026284729057387282,0.014148953551635673,0.012111764000479674,1.0,7,112.55654070695238,0.99,True,0.014937964155632397,0.8341660465339314
ucr014_v1,ucr_split_w2p,ucr_014,seed0,federated_shared,ucr_014_p0,none,ec92dc76f777ae7c,,2026-08-01 21:21:51,,,,0.0023841565057876133,0.02839136829341184,0.009362254356692622,64,101.0,1,0.0,0.0,0.0,0.0,0.0,21899,101,0.0,0.0,0.0,0.0,0.0,0.0,0.0,0.0020512433104095847,0.0,0.0,7,169.77075447241464,0.99,True,0.0033440123683482112,0.029094182706063097
ucr014_v1,ucr_split_w2p,ucr_014,seed0,federated_shared,ucr_014_p1,none,ec92dc76f777ae7c,,2026-08-01 21:21:51,,,,0.007149935049380227,0.7025136551739105,0.017540620384047266,64,101.0,1,0.0,0.0,0.0,0.0,0.0,21899,101,0.0,0.0,0.0,0.0,0.0,0.0,0.0,0.007652970986303993,0.0,0.0,7,273.5998691447576,0.99,True,0.008026146224148926,0.7230000779404212
ucr014_v1,ucr_split_w2p,ucr_014,seed0,federated_shared,ucr_014_p2,none,ec92dc76f777ae7c,,2026-08-01 21:21:51,,,,0.003569975962358087,0.3865749102879601,0.011568638680487943,64,101.0,1,0.0,0.0,0.0,0.0,0.0,21899,101,0.0,0.0,0.0,0.0,0.0,0.0,0.0,0.0033545192918913187,0.0,0.0,7,113.5131300274531,0.99,True,0.0036849307474763246,0.3878344664604769
ucr014_v1,ucr_split_w2p,ucr_014,seed0,federated_shared,ucr_014_p3,none,ec92dc76f777ae7c,,2026-08-01 21:21:51,,,,0.0036281629448502205,0.41071408387471015,0.010443480179451351,64,101.0,1,0.0,0.0,0.0,0.0,0.0,21899,101,0.0,0.0,0.0,0.0,0.0,0.0,0.0,0.003361951809073609,0.0,0.0,7,104.78607122610013,0.99,True,0.0038449888815870518,0.4290793619218456
ucr014_v1,ucr_split_w2p,ucr_014,seed0,federated_shared,ucr_014_p4,none,ec92dc76f777ae7c,,2026-08-01 21:21:51,,,,0.5599507232108364,0.9282719632299319,0.6440677966101693,64,101.0,1,0.0,0.0,0.0,0.0,0.0,21899,101,1.0,1.0,1.0,1.0,1.0,1.0,0.0,0.715968148065003,0.0,0.0,7,98.46777343670526,0.99,True,0.4557515323962702,0.9562717920674582
ucr014_v1,ucr_split_w2p,ucr_014,seed0,local,ucr_014_p0,none,ec92dc76f777ae7c,,2026-08-01 21:21:51,0.6720187080541106,0.506045312633435,1.0,0.7785957250545089,0.9986630792400213,0.7017543859649124,64,0.0,1,0.02531645569620253,0.01282051282051282,1.0,0.011100120892405758,0.8217726836841865,21899,101,1.0,1.0,1.0,1.0,1.0,1.0,0.013030054864231696,0.8302897498941002,0.005581035530750953,1.0,7,46.75631969292957,0.99,True,0.6444221556979598,0.9985596078103103
ucr014_v1,ucr_split_w2p,ucr_014,seed0,local,ucr_014_p1,none,ec92dc76f777ae7c,,2026-08-01 21:21:51,0.6743672588333649,0.5087134904648491,1.0,0.05341506775493234,0.9475634992148926,0.1559748427672956,64,0.0,1,1.0,1.0,1.0,0.009339312959452587,0.9784465044065939,21899,101,0.0,0.0,0.0,0.0,0.0,0.0,0.01096491503587592,0.05886748040707745,0.00469156447417317,1.0,7,59.03354625602563,0.99,True,0.0632577805564481,0.9555980983222956
ucr014_v1,ucr_split_w2p,ucr_014,seed0,local,ucr_014_p2,none,ec92dc76f777ae7c,,2026-08-01 21:21:51,0.6645857313447701,0.4976625957531605,1.0,0.26202404877724744,0.992287725964249,0.4758064516129032,64,0.0,1,0.026666666666666665,0.013513513513513514,1.0,0.0129387650525237,0.7036850997762455,21899,101,0.0,0.0,1.0,1.0,1.0,1.0,0.015185755576532158,0.28314989944357943,0.006511507962091419,1.0,7,73.5078794213136,0.99,True,0.2785050321326636,0.9927118199052134
ucr014_v1,ucr_split_w2p,ucr_014,seed0,local,ucr_014_p3,none,ec92dc76f777ae7c,,2026-08-01 21:21:51,0.6605825743185645,0.4931864866417501,1.0,0.09217854215790829,0.9750144565577613,0.23765996343692872,64,0.0,1,0.022727272727272724,0.011494252873563218,1.0,0.014905548996458087,0.6096168774829901,21899,101,0.0,0.0,0.0,0.0,1.0,1.0,0.017490869542707593,0.09704673840941674,0.007508735410006691,1.0,7,74.30824499487876,0.99,True,0.106724294614708,0.9770519922894407
ucr014_v1,ucr_split_w2p,ucr_014,seed0,local,ucr_014_p4,none,ec92dc76f777ae7c,,2026-08-01 21:21:51,0.6459897564917868,0.4770936996887412,1.0,0.28966552630900855,0.9946722102686546,0.5333333333333333,64,0.0,1,0.05555555555555556,0.02857142857142857,1.0,0.11253481894150417,0.07274304762774556,21899,101,0.0,0.0,1.0,1.0,1.0,1.0,0.13045639726871588,0.28374438100999055,0.05962219598583235,1.0,7,84.0470875283082,0.99,True,0.3421912644544526,0.9951973263568434
ucr043_abl_fidelity_znorm,ucr_split_w2p,ucr_043,seed0,centralized,ucr_043_p0,zscore,,,,0.6820956250903116,0.5175607867126577,1.0,0.7682301902210699,0.9959095957723213,0.6951219512195123,64,0.0,1,0.25,0.14285714285714285,1.0,0.02268404367735118,0.9563628843237281,14506,161,1.0,1.0,1.0,1.0,1.0,1.0,0.02463131647563599,0.825953102782661,0.011472139090779536,1.0,7,50.86072707941134,0.99,True,0.7726272249547641,0.997202395702897
ucr043_abl_fidelity_znorm,ucr_split_w2p,ucr_043,seed0,centralized,ucr_043_p1,zscore,,,,0.6987226343749969,0.5369513470630457,1.0,0.7682301902210699,0.9959095957723213,0.6951219512195123,64,0.0,1,0.05128205128205127,0.02631578947368421,1.0,0.02413250393464738,0.8976285674893147,14506,161,1.0,1.0,1.0,1.0,1.0,1.0,0.02620240460318556,0.825953102782661,0.012213624639660142,1.0,7,59.29050642973123,0.99,True,0.7726272249547641,0.997202395702897
ucr043_abl_fidelity_znorm,ucr_split_w2p,ucr_043,seed0,centralized,ucr_043_p2,zscore,,,,0.7360508748928349,0.5823421688989484,1.0,0.7682301902210699,0.9959095957723213,0.6951219512195123,64,0.0,1,0.04347826086956522,0.022222222222222223,1.0,0.028954230734646164,0.7444505721770301,14506,161,1.0,1.0,1.0,1.0,1.0,1.0,0.0314308643427408,0.825953102782661,0.01468978102189781,1.0,7,66.65081763202323,0.99,True,0.7726272249547641,0.997202395702897
ucr043_abl_fidelity_znorm,ucr_split_w2p,ucr_043,seed0,centralized,ucr_043_p3,zscore,,,,0.7551239857902244,0.6065856978291635,1.0,0.7682301902210699,0.9959095957723213,0.6951219512195123,64,0.0,1,0.02531645569620253,0.01282051282051282,1.0,0.03471323846485554,0.6172618226940576,14506,161,1.0,1.0,1.0,1.0,1.0,1.0,0.03767269100431322,0.825953102782661,0.017663192539769612,1.0,7,72.17979384601117,0.99,True,0.7726272249547641,0.997202395702897
ucr043_abl_fidelity_znorm,ucr_split_w2p,ucr_043,seed0,centralized,ucr_043_p4,zscore,,,,0.7461421350157086,0.5950771262459295,1.0,0.7682301902210699,0.9959095957723213,0.6951219512195123,64,0.0,1,0.03571428571428572,0.01818181818181818,1.0,0.030804553716636374,0.6984006617951193,14506,161,1.0,1.0,1.0,1.0,1.0,1.0,0.03343666643017951,0.825953102782661,0.015643218033424017,1.0,7,69.19384981602427,0.99,True,0.7726272249547641,0.997202395702897
ucr043_abl_znorm,ucr_split_w2p,ucr_043,seed0,centralized,ucr_043_p0,zscore,,,,0.7288749285446301,0.5734092930053747,1.0,0.8651538178533626,0.9984007474311336,0.8156424581005587,64,0.0,1,0.039999999999999994,0.02040816326530612,1.0,0.02889187976671153,0.7461050599751827,14506,161,1.0,1.0,1.0,1.0,1.0,1.0,0.031363268314849986,0.9067422764111145,0.01465768390386016,1.0,7,68.8497939872245,0.99,True,0.8467301360469471,0.9987241487473654
ucr043_abl_znorm,ucr_split_w2p,ucr_043,seed0,centralized,ucr_043_p1,zscore,,,,0.7322528454673016,0.57760164781219,1.0,0.8685092588225426,0.9984478472390521,0.8225352112676056,64,0.0,1,0.0392156862745098,0.02,1.0,0.0303802245494858,0.7084654625672135,14506,161,1.0,1.0,1.0,1.0,1.0,1.0,0.03297671125723821,0.9101543962555079,0.015424410806667944,1.0,7,70.5807680833753,0.99,True,0.8467301360469471,0.9987241487473654
ucr043_abl_znorm,ucr_split_w2p,ucr_043,seed0,centralized,ucr_043_p2,zscore,,,,0.7846993812185171,0.6456833552880878,1.0,0.8685092588225426,0.9984478472390521,0.8225352112676056,64,0.0,1,0.020618556701030924,0.010416666666666666,1.0,0.062282398452611215,0.3342065352268027,14506,161,1.0,1.0,1.0,1.0,1.0,1.0,0.06750838491994221,0.910154281213708,0.032142144140547016,1.0,7,82.5077216522023,0.99,True,0.8467301360469471,0.9987241487473654
ucr043_abl_znorm,ucr_split_w2p,ucr_043,seed0,centralized,ucr_043_p3,zscore,,,,0.7943089978801301,0.6587998056579673,1.0,0.8685092588225426,0.9984478472390521,0.8225352112676056,64,0.0,1,0.02380952380952381,0.012048192771084338,1.0,0.10138539042821158,0.19674617399696678,14506,161,1.0,1.0,1.0,1.0,1.0,1.0,0.10969966379880378,0.9101543530789302,0.053399668325041456,1.0,7,87.17752550733665,0.99,True,0.8467301360469471,0.9987241487473654
ucr043_abl_znorm,ucr_split_w2p,ucr_043,seed0,centralized,ucr_043_p4,zscore,,,,0.8490366746508424,0.7376748293810993,1.0,0.8685092588225426,0.9984478472390521,0.8225352112676056,64,0.0,1,0.07999999999999999,0.041666666666666664,1.0,0.46131805157593125,0.02592030883772232,14506,161,1.0,1.0,1.0,1.0,1.0,1.0,0.4872588013035075,0.910154410657289,0.29981378026070765,1.0,7,98.24367071111995,0.99,True,0.8467301360469471,0.9987241487473654
ucr043_cb128,ucr_split,ucr_043,seed0,federated_cb_only,ucr_043_p0,none,edbe0556f884843c,--codebook-size 128,2026-08-02 19:45:11,0.6628029475034964,0.49600539008499167,0.9986209376099724,0.02644606938928267,0.8031544882263326,0.06353322528363047,64,20.0,1,0.13559322033898305,0.07272727272727272,1.0,0.05030181086519115,0.12250103405487385,14506,161,0.0,0.0,0.0,0.0,0.0,0.0,0.05064181024026158,0.026491749363353412,0.02736726874657909,0.3105590062111801,7,68.02557988179004,0.99,True,0.026843795065199624,0.8060659897687895
ucr043_cb128,ucr_split,ucr_043,seed0,federated_cb_only,ucr_043_p1,none,edbe0556f884843c,--codebook-size 128,2026-08-02 19:45:11,0.7611728587130494,0.6150108224427466,0.9984659439558192,0.04294227157343489,0.8602672871281363,0.09046454767726161,64,20.0,1,0.09836065573770492,0.05172413793103448,1.0,0.08333333333333333,0.06183648145594926,14506,161,0.0,0.0,0.0,0.0,0.0,0.0,0.0843710371864549,0.04431027062555157,0.04878048780487805,0.2857142857142857,7,70.6442755234297,0.99,True,0.04371714145946163,0.8657810581483335
ucr043_cb128,ucr_split,ucr_043,seed0,federated_cb_only,ucr_043_p2,none,edbe0556f884843c,--codebook-size 128,2026-08-02 19:45:11,0.8737768794086314,0.7802805618054135,0.9927296965723957,0.06950780802815719,0.8084926091837775,0.13812154696132595,64,28.0,1,0.5,0.3333333333333333,1.0,0.05649717514124294,0.0007583069074865573,14506,161,0.0,0.0,1.0,1.0,1.0,1.0,0.05839363110458262,0.06748739220017708,0.3125,0.031055900621118012,7,101.78587872227031,0.99,True,0.05163956798353347,0.8154612886668429
ucr043_cb128,ucr_split,ucr_043,seed0,federated_cb_only,ucr_043_p3,none,edbe0556f884843c,--codebook-size 128,2026-08-02 19:45:11,0.6875823220942737,0.5239051055693448,1.0,0.012549352644003161,0.6049966045320292,0.03636846296787895,64,0.0,1,0.047619047619047616,0.024390243902439025,1.0,0.031054103577972805,0.6926099545015856,14506,161,0.0,0.0,0.0,0.0,0.0,0.0,0.03289089722760771,0.0124444115916547,0.01577194357366771,1.0,7,83.98389873459462,0.99,True,0.012765172040804016,0.6081336270154808
ucr043_cb128,ucr_split,ucr_043,seed0,federated_cb_only,ucr_043_p4,none,edbe0556f884843c,--codebook-size 128,2026-08-02 19:45:11,0.6869013713126934,0.5231528524026959,0.9998610985831632,0.16147881052884994,0.9035323143218527,0.20560747663551404,64,2.0,1,0.02150537634408602,0.010869565217391304,1.0,0.07617504051863858,0.23438577140493588,14506,161,1.0,1.0,1.0,1.0,1.0,1.0,0.07652173338793172,0.1666509374551295,0.03981926009601807,0.8757763975155279,7,65.398831729268,0.99,True,0.12327446327370228,0.9054746546137752
ucr043_cb128,ucr_split,ucr_043,seed0,federated_fedavg_cb_only,ucr_043_p0,none,edbe0556f884843c,--codebook-size 128,2026-08-02 19:45:11,0.7763936406662982,0.6351830945921954,0.9983391117169699,0.05070992260136144,0.8799661395199074,0.0934795152914022,64,13.0,1,0.04938271604938272,0.02531645569620253,1.0,0.0875,0.06273266234661519,14506,161,0.0,0.0,0.0,0.0,1.0,1.0,0.0886049068556662,0.050117915382704256,0.051094890510948905,0.30434782608695654,7,76.02794170002143,0.99,True,0.05021784330098338,0.8799632494054783
ucr043_cb128,ucr_split,ucr_043,seed0,federated_fedavg_cb_only,ucr_043_p1,none,edbe0556f884843c,--codebook-size 128,2026-08-02 19:45:11,0.7765587175262924,0.6349752155778596,0.9993997172001031,0.31195689099502727,0.9554114682037762,0.3506849315068493,64,12.0,1,0.06153846153846154,0.031746031746031744,1.0,0.21959858323494688,0.040879636012684406,14506,161,1.0,1.0,1.0,1.0,1.0,1.0,0.2250983198431693,0.33371136003875,0.13556851311953352,0.577639751552795,7,76.82108772911131,0.99,True,0.23993412214814383,0.9561663111666248
ucr043_cb128,ucr_split,ucr_043,seed0,federated_fedavg_cb_only,ucr_043_p2,none,edbe0556f884843c,--codebook-size 128,2026-08-02 19:45:11,0.9966720549704713,1.0,0.9933661869062548,0.3637483252922573,0.9224445999213862,0.4264705882352941,64,32.0,1,1.0,1.0,1.0,0.09467455621301775,0.0,14506,161,1.0,1.0,1.0,1.0,1.0,1.0,0.0996102208748376,0.4043534586130144,1.0,0.049689440993788817,7,88.96389953573544,0.99,True,0.2852863824600867,0.9292126288745203
ucr043_cb128,ucr_split,ucr_043,seed0,federated_fedavg_cb_only,ucr_043_p3,none,edbe0556f884843c,--codebook-size 128,2026-08-02 19:45:11,0.6529671883369288,0.48883674911581654,0.9830248070307831,0.017418271722634604,0.7070263493452699,0.0507399577167019,64,161.0,1,0.0,0.0,0.0,0.0,0.1343581966083,14506,161,0.0,0.0,0.0,0.0,0.0,0.0,0.0,0.017479707020107496,0.0,0.0,7,100.65170315230883,0.99,True,0.01770838201858556,0.7079327553713258
ucr043_cb128,ucr_split,ucr_043,seed0,federated_fedavg_cb_only,ucr_043_p4,none,edbe0556f884843c,--codebook-size 128,2026-08-02 19:45:11,0.6878256436295815,0.5242179480213071,0.9998898952183612,0.06996294116442807,0.8867874762467105,0.15471698113207547,64,2.0,1,0.020202020202020204,0.01020408163265306,1.0,0.07399741267787839,0.2454846270508755,14506,161,0.0,0.0,1.0,1.0,1.0,1.0,0.07457272010791356,0.07114052876960165,0.03860691144708423,0.8881987577639752,7,56.99601133738358,0.99,True,0.06893063066489213,0.8887230024898791
ucr043_cb128,ucr_split_w2p,ucr_043,seed0,federated_cb_only,ucr_043_p0,none,edbe0556f884843c,--codebook-size 128,2026-08-02 19:45:11,0.6696051790424523,0.5033131281738649,1.0,0.012672320115886147,0.572157762091163,0.04649819494584837,64,0.0,1,0.04347826086956522,0.022222222222222223,1.0,0.02650860294722977,0.8151799255480491,14506,161,0.0,0.0,0.0,0.0,0.0,0.0,0.028779221676882988,0.012410739029575804,0.013432337727348573,1.0,7,47.697123351875824,0.99,True,0.013848112800287606,0.5724891014194842
ucr043_cb128,ucr_split_w2p,ucr_043,seed0,federated_cb_only,ucr_043_p1,none,edbe0556f884843c,--codebook-size 128,2026-08-02 19:45:11,0.7300211418999916,0.5748293660511502,1.0,0.05156984882638222,0.8986420697197048,0.14165497896213183,64,0.0,1,0.06451612903225806,0.03333333333333333,1.0,0.02616397172340944,0.826209844202399,14506,161,0.0,0.0,0.0,0.0,0.0,0.0,0.02840551238736998,0.05309806797715347,0.013255392721883748,1.0,7,54.33891739144689,0.99,True,0.055911574255045025,0.9050686082700461
ucr043_cb128,ucr_split_w2p,ucr_043,seed0,federated_cb_only,ucr_043_p2,none,edbe0556f884843c,--codebook-size 128,2026-08-02 19:45:11,0.7602864544136443,0.6136448949258846,0.9990204909233429,0.024437803408150563,0.7929834987963859,0.06801786327722432,64,0.0,1,0.1090909090909091,0.057692307692307696,1.0,0.06568446899938613,0.20612160485316422,14506,161,0.0,0.0,0.0,0.0,0.0,0.0,0.07057922600612981,0.024320456725898856,0.03454956409428479,0.6645962732919255,7,65.00478706616249,0.99,True,0.02706991639632216,0.8041390422014193
ucr043_cb128,ucr_split_w2p,ucr_043,seed0,federated_cb_only,ucr_043_p3,none,edbe0556f884843c,--codebook-size 128,2026-08-02 19:45:11,0.6756219344005895,0.5101427998166101,1.0,0.014619413132202592,0.6457687673466452,0.04598490048043926,64,0.0,1,1.0,1.0,1.0,0.022246787342821612,0.9755963049772508,14506,161,0.0,0.0,0.0,0.0,0.0,0.0,0.024157001308646585,0.014846054994805999,0.011248515335708796,1.0,7,69.84074534098308,0.99,True,0.015848802250970025,0.6542571529275881
ucr043_cb128,ucr_split_w2p,ucr_043,seed0,federated_cb_only,ucr_043_p4,none,edbe0556f884843c,--codebook-size 128,2026-08-02 19:45:11,,,,0.046082290478083265,0.8921457216675387,0.12324588163514337,64,161.0,1,0.0,0.0,0.0,0.0,0.0,14506,161,0.0,0.0,0.0,0.0,0.0,0.0,0.0,0.04479581019300839,0.0,0.0,7,40.64812221025115,0.99,True,0.049972192395828806,0.8920854601243062
ucr043_cb128,ucr_split_w2p,ucr_043,seed0,federated_fedavg_cb_only,ucr_043_p0,none,edbe0556f884843c,--codebook-size 128,2026-08-02 19:45:11,0.6835196026671647,0.5192022638939119,1.0,0.047269307719024184,0.8979501307233758,0.12557427258805515,64,0.0,1,0.6666666666666666,0.5,1.0,0.022970466543016124,0.9441610368123535,14506,161,0.0,0.0,0.0,0.0,0.0,0.0,0.024942004426740837,0.04697564142871051,0.011618676481200838,1.0,7,56.49499984538182,0.99,True,0.049517496047509255,0.8996682183263561
ucr043_cb128,ucr_split_w2p,ucr_043,seed0,federated_fedavg_cb_only,ucr_043_p1,none,edbe0556f884843c,--codebook-size 128,2026-08-02 19:45:11,0.7058895109129509,0.5454630936582022,1.0,0.017375785206387287,0.6992981272260013,0.05651846269781462,64,0.0,1,0.029411764705882353,0.014925373134328358,1.0,0.02775862068965517,0.7774713911484903,14506,161,0.0,0.0,0.0,0.0,0.0,0.0,0.02987866972037049,0.016373963678475947,0.014074656875601015,1.0,7,50.496264669641384,0.99,True,0.01842752732165045,0.7003343891884627
ucr043_cb128,ucr_split_w2p,ucr_043,seed0,federated_fedavg_cb_only,ucr_043_p2,none,edbe0556f884843c,--codebook-size 128,2026-08-02 19:45:11,0.7614765988219266,0.6148261696933753,1.0,0.011037044848456384,0.527482309740326,0.03870343492985002,64,0.0,1,0.07142857142857142,0.037037037037037035,1.0,0.030666666666666665,0.7016407003998345,14506,161,0.0,0.0,0.0,0.0,0.0,0.0,0.03328720453107441,0.010399189805907125,0.015572105619498984,1.0,7,53.28891325402258,0.99,True,0.011454318706720729,0.5278151046435476
ucr043_cb128,ucr_split_w2p,ucr_043,seed0,federated_fedavg_cb_only,ucr_043_p3,none,edbe0556f884843c,--codebook-size 128,2026-08-02 19:45:11,0.7260590927302176,0.5701072017633463,0.9994596396101105,0.009540897689202231,0.45881549977606173,0.028402575637293818,64,13.0,1,0.04597701149425288,0.023529411764705882,1.0,0.026223986527126188,0.5544602233558528,14506,161,0.0,0.0,0.0,0.0,0.0,0.0,0.026916190182895115,0.00911793998913682,0.013370951913640825,0.6770186335403726,7,69.14413073499998,0.99,True,0.00987855163102448,0.462958998551616
ucr043_cb128,ucr_split_w2p,ucr_043,seed0,federated_fedavg_cb_only,ucr_043_p4,none,edbe0556f884843c,--codebook-size 128,2026-08-02 19:45:11,0.7719757419046855,0.6286405233051342,0.9999792494834603,0.32714867437453216,0.9773642604944793,0.5375722543352601,64,0.0,1,0.026666666666666665,0.013513513513513514,1.0,0.12399355877616747,0.14952433475803115,14506,161,0.0,0.0,1.0,1.0,1.0,1.0,0.12995513458087293,0.38140258518376785,0.06629358588032716,0.9565217391304348,7,51.34382859669004,0.99,True,0.37239867857204867,0.982680960641163
ucr043_cb128base,ucr_split,ucr_043,seed0,centralized,ucr_043_p0,none,edbe0556f884843c,--codebook-size 128,2026-08-02 15:34:28,,,,0.31012957830095056,0.929601629824626,0.3652173913043478,64,161.0,1,0.0,0.0,0.0,0.0,0.0,14506,161,1.0,1.0,1.0,1.0,1.0,1.0,0.0,0.31254947716385295,0.0,0.0,7,157.12646690924961,0.99,True,0.25453843839434503,0.9307258138496958
ucr043_cb128base,ucr_split,ucr_043,seed0,centralized,ucr_043_p1,none,edbe0556f884843c,--codebook-size 128,2026-08-02 15:34:28,,,,0.18009467332677057,0.9501482787589286,0.2776572668112798,64,161.0,1,0.0,0.0,0.0,0.0,0.0,14506,161,0.0,0.0,1.0,1.0,1.0,1.0,0.0,0.17901268941658627,0.0,0.0,7,156.8909057704608,0.99,True,0.18520329197066088,0.9535767886242574
ucr043_cb128base,ucr_split,ucr_043,seed0,centralized,ucr_043_p2,none,edbe0556f884843c,--codebook-size 128,2026-08-02 15:34:28,,,,0.1397706872493182,0.9133954422800418,0.23826714801444043,64,161.0,1,0.0,0.0,0.0,0.0,0.0,14506,161,0.0,0.0,1.0,1.0,1.0,1.0,0.0,0.13921463169464515,0.0,0.0,7,158.9345175687472,0.99,True,0.1384179443132372,0.9231408632593562
ucr043_cb128base,ucr_split,ucr_043,seed0,centralized,ucr_043_p3,none,edbe0556f884843c,--codebook-size 128,2026-08-02 15:34:28,0.25911910644434316,0.25908502079498186,0.2591532010636121,0.014571221723275286,0.652212021069885,0.03812199036918138,64,161.0,1,0.0,0.0,0.0,0.0,0.00013787398317937404,14506,161,0.0,0.0,0.0,0.0,0.0,0.0,0.0,0.014636624851022885,0.0,0.0,7,159.44409658193587,0.99,True,0.0146935494180933,0.6531495473307346
ucr043_cb128base,ucr_split,ucr_043,seed0,centralized,ucr_043_p4,none,edbe0556f884843c,--codebook-size 128,2026-08-02 15:34:28,0.6748613125760602,0.5099125761984074,0.9975546151477924,0.05365009406673076,0.8788284650686415,0.13110846245530394,64,28.0,1,0.20512820512820512,0.11428571428571428,1.0,0.03896103896103896,0.00972011581414587,14506,161,0.0,0.0,0.0,0.0,0.0,0.0,0.03945085310938371,0.056744511950716135,0.04081632653061224,0.037267080745341616,7,145.95454174756992,0.99,True,0.05704270438683362,0.8916293354718856
ucr043_cb128base,ucr_split,ucr_043,seed0,local,ucr_043_p0,none,edbe0556f884843c,--codebook-size 128,2026-08-02 15:34:28,0.7233800257983839,0.5673282836986345,0.9978540154578645,0.047065498633112816,0.869247935957963,0.12576687116564417,64,25.0,1,0.19672131147540983,0.10909090909090909,1.0,0.05082212257100149,0.03384806287053633,14506,161,0.0,0.0,0.0,0.0,0.0,0.0,0.050957643437062335,0.04845050412440394,0.03346456692913386,0.10559006211180125,7,148.88921252965926,0.99,True,0.04776357923425823,0.8710848188783764
ucr043_cb128base,ucr_split,ucr_043,seed0,local,ucr_043_p1,none,edbe0556f884843c,--codebook-size 128,2026-08-02 15:34:28,0.7471531256756886,0.5963643565178741,0.9999997882600353,0.32491067080951064,0.9655837421739387,0.30319148936170215,64,1.0,1,0.01129943502824859,0.005681818181818182,1.0,0.11670313639679067,0.16689645663863228,14506,161,1.0,1.0,1.0,1.0,1.0,1.0,0.11925398265795548,0.3477297023633197,0.06199147617202635,0.9937888198757764,7,143.12746877829233,0.99,True,0.24302683105039888,0.9667613161147707
ucr043_cb128base,ucr_split,ucr_043,seed0,local,ucr_043_p2,none,edbe0556f884843c,--codebook-size 128,2026-08-02 15:34:28,,,,0.300665163946772,0.9097105245805334,0.3448275862068966,64,161.0,1,0.0,0.0,0.0,0.0,0.0,14506,161,1.0,1.0,1.0,1.0,1.0,1.0,0.0,0.32217812853255057,0.0,0.0,7,159.98875745455425,0.99,True,0.22459580388461034,0.9200005062621475
ucr043_cb128base,ucr_split,ucr_043,seed0,local,ucr_043_p3,none,edbe0556f884843c,--codebook-size 128,2026-08-02 15:34:28,0.6798863115246956,0.5151007058054855,0.9996997527300692,0.02690640902624627,0.8166768430797108,0.07598197037990985,64,15.0,1,0.02247191011235955,0.011363636363636364,1.0,0.07077625570776255,0.22190817592720255,14506,161,0.0,0.0,0.0,0.0,0.0,0.0,0.07115563189372812,0.026750024600902686,0.03709243194735268,0.7701863354037267,7,133.36433841029802,0.99,True,0.027468906692869836,0.8167338659618812
ucr043_cb128base,ucr_split,ucr_043,seed0,local,ucr_043_p4,none,edbe0556f884843c,--codebook-size 128,2026-08-02 15:34:28,0.6952631325698724,0.532876129988797,1.0,0.0408517785701695,0.8670282504647895,0.08540471637985979,64,0.0,1,0.014925373134328356,0.007518796992481203,1.0,0.04963773701248651,0.4249965531504205,14506,161,0.0,0.0,0.0,0.0,0.0,0.0,0.0533476943006284,0.04101333987481123,0.025450521656655074,1.0,7,128.5428868651389,0.99,True,0.04162785662602007,0.8699520372758157
ucr043_cb128base,ucr_split_w2p,ucr_043,seed0,centralized,ucr_043_p0,none,edbe0556f884843c,--codebook-size 128,2026-08-02 15:34:28,0.7948477166156229,0.6595413107325213,1.0,0.23369295351741914,0.9790226019132797,0.35616438356164387,64,0.0,1,0.027027027027027025,0.0136986301369863,1.0,0.1306288032454361,0.1477319729766993,14506,161,0.0,0.0,1.0,1.0,1.0,1.0,0.1397249970484177,0.23537943987921234,0.06987847222222222,1.0,7,115.26474053462346,0.99,True,0.24193865536577505,0.9791567664646825
ucr043_cb128base,ucr_split_w2p,ucr_043,seed0,centralized,ucr_043_p1,none,edbe0556f884843c,--codebook-size 128,2026-08-02 15:34:28,0.8044545381270685,0.6728765770787309,1.0,0.8469464842370537,0.9976895403315655,0.7828571428571429,64,0.0,1,0.02222222222222222,0.011235955056179775,1.0,0.0668465850114179,0.3098717771956432,14506,161,1.0,1.0,1.0,1.0,1.0,1.0,0.0724406744011716,0.8673208655018051,0.03457903780068729,1.0,7,112.58616266171136,0.99,True,0.8087880894446254,0.9979135113608786
ucr043_cb128base,ucr_split_w2p,ucr_043,seed0,centralized,ucr_043_p2,none,edbe0556f884843c,--codebook-size 128,2026-08-02 15:34:28,0.9983438903211488,1.0,0.9966932569714326,0.8658700037690062,0.9986953353206598,0.8176795580110497,64,68.0,1,1.0,1.0,1.0,0.0718562874251497,0.0,14506,161,1.0,1.0,1.0,1.0,1.0,1.0,0.0739311057378402,0.886572730762502,1.0,0.037267080745341616,7,143.3807974223296,0.99,True,0.8465656534286389,0.9987657898250516
ucr043_cb128base,ucr_split_w2p,ucr_043,seed0,centralized,ucr_043_p3,none,edbe0556f884843c,--codebook-size 128,2026-08-02 15:34:28,0.733726670284846,0.5794378299430001,1.0,0.29805337207020977,0.9833116816943599,0.4589235127478753,64,0.0,1,0.037037037037037035,0.018867924528301886,1.0,0.19132501485442663,0.09382324555356404,14506,161,0.0,0.0,1.0,1.0,1.0,1.0,0.19525829861219135,0.315517455674278,0.10578186596583443,1.0,7,128.7074886159102,0.99,True,0.3096573051552131,0.9844319872857016
ucr043_cb128base,ucr_split_w2p,ucr_043,seed0,centralized,ucr_043_p4,none,edbe0556f884843c,--codebook-size 128,2026-08-02 15:34:28,0.71251483880412,0.5535694501261333,0.9994992349835076,0.1836786014041608,0.9692391154484801,0.2849083215796897,64,27.0,1,0.13793103448275862,0.07407407407407407,1.0,0.2589703588143526,0.02736798566110575,14506,161,0.0,0.0,1.0,1.0,1.0,1.0,0.26274294140110593,0.18250504120029756,0.17291666666666666,0.515527950310559,7,114.97699692467842,0.99,True,0.1856852454828624,0.9717761675185014
ucr043_cb128base,ucr_split_w2p,ucr_043,seed0,local,ucr_043_p0,none,edbe0556f884843c,--codebook-size 128,2026-08-02 15:34:28,0.7254128843819632,0.5691355855501619,1.0,0.018959998467439516,0.7366123077792612,0.05227655986509275,64,0.0,1,0.02247191011235955,0.011363636363636364,1.0,0.03641298201967658,0.5874121053357232,14506,161,0.0,0.0,0.0,0.0,0.0,0.0,0.039514317240326224,0.01859076063620101,0.018544114259387238,1.0,7,93.45298566304147,0.99,True,0.020246018439558273,0.7424542570860589
ucr043_cb128base,ucr_split_w2p,ucr_043,seed0,local,ucr_043_p1,none,edbe0556f884843c,--codebook-size 128,2026-08-02 15:34:28,0.7222818095243226,0.5652903863374026,1.0,0.023905308178426943,0.791400945250327,0.06537460225629159,64,0.0,1,0.028169014084507043,0.014285714285714285,1.0,0.03304258594150847,0.6495932717496209,14506,161,0.0,0.0,0.0,0.0,0.0,0.0,0.03586230926165176,0.02404463879448046,0.016798831385642737,1.0,7,81.17826861508811,0.99,True,0.02744555035809563,0.80477984806393
ucr043_cb128base,ucr_split_w2p,ucr_043,seed0,local,ucr_043_p2,none,edbe0556f884843c,--codebook-size 128,2026-08-02 15:34:28,0.7745968180848848,0.6342808706249732,0.994629215795632,0.010165296901781647,0.48928607823877546,0.03463110346311034,64,27.0,1,0.022988505747126436,0.011627906976744186,1.0,0.0014751982297621243,0.3624707017785744,14506,161,0.0,0.0,0.0,0.0,0.0,0.0,0.002106298204907492,0.009887325093834434,0.0007601672367920942,0.024844720496894408,7,97.99065435826778,0.99,True,0.01119927495690816,0.5017843255507185
ucr043_cb128base,ucr_split_w2p,ucr_043,seed0,local,ucr_043_p3,none,edbe0556f884843c,--codebook-size 128,2026-08-02 15:34:28,0.6746641158055151,0.5090514214934758,1.0,0.016575510322219697,0.7001711863927798,0.052417385642194364,64,0.0,1,0.33333333333333337,0.2,1.0,0.02236266407389402,0.9704260306080242,14506,161,0.0,0.0,0.0,0.0,0.0,0.0,0.024282700774820653,0.016285648194166245,0.011307767944936086,1.0,7,72.17339606662591,0.99,True,0.017307001571556214,0.7013436825442441
ucr043_cb128base,ucr_split_w2p,ucr_043,seed0,local,ucr_043_p4,none,edbe0556f884843c,--codebook-size 128,2026-08-02 15:34:28,0.6812103025667146,0.5165420262931463,1.0,0.013368714236302457,0.6261645427507829,0.03619197482297404,64,0.0,1,1.0,1.0,1.0,0.022819077315569414,0.9505721770301944,14506,161,0.0,0.0,0.0,0.0,0.0,0.0,0.024777790852863895,0.01394648054147593,0.011541218637992831,1.0,7,108.3970681977271,0.99,True,0.015319726069799823,0.6517619638343769
ucr043_enc,ucr_split,ucr_043,seed0,federated_enc_commoninit,ucr_043_p0,none,edbe0556f884843c,,2026-08-02 16:44:00,0.7022701744137003,0.5414982845712024,0.9988225140563576,0.02419418796748607,0.7935281438479516,0.06270881521459779,64,14.0,1,0.07500000000000001,0.03896103896103896,1.0,0.04334975369458128,0.19426444229973805,14506,161,0.0,0.0,0.0,0.0,1.0,0.0,0.04360836255047584,0.023872480630409428,0.02288488210818308,0.40993788819875776,7,54.54978609211156,0.99,True,0.024802522133116314,0.7969098204317795
ucr043_enc,ucr_split,ucr_043,seed0,federated_enc_commoninit,ucr_043_p1,none,edbe0556f884843c,,2026-08-02 16:44:00,0.7130541372041554,0.5542174547266014,0.9995100337217069,0.027011096667456196,0.8019427386226131,0.06635891517599539,64,14.0,1,0.024096385542168676,0.012195121951219513,1.0,0.06391184573002755,0.2311457328002206,14506,161,0.0,0.0,0.0,0.0,0.0,0.0,0.06434798670139616,0.027579895645781196,0.03343903142115884,0.7204968944099379,7,59.38993607759184,0.99,True,0.027624879990658692,0.8076469520714521
ucr043_enc,ucr_split,ucr_043,seed0,federated_enc_commoninit,ucr_043_p2,none,edbe0556f884843c,,2026-08-02 16:44:00,0.8199314741024984,0.6957417634447702,0.9980903172584588,0.07316303607340736,0.8551021509197736,0.188034188034188,64,22.0,1,0.18181818181818182,0.1,1.0,0.18384401114206128,0.01137460361229836,14506,161,0.0,0.0,0.0,0.0,1.0,1.0,0.19100122858403668,0.0782475988081259,0.16666666666666666,0.20496894409937888,7,78.76253413134098,0.99,True,0.0745566844491192,0.8589734627080242
ucr043_enc,ucr_split,ucr_043,seed0,federated_enc_commoninit,ucr_043_p3,none,edbe0556f884843c,,2026-08-02 16:44:00,0.6831178053227748,0.5187387361480807,1.0,0.009360040258314137,0.440182387583463,0.03146018659145151,64,0.0,1,0.06060606060606061,0.03125,1.0,0.028785982478097622,0.7489314766303599,14506,161,0.0,0.0,0.0,0.0,0.0,0.0,0.03124846191165924,0.009406448757888958,0.014603174603174604,1.0,7,70.11415970007596,0.99,True,0.00978098738657762,0.44367945477575405
ucr043_enc,ucr_split,ucr_043,seed0,federated_enc_commoninit,ucr_043_p4,none,edbe0556f884843c,,2026-08-02 16:44:00,0.7075747693126602,0.547668693492326,0.9993654153258235,0.056219159297410025,0.8582026028210216,0.096,64,15.0,1,0.07894736842105263,0.0410958904109589,1.0,0.07671232876712329,0.13408244864194127,14506,161,0.0,0.0,1.0,1.0,1.0,1.0,0.07740028003517466,0.05348492179375223,0.041399704287826515,0.5217391304347826,7,43.52568601747614,0.99,True,0.05018070148612508,0.8596142011156455
ucr043_enc,ucr_split,ucr_043,seed0,federated_enc_fedavg,ucr_043_p0,none,edbe0556f884843c,,2026-08-02 16:44:00,0.6725885249462085,0.5068266256527637,0.9994753083674975,0.03294699138357725,0.8386304917305583,0.07922077922077922,64,15.0,1,0.046511627906976744,0.023809523809523808,1.0,0.07496012759170653,0.15531504205156488,14506,161,0.0,0.0,0.0,0.0,0.0,0.0,0.07544898163941005,0.033392744380169884,0.04005112910097997,0.5838509316770186,7,89.46678824164906,0.99,True,0.03360377421539205,0.8405034276007973
ucr043_enc,ucr_split,ucr_043,seed0,federated_enc_fedavg,ucr_043_p1,none,edbe0556f884843c,,2026-08-02 16:44:00,0.7069155534861146,0.5469872814103764,0.9990048221659559,0.03256237391662729,0.8072671578177546,0.08029197080291971,64,17.0,1,0.10101010101010102,0.05319148936170213,1.0,0.05372405372405373,0.15372949124500207,14506,161,0.0,0.0,0.0,0.0,0.0,0.0,0.05410836031707316,0.03292752003072125,0.028745644599303136,0.40993788819875776,7,95.63759223008634,0.99,True,0.03369255763966044,0.8112231873923342
ucr043_enc,ucr_split,ucr_043,seed0,federated_enc_fedavg,ucr_043_p2,none,edbe0556f884843c,,2026-08-02 16:44:00,0.7437272926107016,0.5924861755534263,0.998647193365594,0.028771506383877547,0.7936647332909149,0.06037735849056604,64,19.0,1,0.07999999999999999,0.041666666666666664,1.0,0.05855855855855856,0.10774851785468083,14506,161,0.0,0.0,0.0,0.0,0.0,0.0,0.05911508836371172,0.02953317960487522,0.03219814241486068,0.32298136645962733,7,98.27541370757312,0.99,True,0.02904984307996682,0.7977794192744936
ucr043_enc,ucr_split,ucr_043,seed0,federated_enc_fedavg,ucr_043_p3,none,edbe0556f884843c,,2026-08-02 16:44:00,0.6821029817823295,0.5175692579567472,1.0,0.01032047959681482,0.503816368981608,0.033876637903483546,64,0.0,1,0.05555555555555556,0.02857142857142857,1.0,0.028442717074463386,0.7582379704949676,14506,161,0.0,0.0,0.0,0.0,0.0,0.0,0.030876310133414967,0.009979227289109069,0.014426523297491039,1.0,7,102.81555836308611,0.99,True,0.010530195792345641,0.5049994717603808
ucr043_enc,ucr_split,ucr_043,seed0,federated_enc_fedavg,ucr_043_p4,none,edbe0556f884843c,,2026-08-02 16:44:00,0.694232834100933,0.5317710758455547,0.9996307255015803,0.042888490977428625,0.8166862630412947,0.0955631399317406,64,14.0,1,0.019801980198019802,0.01,1.0,0.05922662750856583,0.26223631600716946,14506,161,0.0,0.0,0.0,0.0,1.0,1.0,0.059590216599048756,0.04165144646228994,0.030828025477707008,0.7515527950310559,7,58.51174373436172,0.99,True,0.03848502505117728,0.8165689141316491
ucr043_enc,ucr_split,ucr_043,seed0,federated_enc_fedproto_lam1_uniform,ucr_043_p0,none,edbe0556f884843c,,2026-08-02 16:44:00,0.6911687845894644,0.5280983348300969,0.9999375367104164,0.12404536128579119,0.9096398748686557,0.22023809523809526,64,2.0,1,0.022727272727272724,0.011494252873563218,1.0,0.06885245901639345,0.27312836067834,14506,161,0.0,0.0,1.0,1.0,1.0,1.0,0.0691306249046233,0.12831073423282974,0.03577512776831346,0.9130434782608695,7,61.27182273479699,0.99,True,0.1163809667201263,0.913081514262615
ucr043_enc,ucr_split,ucr_043,seed0,federated_enc_fedproto_lam1_uniform,ucr_043_p1,none,edbe0556f884843c,,2026-08-02 16:44:00,0.7058087796328675,0.5458589735793663,0.9983490634953099,0.022220894986181104,0.7585454037866532,0.05784906652642651,64,19.0,1,0.04081632653061225,0.020833333333333332,1.0,0.04028776978417266,0.129739418171791,14506,161,0.0,0.0,0.0,0.0,0.0,0.0,0.0405682068726574,0.022605779730974634,0.02182952182952183,0.2608695652173913,7,81.3696847787974,0.99,True,0.022557369993956373,0.7620536089686959
ucr043_enc,ucr_split,ucr_043,seed0,federated_enc_fedproto_lam1_uniform,ucr_043_p2,none,edbe0556f884843c,,2026-08-02 16:44:00,0.7294130471068757,0.5800140905888502,0.9824778827019883,0.023985427473567113,0.7734987364406075,0.06001579362990261,64,161.0,1,0.0,0.0,0.0,0.0,0.01344271335998897,14506,161,0.0,0.0,0.0,0.0,0.0,0.0,0.0,0.024511913231329018,0.0,0.0,7,92.31605172921088,0.99,True,0.024613108462028667,0.7809421854486296
ucr043_enc,ucr_split,ucr_043,seed0,federated_enc_fedproto_lam1_uniform,ucr_043_p3,none,edbe0556f884843c,,2026-08-02 16:44:00,0.6888595289456882,0.5253895704948867,1.0,0.017652851349907746,0.7051290834463015,0.039999999999999994,64,0.0,1,0.06060606060606061,0.03125,1.0,0.030325861744207948,0.7097752654074176,14506,161,0.0,0.0,0.0,0.0,0.0,0.0,0.03291778296548648,0.017435888394175827,0.015396385196519077,1.0,7,85.41518971244648,0.99,True,0.01794032044032214,0.7070741506580073
ucr043_enc,ucr_split,ucr_043,seed0,federated_enc_fedproto_lam1_uniform,ucr_043_p4,none,edbe0556f884843c,,2026-08-02 16:44:00,0.7266102561643184,0.5707048513353732,0.9997120336480213,0.4723662916224173,0.9495329839954852,0.46794871794871795,64,2.0,1,0.01941747572815534,0.00980392156862745,1.0,0.1286266924564797,0.12229422308010478,14506,161,1.0,1.0,1.0,1.0,1.0,1.0,0.13000407230334363,0.5256242922114998,0.06974305191400104,0.8260869565217391,7,43.07902072943739,0.99,True,0.39316590011852204,0.9530453490423343
ucr043_enc,ucr_split,ucr_043,seed0,federated_enc_fedprox_mu0.01,ucr_043_p0,none,edbe0556f884843c,,2026-08-02 16:44:00,0.6775706360646203,0.5125873980263783,0.9991657445391204,0.024522920727748036,0.7867860204344658,0.05652342237708091,64,19.0,1,0.04597701149425288,0.023529411764705882,1.0,0.05270555165144062,0.17992554804908314,14506,161,0.0,0.0,0.0,0.0,0.0,0.0,0.0530387118906423,0.024533052357622837,0.027932960893854747,0.4658385093167702,7,83.25026270365444,0.99,True,0.024965676203838234,0.7909195812239153
ucr043_enc,ucr_split,ucr_043,seed0,federated_enc_fedprox_mu0.01,ucr_043_p1,none,edbe0556f884843c,,2026-08-02 16:44:00,0.7193000220340456,0.5617558015759617,0.9996521112380139,0.033086947893155486,0.8351909212122978,0.07398661944116489,64,14.0,1,0.04081632653061225,0.020833333333333332,1.0,0.06990179087232813,0.21921963325520474,14506,161,0.0,0.0,0.0,0.0,0.0,0.0,0.07019443595476366,0.033358749891554525,0.036655558921538926,0.7515527950310559,7,85.82995845359652,0.99,True,0.0334024072715776,0.8368337300602292
ucr043_enc,ucr_split,ucr_043,seed0,federated_enc_fedprox_mu0.01,ucr_043_p2,none,edbe0556f884843c,,2026-08-02 16:44:00,0.7514366126575303,0.6026243617482421,0.997844698899418,0.019488169158297472,0.7056887148003866,0.04694835680751174,64,24.0,1,0.07017543859649122,0.03636363636363636,1.0,0.044530493707647625,0.05852750585964429,14506,161,0.0,0.0,0.0,0.0,0.0,0.0,0.04499350097249996,0.01981400659390732,0.026376146788990827,0.14285714285714285,7,97.80769630223261,0.99,True,0.01991970164542234,0.7146917309633803
ucr043_enc,ucr_split,ucr_043,seed0,federated_enc_fedprox_mu0.01,ucr_043_p3,none,edbe0556f884843c,,2026-08-02 16:44:00,0.6750415506935767,0.5094812981093416,1.0,0.010196333215458596,0.5004050583480983,0.03286590709903593,64,0.0,1,0.05714285714285715,0.029411764705882353,1.0,0.02635240199689009,0.8201433889425066,14506,161,0.0,0.0,0.0,0.0,0.0,0.0,0.02860984279829401,0.010144797046883213,0.013352131365068834,1.0,7,70.1886447611492,0.99,True,0.010478259473792424,0.5025149438236028
ucr043_enc,ucr_split,ucr_043,seed0,federated_enc_fedprox_mu0.01,ucr_043_p4,none,edbe0556f884843c,,2026-08-02 16:44:00,0.6962146377908125,0.5340302142180707,0.9998759203806916,0.15120047054022964,0.9074724273442645,0.1686746987951807,64,2.0,1,0.02197802197802198,0.011111111111111112,1.0,0.08925204274041483,0.19846959878670895,14506,161,1.0,1.0,1.0,1.0,1.0,1.0,0.09054513287153947,0.1534556968010283,0.04700430321085733,0.8819875776397516,7,50.53571262824547,0.99,True,0.1002666771088021,0.9100903977516154
ucr043_enc,ucr_split_w2p,ucr_043,seed0,federated_enc_commoninit,ucr_043_p0,none,edbe0556f884843c,,2026-08-02 16:44:00,0.7067025153456682,0.5464346167305454,1.0,0.024856856903338977,0.7946975036245443,0.07303232173698494,64,0.0,1,0.04166666666666667,0.02127659574468085,1.0,0.044598337950138504,0.4755273679856611,14506,161,0.0,0.0,0.0,0.0,0.0,0.0,0.04837898273019666,0.023784807649826156,0.022807763139254852,1.0,7,42.36317163448694,0.99,True,0.026494803008769306,0.7951214904008619
ucr043_enc,ucr_split_w2p,ucr_043,seed0,federated_enc_commoninit,ucr_043_p1,none,edbe0556f884843c,,2026-08-02 16:44:00,0.7271988379036112,0.5713373459730865,1.0,0.014727469482967364,0.6439789746457454,0.05009759271307742,64,0.0,1,0.0625,0.03225806451612903,1.0,0.02676864244741874,0.807045360540466,14506,161,0.0,0.0,0.0,0.0,0.0,0.0,0.029061194175895554,0.014658591383344249,0.013565891472868217,1.0,7,50.84868460315784,0.99,True,0.015696329133951005,0.6453912560083024
ucr043_enc,ucr_split_w2p,ucr_043,seed0,federated_enc_commoninit,ucr_043_p2,none,edbe0556f884843c,,2026-08-02 16:44:00,0.7785149930577362,0.6373512475659346,1.0,0.01759579871764312,0.7034990019122522,0.05964368706429125,64,0.0,1,0.05555555555555556,0.02857142857142857,1.0,0.0480740519558077,0.4395422583758445,14506,161,0.0,0.0,0.0,0.0,0.0,0.0,0.05214117398782595,0.016975015780167538,0.02462903472540921,1.0,7,63.951933557094115,0.99,True,0.018726018196269414,0.7044932309076251
ucr043_enc,ucr_split_w2p,ucr_043,seed0,federated_enc_commoninit,ucr_043_p3,none,edbe0556f884843c,,2026-08-02 16:44:00,0.6725908880583799,0.5066944938132688,1.0,0.015547794238161189,0.6829476429971578,0.04712678625722104,64,0.0,1,1.0,1.0,1.0,0.02205932725902583,0.9840755549427823,14506,161,0.0,0.0,0.0,0.0,0.0,0.0,0.02395364767003936,0.01629838857453767,0.011152673870878359,1.0,7,43.93461186319832,0.99,True,0.017320226209955412,0.6995958881263502
ucr043_enc,ucr_split_w2p,ucr_043,seed0,federated_enc_commoninit,ucr_043_p4,none,edbe0556f884843c,,2026-08-02 16:44:00,0.6291500835312234,0.591554737392332,0.6718483670825663,0.0928459324138307,0.9442042829996241,0.2142857142857143,64,161.0,1,0.0,0.0,0.0,0.0,0.0010340548738453053,14506,161,0.0,0.0,0.0,0.0,0.0,0.0,0.0,0.09279163462460342,0.0,0.0,7,37.965504084864406,0.99,True,0.0974293684982277,0.9446603902588186
ucr043_enc,ucr_split_w2p,ucr_043,seed0,federated_enc_fedavg,ucr_043_p0,none,edbe0556f884843c,,2026-08-02 16:44:00,0.7353518246761298,0.5814745253960615,0.9999792494834603,0.019430600688248686,0.7374061536327225,0.05805843543826579,64,0.0,1,0.04545454545454545,0.023255813953488372,1.0,0.04987854251012146,0.403970770715566,14506,161,0.0,0.0,0.0,0.0,0.0,0.0,0.051081001103084674,0.017940578102023735,0.02560691719321583,0.9565217391304348,7,61.24238807020612,0.99,True,0.020423823022814373,0.740437731055275
ucr043_enc,ucr_split_w2p,ucr_043,seed0,federated_enc_fedavg,ucr_043_p1,none,edbe0556f884843c,,2026-08-02 16:44:00,0.7431841226695997,0.5913229901647927,1.0,0.02204285791787102,0.7653230661461139,0.06763527054108216,64,0.0,1,0.042553191489361694,0.021739130434782608,1.0,0.03698173883082577,0.5780366744795257,14506,161,0.0,0.0,0.0,0.0,0.0,0.0,0.04013048692131659,0.020440947581507492,0.01883922302831734,1.0,7,62.649705326781636,0.99,True,0.02395943572052505,0.769259453443778
ucr043_enc,ucr_split_w2p,ucr_043,seed0,federated_enc_fedavg,ucr_043_p2,none,edbe0556f884843c,,2026-08-02 16:44:00,0.7308422359463526,0.5758482173343579,1.0,0.014927864622021222,0.6511561290123683,0.04830917874396135,64,0.0,1,0.06451612903225806,0.03333333333333333,1.0,0.03622047244094488,0.5906521439404384,14506,161,0.0,0.0,0.0,0.0,0.0,0.0,0.03930575247138271,0.013915363117725819,0.018444266238973536,1.0,7,87.1549368234394,0.99,True,0.015630715724382536,0.6530424763939638
ucr043_enc,ucr_split_w2p,ucr_043,seed0,federated_enc_fedavg,ucr_043_p3,none,edbe0556f884843c,,2026-08-02 16:44:00,0.674154234552047,0.5084710847375794,1.0,0.02141077955377318,0.7684543470125449,0.05705533218456826,64,0.0,1,0.33333333333333337,0.2,1.0,0.0222775702227757,0.9742175651454571,14506,161,0.0,0.0,0.0,0.0,0.0,0.0,0.024190393745543895,0.021150772865300448,0.011264255229832786,1.0,7,63.632686177016005,0.99,True,0.022545109213239805,0.7711242918212784
ucr043_enc,ucr_split_w2p,ucr_043,seed0,federated_enc_fedavg,ucr_043_p4,none,edbe0556f884843c,,2026-08-02 16:44:00,0.661770783535706,0.49451228189753316,1.0,0.11894356473129253,0.9616581872739745,0.28037383177570097,64,0.0,1,0.02222222222222222,0.011235955056179775,1.0,0.09398715703444249,0.21398042189438854,14506,161,0.0,0.0,0.0,0.0,0.0,0.0,0.09916980275023711,0.11815600462479561,0.04931087289433384,1.0,7,43.41474286895715,0.99,True,0.1289016740282324,0.962147211884048
ucr043_enc,ucr_split_w2p,ucr_043,seed0,federated_enc_fedproto_lam1_uniform,ucr_043_p0,none,edbe0556f884843c,,2026-08-02 16:44:00,0.647367190951196,0.4789455296776752,0.9984856357725355,0.009316563072345744,0.42368675031021646,0.03276247207743856,64,27.0,1,0.17391304347826084,0.09523809523809523,1.0,0.00960960960960961,0.5600441196746174,14506,161,0.0,0.0,0.0,0.0,0.0,0.0,0.009618594804885302,0.008821774836337875,0.004899559039686428,0.2484472049689441,7,44.88006631639223,0.99,True,0.009763439463772278,0.4250409167178906
ucr043_enc,ucr_split_w2p,ucr_043,seed0,federated_enc_fedproto_lam1_uniform,ucr_043_p1,none,edbe0556f884843c,,2026-08-02 16:44:00,0.7276303255824101,0.5718702199621924,1.0,0.10238123626540573,0.9505631852486827,0.26270136307311026,64,0.0,1,0.04347826086956522,0.022222222222222223,1.0,0.027780174273142957,0.776850958224183,14506,161,0.0,0.0,0.0,0.0,0.0,0.0,0.030157980645342253,0.09941309361560946,0.014085739282589676,1.0,7,59.365251833113724,0.99,True,0.10955488550102815,0.9507104231742315
ucr043_enc,ucr_split_w2p,ucr_043,seed0,federated_enc_fedproto_lam1_uniform,ucr_043_p2,none,edbe0556f884843c,,2026-08-02 16:44:00,0.7804780039673842,0.6399868198412639,1.0,0.017130930509570767,0.6989671440303563,0.053883834849545134,64,0.0,1,0.09523809523809523,0.05,1.0,0.04703476482617587,0.4497449331311182,14506,161,0.0,0.0,0.0,0.0,0.0,0.0,0.05101634946332937,0.015785794793004855,0.024083769633507852,1.0,7,79.52312576721111,0.99,True,0.019016685895152183,0.70644529235786
ucr043_enc,ucr_split_w2p,ucr_043,seed0,federated_enc_fedproto_lam1_uniform,ucr_043_p3,none,edbe0556f884843c,,2026-08-02 16:44:00,0.6827012708672542,0.518258505659317,1.0,0.011703305155416583,0.5770261695096396,0.03679579476631242,64,0.0,1,0.07407407407407407,0.038461538461538464,1.0,0.02451652200395919,0.8832207362470702,14506,161,0.0,0.0,0.0,0.0,0.0,0.0,0.02661889954275975,0.012520005714189424,0.01241039081168581,1.0,7,75.85103889910039,0.99,True,0.013772014287851811,0.6103893855710266
ucr043_enc,ucr_split_w2p,ucr_043,seed0,federated_enc_fedproto_lam1_uniform,ucr_043_p4,none,edbe0556f884843c,,2026-08-02 16:44:00,0.7254233874033806,0.569148515855409,1.0,0.2173996223424659,0.9701789707064885,0.42975206611570244,64,0.0,1,0.027027027027027025,0.0136986301369863,1.0,0.0615561078187727,0.3384116917137736,14506,161,0.0,0.0,1.0,1.0,1.0,1.0,0.06672333224748554,0.24427095982351144,0.03175542406311637,1.0,7,42.23242503167843,0.99,True,0.24691252886686602,0.9755182236240294
ucr043_enc,ucr_split_w2p,ucr_043,seed0,federated_enc_fedprox_mu0.01,ucr_043_p0,none,edbe0556f884843c,,2026-08-02 16:44:00,0.7080513165402358,0.5480605508439735,0.9999618868063557,0.012651621667425969,0.5778148772022371,0.044329303396660906,64,4.0,1,0.21428571428571425,0.12,1.0,0.04193738924985233,0.4459533985936854,14506,161,0.0,0.0,0.0,0.0,0.0,0.0,0.04260583261381217,0.011638803977809238,0.021479352594161245,0.8819875776397516,7,55.852360918417595,0.99,True,0.013601347828626523,0.5812077772289931
ucr043_enc,ucr_split_w2p,ucr_043,seed0,federated_enc_fedprox_mu0.01,ucr_043_p1,none,edbe0556f884843c,,2026-08-02 16:44:00,0.7453887398971546,0.594119281087954,1.0,0.017325935131464104,0.7054836165459056,0.0534837183918501,64,0.0,1,0.0625,0.03225806451612903,1.0,0.031931773105910354,0.6729629118985248,14506,161,0.0,0.0,0.0,0.0,0.0,0.0,0.03465843994394652,0.016574778596283007,0.01622493197621687,1.0,7,53.88758978602322,0.99,True,0.018280271848581768,0.7086259731700788
ucr043_enc,ucr_split_w2p,ucr_043,seed0,federated_enc_fedprox_mu0.01,ucr_043_p2,none,edbe0556f884843c,,2026-08-02 16:44:00,0.7324167860638056,0.5778056840855837,1.0,0.0179913881400576,0.7178220535002436,0.048810754912099276,64,0.0,1,0.08333333333333333,0.043478260869565216,1.0,0.03462737928809549,0.6188473735006205,14506,161,0.0,0.0,0.0,0.0,0.0,0.0,0.037579657422387405,0.017231909153840205,0.017618734952943752,1.0,7,66.16539831095425,0.99,True,0.01932969127520161,0.7237903137274306
ucr043_enc,ucr_split_w2p,ucr_043,seed0,federated_enc_fedprox_mu0.01,ucr_043_p3,none,edbe0556f884843c,,2026-08-02 16:44:00,0.7445158044945684,0.6016022033175205,0.9764845830014308,0.009747872691048353,0.46177037045283464,0.03256472491909386,64,161.0,1,0.0,0.0,0.0,0.0,0.3133875637667172,14506,161,0.0,0.0,0.0,0.0,0.0,0.0,0.0,0.009341781298277516,0.0,0.0,7,68.09298047114474,0.99,True,0.01026830940762513,0.4654930079232417
ucr043_enc,ucr_split_w2p,ucr_043,seed0,federated_enc_fedprox_mu0.01,ucr_043_p4,none,edbe0556f884843c,,2026-08-02 16:44:00,0.7594679794262601,0.6127788108765815,0.9984900823117938,0.053064973342591436,0.9068215936348463,0.14524421593830333,64,30.0,1,0.21621621621621626,0.12121212121212122,1.0,0.07479964381121995,0.06342203226251207,14506,161,0.0,0.0,0.0,0.0,0.0,0.0,0.07489353360043643,0.05548110213762007,0.04365904365904366,0.2608695652173913,7,34.89937950050549,0.99,True,0.05695571849958917,0.909263590532641
ucr043_fedscaler,ucr_split_w2p,ucr_043,seed0,centralized,ucr_043_p0,none,,,,0.6801752914812654,0.5153527488090744,1.0,0.5150349465740446,0.9939588073643546,0.5959183673469388,64,0.0,1,0.4,0.25,1.0,0.02261553588987217,0.9593271749620846,14506,161,0.0,0.0,1.0,1.0,1.0,1.0,0.024557003676480803,0.5460779040193673,0.011437095972153158,1.0,7,63.519568247397736,0.99,True,0.5903422684335016,0.9955437094370885
ucr043_fedscaler,ucr_split_w2p,ucr_043,seed0,centralized,ucr_043_p1,none,,,,0.716136192539015,0.5577976327218628,1.0,0.5150349465740446,0.9939588073643546,0.5959183673469388,64,0.0,1,0.06060606060606061,0.03125,1.0,0.02574970011995202,0.839859368537157,14506,161,0.0,0.0,1.0,1.0,1.0,1.0,0.02795627147793751,0.5460779040193673,0.013042773817239145,1.0,7,77.53147553324699,0.99,True,0.5903422684335016,0.9955437094370885
ucr043_fedscaler,ucr_split_w2p,ucr_043,seed0,centralized,ucr_043_p2,none,,,,0.7685895213977726,0.6241537933558902,1.0,0.5150349465740446,0.9939588073643546,0.5959183673469388,64,0.0,1,0.024096385542168676,0.012195121951219513,1.0,0.04006470075898967,0.5318488901144354,14506,161,0.0,0.0,1.0,1.0,1.0,1.0,0.04346990240904061,0.5460779040193673,0.020441848654139158,1.0,7,92.60398203144472,0.99,True,0.5903422684335016,0.9955437094370885
ucr043_fedscaler,ucr_split_w2p,ucr_043,seed0,centralized,ucr_043_p3,none,,,,0.7273854950583625,0.5715678174607326,1.0,0.5150349465740446,0.9939588073643546,0.5959183673469388,64,0.0,1,0.04166666666666667,0.02127659574468085,1.0,0.02781376867927788,0.7758858403419274,14506,161,0.0,0.0,1.0,1.0,1.0,1.0,0.030194404762771535,0.5460779040193673,0.01410301331464611,1.0,7,82.62660518596569,0.99,True,0.5903422684335016,0.9955437094370885
ucr043_fedscaler,ucr_split_w2p,ucr_043,seed0,centralized,ucr_043_p4,none,,,,0.7942500255435901,0.6587186749903629,1.0,0.5150349465740446,0.9939588073643546,0.5959183673469388,64,0.0,1,0.019801980198019802,0.01,1.0,0.07370107576104372,0.2789880049634634,14506,161,0.0,0.0,1.0,1.0,1.0,1.0,0.0798441858993329,0.5460779040193673,0.03826045627376426,1.0,7,101.95607109010211,0.99,True,0.5903422684335016,0.9955437094370885
ucr043_proto_count,ucr_split,ucr_043,seed0,federated_enc_fedproto_lam1_count,ucr_043_p0,none,edbe0556f884843c,--fedproto-agg count,2026-08-02 19:55:47,0.7291979337216677,0.5738972328550974,0.9997327841645609,0.07986286477950585,0.8972581917270472,0.16336633663366337,64,2.0,1,0.046511627906976744,0.023809523809523808,1.0,0.08915906788247213,0.183923893561285,14506,161,0.0,0.0,0.0,0.0,1.0,1.0,0.08992112072192536,0.08359055801723925,0.047142857142857146,0.8198757763975155,7,68.3661056857663,0.99,True,0.08088082388719453,0.9028481611259942
ucr043_proto_count,ucr_split,ucr_043,seed0,federated_enc_fedproto_lam1_count,ucr_043_p1,none,edbe0556f884843c,--fedproto-agg count,2026-08-02 19:55:47,0.7067212791176825,0.5468670122988857,0.9986300424284542,0.01833393348846645,0.7252860885150972,0.0488482922954726,64,20.0,1,0.06000000000000001,0.030927835051546393,1.0,0.032247662044501774,0.19922790569419552,14506,161,0.0,0.0,0.0,0.0,0.0,0.0,0.03241913960559952,0.018169389187090185,0.017006802721088437,0.3105590062111801,7,78.36044677731721,0.99,True,0.01876259561986896,0.7327088796818445
ucr043_proto_count,ucr_split,ucr_043,seed0,federated_enc_fedproto_lam1_count,ucr_043_p2,none,edbe0556f884843c,--fedproto-agg count,2026-08-02 19:55:47,0.7545459911074065,0.6063012795915045,0.9987460759291044,0.07937329352041206,0.8631626407749032,0.20987654320987656,64,15.0,1,0.06060606060606061,0.03125,1.0,0.10983170947741364,0.06245691438025645,14506,161,0.0,0.0,1.0,1.0,1.0,1.0,0.11199748673241552,0.08515017199484153,0.0640495867768595,0.38509316770186336,7,90.39377403282869,0.99,True,0.08118554499796214,0.8702552878879106
ucr043_proto_count,ucr_split,ucr_043,seed0,federated_enc_fedproto_lam1_count,ucr_043_p3,none,edbe0556f884843c,--fedproto-agg count,2026-08-02 19:55:47,0.6961291990584857,0.533894308052467,1.0,0.012427848444976308,0.6018828790485495,0.03516890328551596,64,0.0,1,0.047619047619047616,0.024390243902439025,1.0,0.03131991051454139,0.6865434992416931,14506,161,0.0,0.0,0.0,0.0,0.0,0.0,0.03399526811284802,0.011964379709739272,0.015909090909090907,1.0,7,98.92120719505783,0.99,True,0.012545455026748848,0.6027623985972376
ucr043_proto_count,ucr_split,ucr_043,seed0,federated_enc_fedproto_lam1_count,ucr_043_p4,none,edbe0556f884843c,--fedproto-agg count,2026-08-02 19:55:47,0.6964351313945089,0.5342573180455489,0.9999894130017655,0.06607114035124446,0.88417814688803,0.1437125748502994,64,0.0,1,0.023255813953488372,0.011764705882352941,1.0,0.06382978723404255,0.3151109885564594,14506,161,0.0,0.0,1.0,1.0,1.0,1.0,0.06665628909576575,0.06615963952367382,0.03300190395599746,0.968944099378882,7,47.790648062883626,0.99,True,0.06671935442921088,0.8864121403466629
ucr043_proto_count,ucr_split_w2p,ucr_043,seed0,federated_enc_fedproto_lam1_count,ucr_043_p0,none,edbe0556f884843c,--fedproto-agg count,2026-08-02 19:55:47,0.6930975687097304,0.5303361231224077,1.0,0.017998913766381158,0.7066388463801229,0.06193444600844561,64,0.0,1,0.04545454545454545,0.023255813953488372,1.0,0.03608247422680412,0.5929960016544878,14506,161,0.0,0.0,0.0,0.0,0.0,0.0,0.039156243058406856,0.016542552741018127,0.01837270341207349,1.0,7,26.659408774289275,0.99,True,0.019590644430152734,0.7083523855677829
ucr043_proto_count,ucr_split_w2p,ucr_043,seed0,federated_enc_fedproto_lam1_count,ucr_043_p1,none,edbe0556f884843c,--fedproto-agg count,2026-08-02 19:55:47,0.7351806793262963,0.5812535176444835,1.0,0.012954934415435436,0.5973488802662937,0.04357051916819918,64,0.0,1,0.047619047619047616,0.024390243902439025,1.0,0.028561291467092426,0.7549979318902523,14506,161,0.0,0.0,0.0,0.0,0.0,0.0,0.03100486406737344,0.012674627471877543,0.014487537118689824,1.0,7,60.36183619824511,0.99,True,0.01375764615556786,0.6011481765769718
ucr043_proto_count,ucr_split_w2p,ucr_043,seed0,federated_enc_fedproto_lam1_count,ucr_043_p2,none,edbe0556f884843c,--fedproto-agg count,2026-08-02 19:55:47,0.7340709197600568,0.5798673331849851,1.0,0.018877418468402973,0.7291786735495186,0.05631339629240994,64,0.0,1,0.06451612903225806,0.03333333333333333,1.0,0.03476946334089191,0.6162277678202124,14506,161,0.0,0.0,0.0,0.0,0.0,0.0,0.0377336136491315,0.01720528120941326,0.01769230769230769,1.0,7,62.596108505445024,0.99,True,0.020687425907260214,0.7341988571076274
ucr043_proto_count,ucr_split_w2p,ucr_043,seed0,federated_enc_fedproto_lam1_count,ucr_043_p3,none,edbe0556f884843c,--fedproto-agg count,2026-08-02 19:55:47,0.6762853602194869,0.5108996606184115,1.0,0.038521227791696706,0.8700700416961754,0.10235131396957124,64,0.0,1,0.18181818181818182,0.1,1.0,0.02292467606435996,0.9460912725768648,14506,161,0.0,0.0,0.0,0.0,0.0,0.0,0.024892335223320985,0.04018652942477366,0.011595246669067338,1.0,7,56.48622235344411,0.99,True,0.04562054203222617,0.8847481209737391
ucr043_proto_count,ucr_split_w2p,ucr_043,seed0,federated_enc_fedproto_lam1_count,ucr_043_p4,none,edbe0556f884843c,--fedproto-agg count,2026-08-02 19:55:47,0.7559047484940307,0.6632176592228288,0.8787073021067703,0.06671587495074863,0.9270912100625743,0.1678832116788321,64,161.0,1,0.0,0.0,0.0,0.0,0.012339721494553977,14506,161,0.0,0.0,0.0,0.0,0.0,0.0,0.0,0.06750881145415591,0.0,0.0,7,31.052913107158577,0.99,True,0.07062370676709064,0.9271959508727403
ucr043_v1,ucr_split,ucr_043,seed0,centralized,ucr_043_p0,none,edbe0556f884843c,,2026-08-02 11:40:01,,,,0.204398190900483,0.9201358529732396,0.23626373626373626,64,161.0,1,0.0,0.0,0.0,0.0,0.0,14506,161,1.0,1.0,1.0,1.0,1.0,1.0,0.0,0.2077903530965668,0.0,0.0,7,135.8610110338529,0.99,True,0.15651490266970114,0.9207929933821905
ucr043_v1,ucr_split,ucr_043,seed0,centralized,ucr_043_p1,none,edbe0556f884843c,,2026-08-02 11:40:01,0.9986882463951158,1.0,0.9973799296769229,0.18071567596175706,0.9271014863843018,0.21333333333333335,64,28.0,1,1.0,1.0,1.0,0.0718562874251497,0.0,14506,161,1.0,1.0,1.0,1.0,1.0,1.0,0.07353060111837302,0.18375695271972273,1.0,0.037267080745341616,7,131.30301090478898,0.99,True,0.133801282302677,0.9290861183085345
ucr043_v1,ucr_split,ucr_043,seed0,centralized,ucr_043_p2,none,edbe0556f884843c,,2026-08-02 11:40:01,0.9961858337465612,1.0,0.9924006526672672,0.23872821054243432,0.9168320155377985,0.27467811158798283,64,28.0,1,1.0,1.0,1.0,0.024539877300613498,0.0,14506,161,1.0,1.0,1.0,1.0,1.0,1.0,0.02499214144620675,0.24696238340414994,1.0,0.012422360248447204,7,134.44561682224276,0.99,True,0.1755285217999415,0.9224078938304026
ucr043_v1,ucr_split,ucr_043,seed0,centralized,ucr_043_p3,none,edbe0556f884843c,,2026-08-02 11:40:01,0.7142517433140894,0.5558457048554554,0.9989283840387025,0.01814516599244204,0.7239852774564048,0.04645345720921922,64,28.0,1,0.07500000000000001,0.03896103896103896,1.0,0.03358778625954199,0.21087825727285262,14506,161,0.0,0.0,0.0,0.0,0.0,0.0,0.03365418196325645,0.018027466309753482,0.017662170841361593,0.3416149068322981,7,125.54605476895968,0.99,True,0.018259969687157446,0.7256073550971411
ucr043_v1,ucr_split,ucr_043,seed0,centralized,ucr_043_p4,none,edbe0556f884843c,,2026-08-02 11:40:01,0.6890167677495947,0.5261714299881614,0.9978389819203713,0.05218869645799006,0.880871312192085,0.10674157303370786,64,25.0,1,0.18867924528301885,0.10416666666666667,1.0,0.06880733944954129,0.017923617813318627,14506,161,0.0,0.0,0.0,0.0,0.0,0.0,0.06909705668712517,0.052889936166112844,0.05454545454545454,0.09316770186335403,7,118.23244499325745,0.99,True,0.05331473154275656,0.8869493500806344
ucr043_v1,ucr_split,ucr_043,seed0,federated,ucr_043_p0,none,edbe0556f884843c,,2026-08-02 11:40:01,0.5568280612273614,0.426207737702931,0.802890843389923,0.012522962030342984,0.5937907038680932,0.033295711060948086,64,161.0,1,0.0,0.0,0.0,0.0,0.04963463394457466,14506,161,0.0,0.0,0.0,0.0,0.0,0.0,0.0,0.012621315155900334,0.0,0.0,7,115.13201411542168,0.99,True,0.013202969864145193,0.6114609988862646
ucr043_v1,ucr_split,ucr_043,seed0,federated,ucr_043_p1,none,edbe0556f884843c,,2026-08-02 11:40:01,0.7052279623120828,0.5797120313381309,0.9001159064566714,0.017658675280762086,0.6627850715874263,0.04799107142857143,64,161.0,1,0.0,0.0,0.0,0.0,0.013649524334758032,14506,161,0.0,0.0,0.0,0.0,0.0,0.0,0.0,0.018041450789318358,0.0,0.0,7,123.4084734566937,0.99,True,0.01800294392564937,0.6716263283796385
ucr043_v1,ucr_split,ucr_043,seed0,federated,ucr_043_p2,none,edbe0556f884843c,,2026-08-02 11:40:01,0.7068470277159553,0.5482231758633905,0.9946370501743256,0.01998808759087447,0.7278671579890266,0.04436728395061729,64,100.0,1,0.08695652173913045,0.045454545454545456,1.0,0.023668639053254437,0.03495105473597132,14506,161,0.0,0.0,0.0,0.0,0.0,0.0,0.023860465369385082,0.01992307628363399,0.015533980582524271,0.049689440993788817,7,110.21416194804827,0.99,True,0.02019780499630892,0.7317311913900519
ucr043_v1,ucr_split,ucr_043,seed0,federated,ucr_043_p3,none,edbe0556f884843c,,2026-08-02 11:40:01,0.6885480471289994,0.5250272765400561,1.0,0.013219585481407663,0.6264694069620367,0.03738552251913185,64,0.0,1,0.04081632653061225,0.020833333333333332,1.0,0.03169603307412147,0.6781331862677513,14506,161,0.0,0.0,0.0,0.0,0.0,0.0,0.03422670181608217,0.013106678427466946,0.016103220644128825,1.0,7,78.22080398101029,0.99,True,0.013551366926121624,0.6304535355606286
ucr043_v1,ucr_split,ucr_043,seed0,federated,ucr_043_p4,none,edbe0556f884843c,,2026-08-02 11:40:01,0.695591834319716,0.5333145625327262,0.9998166331905783,0.0469986193108937,0.8764880327951681,0.10084033613445377,64,12.0,1,0.017699115044247787,0.008928571428571428,1.0,0.0782686036169582,0.21232593409623604,14506,161,0.0,0.0,0.0,0.0,0.0,0.0,0.07862049007678511,0.04728197553846328,0.0410958904109589,0.8198757763975155,7,48.88749611910623,0.99,True,0.046943383819955026,0.876742234721118
ucr043_v1,ucr_split,ucr_043,seed0,federated_cb_only,ucr_043_p0,none,edbe0556f884843c,,2026-08-02 11:40:01,0.6875301036595687,0.5239232986825414,0.9997128806078801,0.020408666452327792,0.7469040439895078,0.04981625153123724,64,10.0,1,0.03389830508474576,0.017241379310344827,1.0,0.04672897196261682,0.3490969254101751,14506,161,0.0,0.0,0.0,0.0,0.0,0.0,0.04685000938649507,0.020537440663404103,0.024089419926768163,0.7763975155279503,7,36.86810516044371,0.99,True,0.021030507760085616,0.7541448715478098
ucr043_v1,ucr_split,ucr_043,seed0,federated_cb_only,ucr_043_p1,none,edbe0556f884843c,,2026-08-02 11:40:01,0.7128470057829025,0.5539741948530517,0.999487377545485,0.027716020410135257,0.7975517519844005,0.07216494845360825,64,11.0,1,0.04040404040404041,0.020618556701030927,1.0,0.06044815007816571,0.2454846270508755,14506,161,0.0,0.0,0.0,0.0,0.0,0.0,0.06086782258036551,0.028856586511057623,0.03154745716616807,0.7204968944099379,7,54.49687546572192,0.99,True,0.028233985533625543,0.8038476774070288
ucr043_v1,ucr_split,ucr_043,seed0,federated_cb_only,ucr_043_p2,none,edbe0556f884843c,,2026-08-02 11:40:01,0.7772289834905917,0.6362587403316591,0.9984458286591736,0.15215011669938577,0.8651117164625817,0.22285714285714286,64,22.0,1,0.125,0.06666666666666667,1.0,0.20044543429844097,0.016751688956293947,14506,161,1.0,1.0,1.0,1.0,1.0,1.0,0.2071288637430859,0.1601412800222583,0.15625,0.2795031055900621,7,75.20766359532213,0.99,True,0.11358695508778419,0.8721520238912361
ucr043_v1,ucr_split,ucr_043,seed0,federated_cb_only,ucr_043_p3,none,edbe0556f884843c,,2026-08-02 11:40:01,0.6778870362473464,0.5127300426154572,1.0,0.013809795695536064,0.618649554307363,0.03841536614645858,64,0.0,1,0.06666666666666667,0.034482758620689655,1.0,0.028233231039017974,0.7640286777885014,14506,161,0.0,0.0,0.0,0.0,0.0,0.0,0.030649189828288785,0.015237508211766518,0.01431874777659196,1.0,7,76.56889674450862,0.99,True,0.016941762106125295,0.6530891001315434
ucr043_v1,ucr_split,ucr_043,seed0,federated_cb_only,ucr_043_p4,none,edbe0556f884843c,,2026-08-02 11:40:01,0.6868371401389896,0.5232963250310241,0.9990655915358219,0.026503534192585384,0.8043722323510597,0.06536346976175933,64,22.0,1,0.0813008130081301,0.0423728813559322,1.0,0.045556051808843236,0.1397352819522956,14506,161,0.0,0.0,0.0,0.0,0.0,0.0,0.04571204612067652,0.026378784307617153,0.024542829643888354,0.3167701863354037,7,49.879933205169294,0.99,True,0.026705156015385572,0.8067229607871117
ucr043_v1,ucr_split,ucr_043,seed0,federated_cb_only_ema,ucr_043_p0,none,edbe0556f884843c,,2026-08-02 11:40:01,0.6446739421214033,0.4762877466377558,0.9972353112810395,0.018656874574237734,0.7289787134559013,0.04991467576791809,64,28.0,1,0.0689655172413793,0.03571428571428571,1.0,0.01092896174863388,0.06418033916999862,14506,161,0.0,0.0,0.0,0.0,0.0,0.0,0.010986013942769947,0.018434619162212056,0.0064034151547491995,0.037267080745341616,7,46.62772004762939,0.99,True,0.019037936382085296,0.7340456574546784
ucr043_v1,ucr_split,ucr_043,seed0,federated_cb_only_ema,ucr_043_p1,none,edbe0556f884843c,,2026-08-02 11:40:01,0.7675119675965486,0.6232149685210998,0.9987617446864916,0.19736511552098834,0.8904878084288104,0.2709163346613546,64,19.0,1,0.05063291139240507,0.025974025974025976,1.0,0.12593383137673425,0.0494278229698056,14506,161,1.0,1.0,1.0,1.0,1.0,1.0,0.12878290898004552,0.21015626800230813,0.07603092783505154,0.36645962732919257,7,49.244928874700264,0.99,True,0.13590447682225593,0.8973297963169762
ucr043_v1,ucr_split,ucr_043,seed0,federated_cb_only_ema,ucr_043_p2,none,edbe0556f884843c,,2026-08-02 11:40:01,0.8008018787950258,0.6679413668530614,0.9996408890198853,0.26546881575368914,0.966291095652859,0.37209302325581395,64,8.0,1,0.1111111111111111,0.058823529411764705,1.0,0.33783783783783783,0.03129739418171791,14506,161,1.0,1.0,1.0,1.0,1.0,1.0,0.34867926358939527,0.28509525304266076,0.2158894645941278,0.7763975155279503,7,67.57172904427274,0.99,True,0.2400944883099988,0.9713548118916024
ucr043_v1,ucr_split,ucr_043,seed0,federated_cb_only_ema,ucr_043_p3,none,edbe0556f884843c,,2026-08-02 11:40:01,0.7130365798270352,0.5541732005023385,0.9995849896692072,0.02076049810057658,0.7429438065037127,0.04947750053316273,64,14.0,1,0.022988505747126436,0.011627906976744186,1.0,0.04339897884755653,0.3587481042327313,14506,161,0.0,0.0,0.0,0.0,0.0,0.0,0.04407170797916936,0.02082757164630712,0.022355814390381364,0.7391304347826086,7,71.40123912777737,0.99,True,0.020918267118179297,0.7433679944788403
ucr043_v1,ucr_split,ucr_043,seed0,federated_cb_only_ema,ucr_043_p4,none,edbe0556f884843c,,2026-08-02 11:40:01,0.6937431275171527,0.5312215753485772,0.9995424299363044,0.21943590447462885,0.9072617627488474,0.25862068965517243,64,21.0,1,0.06299212598425198,0.032520325203252036,1.0,0.12840702604482132,0.09540879636012685,14506,161,1.0,1.0,1.0,1.0,1.0,1.0,0.1295121826048921,0.2305436550020533,0.07114093959731543,0.6583850931677019,7,44.706991891413026,0.99,True,0.15800468427641354,0.9080622389447273
ucr043_v1,ucr_split,ucr_043,seed0,federated_fedavg_cb_only,ucr_043_p0,none,edbe0556f884843c,,2026-08-02 11:40:01,0.7280687544637987,0.5727888830063168,0.9988519459114495,0.05594621629713345,0.8711028120298048,0.12804097311139565,64,15.0,1,0.1081081081081081,0.05714285714285714,1.0,0.11556240369799692,0.07321108506824762,14506,161,0.0,0.0,0.0,0.0,0.0,0.0,0.11680636895699817,0.059214102425929435,0.06596306068601583,0.4658385093167702,7,86.7102467862765,0.99,True,0.05774960696216684,0.8752225930249077
ucr043_v1,ucr_split,ucr_043,seed0,federated_fedavg_cb_only,ucr_043_p1,none,edbe0556f884843c,,2026-08-02 11:40:01,0.9461764080968316,0.8991263185576951,0.9984225372630575,0.31262402225533564,0.928621525639851,0.3888888888888889,64,18.0,1,0.6666666666666666,0.5,1.0,0.33766233766233766,0.0021370467392802977,14506,161,1.0,1.0,1.0,1.0,1.0,1.0,0.33998153627904576,0.3397326151641923,0.5571428571428572,0.2422360248447205,7,82.10217918835426,0.99,True,0.24583138810362018,0.9338915338037204
ucr043_v1,ucr_split,ucr_043,seed0,federated_fedavg_cb_only,ucr_043_p2,none,edbe0556f884843c,,2026-08-02 11:40:01,,,,0.3681479699336058,0.9510401778488747,0.41958041958041953,64,161.0,1,0.0,0.0,0.0,0.0,0.0,14506,161,1.0,1.0,1.0,1.0,1.0,1.0,0.0,0.4012901450241249,0.0,0.0,7,105.94965111732483,0.99,True,0.3313530502879956,0.958728264812815
ucr043_v1,ucr_split,ucr_043,seed0,federated_fedavg_cb_only,ucr_043_p3,none,edbe0556f884843c,,2026-08-02 11:40:01,0.8465602354104547,0.7347544787205249,0.9984993988702403,0.25961688492317136,0.9000876056427283,0.31843575418994413,64,23.0,1,0.5555555555555556,0.38461538461538464,1.0,0.2643171806167401,0.002481731697228733,14506,161,1.0,1.0,1.0,1.0,1.0,1.0,0.266294607706486,0.27422343085603856,0.45454545454545453,0.18633540372670807,7,89.86398555338383,0.99,True,0.18071666160218716,0.9014174275410891
ucr043_v1,ucr_split,ucr_043,seed0,federated_fedavg_cb_only,ucr_043_p4,none,edbe0556f884843c,,2026-08-02 11:40:01,0.6891500112104618,0.5258395003618483,0.9995953649274769,0.03185113327716796,0.8379077237690467,0.07348353552859618,64,2.0,1,0.05084745762711864,0.02608695652173913,1.0,0.07308079114984914,0.1870260581828209,14506,161,0.0,0.0,0.0,0.0,0.0,0.0,0.07355313421791432,0.032528628614395906,0.03862508858965273,0.6770186335403726,7,100.90938584844264,0.99,True,0.033413813576777425,0.845418184656537
ucr043_v1,ucr_split,ucr_043,seed0,federated_fedavg_cb_sharedprior,ucr_043_p0,none,edbe0556f884843c,,2026-08-02 11:40:01,,,,0.0725807906467074,0.8065919178442332,0.09958506224066391,64,161.0,1,0.0,0.0,0.0,0.0,0.0,14506,161,1.0,1.0,1.0,1.0,1.0,1.0,0.0,0.07376738227080107,0.0,0.0,7,144.9775790987412,0.99,True,0.047946874414310225,0.807691855283885
ucr043_v1,ucr_split,ucr_043,seed0,federated_fedavg_cb_sharedprior,ucr_043_p1,none,edbe0556f884843c,,2026-08-02 11:40:01,,,,0.06383934055548866,0.9138690094396578,0.1477272727272727,64,161.0,1,0.0,0.0,0.0,0.0,0.0,14506,161,0.0,0.0,0.0,0.0,0.0,0.0,0.0,0.06365167267005196,0.0,0.0,7,137.4653937925212,0.99,True,0.06602515612852242,0.9191271707433146
ucr043_v1,ucr_split,ucr_043,seed0,federated_fedavg_cb_sharedprior,ucr_043_p2,none,edbe0556f884843c,,2026-08-02 11:40:01,0.996887931111386,1.0,0.9937951720747172,0.6852776530936004,0.9725900526918396,0.686084142394822,64,31.0,1,1.0,1.0,1.0,0.12790697674418605,0.0,14506,161,1.0,1.0,1.0,1.0,1.0,1.0,0.1343920533394547,0.7918256022134658,1.0,0.06832298136645963,7,129.94379080057143,0.99,True,0.7363872556220278,0.9826604363680483
ucr043_v1,ucr_split,ucr_043,seed0,federated_fedavg_cb_sharedprior,ucr_043_p3,none,edbe0556f884843c,,2026-08-02 11:40:01,0.6776190162999632,0.5139680153486658,0.9941695283322896,0.02461360631043598,0.7967446325487076,0.06643757159221077,64,102.0,1,0.025974025974025976,0.013157894736842105,1.0,0.001962708537782139,0.05907900179236178,14506,161,0.0,0.0,0.0,0.0,0.0,0.0,0.0019665136918515795,0.024589196919549444,0.0011655011655011655,0.006211180124223602,7,84.58223220234116,0.99,True,0.024843493275434645,0.797309514828434
ucr043_v1,ucr_split,ucr_043,seed0,federated_fedavg_cb_sharedprior,ucr_043_p4,none,edbe0556f884843c,,2026-08-02 11:40:01,0.6844590413104809,0.5202871387541648,1.0,0.024187728220135513,0.7968688047695835,0.06531531531531531,64,0.0,1,0.017699115044247787,0.008928571428571428,1.0,0.031045121480910143,0.6928167654763546,14506,161,0.0,0.0,0.0,0.0,0.0,0.0,0.03369742406958614,0.02383564391595199,0.015767309763980022,1.0,7,72.94400015771386,0.99,True,0.025120575753256713,0.8007379891060828
ucr043_v1,ucr_split,ucr_043,seed0,federated_shared,ucr_043_p0,none,edbe0556f884843c,,2026-08-02 11:40:01,,,,0.023248943951141632,0.7426402268326749,0.05992889791772474,64,161.0,1,0.0,0.0,0.0,0.0,0.0,14506,161,0.0,0.0,0.0,0.0,0.0,0.0,0.0,0.024070025166628678,0.0,0.0,7,87.94181457386856,0.99,True,0.02334114666233679,0.7441068984725614
ucr043_v1,ucr_split,ucr_043,seed0,federated_shared,ucr_043_p1,none,edbe0556f884843c,,2026-08-02 11:40:01,0.6661679060872593,0.5001418764475875,0.9971944454678543,0.02229975495235626,0.7438952226236648,0.04958677685950414,64,28.0,1,0.08163265306122448,0.0425531914893617,1.0,0.01486988847583643,0.02571349786295326,14506,161,0.0,0.0,0.0,0.0,0.0,0.0,0.014923589743218377,0.022816588353195576,0.010610079575596816,0.024844720496894408,7,88.10826931231422,0.99,True,0.02281072098418676,0.7546868152262801
ucr043_v1,ucr_split,ucr_043,seed0,federated_shared,ucr_043_p2,none,edbe0556f884843c,,2026-08-02 11:40:01,0.7399898491874493,0.5880405418359047,0.9978279714422074,0.018494347684415352,0.7257018513649953,0.0431243752677424,64,23.0,1,0.05555555555555556,0.02857142857142857,1.0,0.029197080291970802,0.10057907072935338,14506,161,0.0,0.0,0.0,0.0,0.0,0.0,0.029517173352520007,0.018280933733148867,0.016183412002697236,0.14906832298136646,7,102.83426849842071,0.99,True,0.019327097543346355,0.7341334894439062
ucr043_v1,ucr_split,ucr_043,seed0,federated_shared,ucr_043_p3,none,edbe0556f884843c,,2026-08-02 11:40:01,0.6847567098415136,0.5206312132251978,1.0,0.011865036702688868,0.5770090423067602,0.035480859010270774,64,0.0,1,0.044444444444444446,0.022727272727272728,1.0,0.028917826672653794,0.7454156900592858,14506,161,0.0,0.0,0.0,0.0,0.0,0.0,0.03139139796085202,0.0113750638939219,0.014671040641516312,1.0,7,58.35566980074247,0.99,True,0.012018086588865318,0.5778403794344632
ucr043_v1,ucr_split,ucr_043,seed0,federated_shared,ucr_043_p4,none,edbe0556f884843c,,2026-08-02 11:40:01,0.6869893452118274,0.5232168853364401,1.0,0.029606345391126755,0.8212832042941323,0.063875088715401,64,0.0,1,0.015384615384615384,0.007751937984496124,1.0,0.0343027591349739,0.6249138287605129,14506,161,0.0,0.0,0.0,0.0,0.0,0.0,0.03722790545802316,0.030442036972051487,0.017450682852807285,1.0,7,44.854202208932634,0.99,True,0.03199281242824577,0.834002092296384
ucr043_v1,ucr_split,ucr_043,seed0,local,ucr_043_p0,none,edbe0556f884843c,,2026-08-02 11:40:01,0.7733693270288692,0.6308497306879387,0.999077872453774,0.36936170367166693,0.9428319658689102,0.4210526315789474,64,15.0,1,0.11594202898550725,0.06153846153846154,1.0,0.2813918305597579,0.02805735557700262,14506,161,1.0,1.0,1.0,1.0,1.0,1.0,0.2863332319399815,0.3845523952895622,0.186,0.577639751552795,7,119.91016395171482,0.99,True,0.31843716025860225,0.9444653563226242
ucr043_v1,ucr_split,ucr_043,seed0,local,ucr_043_p1,none,edbe0556f884843c,,2026-08-02 11:40:01,0.7866863487764094,0.648666049887755,0.9993165033939799,0.12043011570633316,0.9315318655891371,0.2028985507246377,64,16.0,1,0.1111111111111111,0.058823529411764705,1.0,0.15609756097560976,0.05404660140631463,14506,161,1.0,1.0,1.0,1.0,1.0,1.0,0.15830174672703765,0.11840879570231463,0.09259259259259259,0.4968944099378882,7,130.40600456317264,0.99,True,0.1154258546124779,0.9319457517457089
ucr043_v1,ucr_split,ucr_043,seed0,local,ucr_043_p2,none,edbe0556f884843c,,2026-08-02 11:40:01,0.9680939301780878,0.9444558078225495,0.9929456713363798,0.17954838552373886,0.8851556819923732,0.20909090909090908,64,23.0,1,0.6666666666666666,0.5,1.0,0.12716763005780346,6.893699158968702e-05,14506,161,1.0,1.0,1.0,1.0,1.0,1.0,0.13575588470331668,0.19364262106330082,0.9166666666666666,0.06832298136645963,7,136.0042394439379,0.99,True,0.11771965385644528,0.8937276854180941
ucr043_v1,ucr_split,ucr_043,seed0,local,ucr_043_p3,none,edbe0556f884843c,,2026-08-02 11:40:01,0.7023115170935982,0.5412421308319595,0.9998627925028808,0.02230873586562218,0.7755762661498818,0.06477093206951028,64,15.0,1,0.032,0.016260162601626018,1.0,0.06359223300970873,0.2638908038053219,14506,161,0.0,0.0,0.0,0.0,0.0,0.0,0.06390615244467754,0.022001841331555118,0.03308916393028542,0.8136645962732919,7,135.26356360514959,0.99,True,0.022837706361384283,0.779482305005353
ucr043_v1,ucr_split,ucr_043,seed0,local,ucr_043_p4,none,edbe0556f884843c,,2026-08-02 11:40:01,0.6941929515905264,0.5316216486327743,0.9999936478010593,0.028427008921084636,0.8239396334607312,0.0649546827794562,64,1.0,1,0.039999999999999994,0.02040816326530612,1.0,0.06131035864556201,0.3224183096649662,14506,161,0.0,0.0,0.0,0.0,0.0,0.0,0.06445681729895267,0.028228801801937996,0.031677018633540374,0.9503105590062112,7,109.20248206416761,0.99,True,0.029439970458928072,0.8284994874857505
ucr043_v1,ucr_split_w2p,ucr_043,seed0,centralized,ucr_043_p0,none,edbe0556f884843c,,2026-08-02 11:40:01,0.7593303504052609,0.6120326636935899,1.0,0.502721866335055,0.9888360609831185,0.6203208556149733,64,0.0,1,0.01639344262295082,0.008264462809917356,1.0,0.04303086997193639,0.49365779677374877,14506,161,0.0,0.0,1.0,1.0,1.0,1.0,0.04668193495878371,0.5493474042704771,0.02198852772466539,1.0,7,85.299151652654,0.99,True,0.517658464937915,0.9912299189184635
ucr043_v1,ucr_split_w2p,ucr_043,seed0,centralized,ucr_043_p1,none,edbe0556f884843c,,2026-08-02 11:40:01,0.7515362422883994,0.60196880978423,1.0,0.616801657543734,0.992877652682591,0.7062314540059348,64,0.0,1,0.017094017094017096,0.008620689655172414,1.0,0.038576734155984185,0.5532193575072384,14506,161,1.0,1.0,1.0,1.0,1.0,1.0,0.041858276333009474,0.6705820996787799,0.01966772538480332,1.0,7,87.65251525918643,0.99,True,0.646061622802273,0.9954106238527201
ucr043_v1,ucr_split_w2p,ucr_043,seed0,centralized,ucr_043_p2,none,edbe0556f884843c,,2026-08-02 11:40:01,0.9524246469534617,0.9092803044890858,0.9998672390421393,0.6503935404894702,0.9936714985360524,0.7147540983606556,64,0.0,1,0.23529411764705882,0.13333333333333333,1.0,0.655,0.0074451950916861985,14506,161,1.0,1.0,1.0,1.0,1.0,1.0,0.7078637995070824,0.7198319596008022,0.5481171548117155,0.8136645962732919,7,106.6460783447822,0.99,True,0.6635334165227995,0.9957366097966656
ucr043_v1,ucr_split_w2p,ucr_043,seed0,centralized,ucr_043_p3,none,edbe0556f884843c,,2026-08-02 11:40:01,0.7186161117932893,0.5608125077949813,1.0,0.21723696101466133,0.962803568966536,0.3999999999999999,64,0.0,1,0.02777777777777778,0.014084507042253521,1.0,0.02880658436213992,0.7483799806976423,14506,161,0.0,0.0,1.0,1.0,1.0,1.0,0.03127079711335194,0.24474881833998446,0.014613778705636743,1.0,7,97.95822699534396,0.99,True,0.22453159956105334,0.9688070149846019
ucr043_v1,ucr_split_w2p,ucr_043,seed0,centralized,ucr_043_p4,none,edbe0556f884843c,,2026-08-02 11:40:01,0.700234145829875,0.5389082685574337,0.999416232917349,0.1597490119362994,0.9553635120357137,0.2782608695652174,64,27.0,1,0.18181818181818182,0.1,1.0,0.2689393939393939,0.02040534951054736,14506,161,1.0,1.0,1.0,1.0,1.0,1.0,0.27310505337470614,0.17088873416832723,0.19346049046321526,0.4409937888198758,7,93.87485235525291,0.99,True,0.15864780517915905,0.9611025947598248
ucr043_v1,ucr_split_w2p,ucr_043,seed0,federated,ucr_043_p0,none,edbe0556f884843c,,2026-08-02 11:40:01,0.6120131161312464,0.44123894304807126,0.9984443464794208,0.009836809782780067,0.45544572260953486,0.03421081861601688,64,0.0,1,0.25806451612903225,0.14814814814814814,1.0,0.009906152241918665,0.5151661381497311,14506,161,0.0,0.0,0.0,0.0,0.0,0.0,0.010814000142955724,0.008618368976334816,0.005059246438556784,0.2360248447204969,7,96.99865413834961,0.99,True,0.010989964204549773,0.46183142833407526
ucr043_v1,ucr_split_w2p,ucr_043,seed0,federated,ucr_043_p1,none,edbe0556f884843c,,2026-08-02 11:40:01,0.649735402795473,0.48150360803071074,0.9986533338245699,0.03649107960847078,0.8588303148065526,0.09452736318407959,64,29.0,1,0.18867924528301885,0.10416666666666667,1.0,0.09218950064020487,0.09161726182269406,14506,161,0.0,0.0,0.0,0.0,0.0,0.0,0.09229110610844893,0.0368893699985258,0.05139186295503212,0.4472049689440994,7,162.57201966806855,0.99,True,0.03896629250898673,0.8611594562738559
ucr043_v1,ucr_split_w2p,ucr_043,seed0,federated,ucr_043_p2,none,edbe0556f884843c,,2026-08-02 11:40:01,0.7725468456904514,0.6294147477860691,0.999937748450381,0.018891822864251447,0.7317486103415765,0.05497501135847342,64,0.0,1,0.06666666666666667,0.034482758620689655,1.0,0.05115089514066496,0.356611057493451,14506,161,0.0,0.0,0.0,0.0,0.0,0.0,0.05449684168840708,0.01915829438401455,0.026350461133069828,0.8695652173913043,7,101.56708492931652,0.99,True,0.02079204586012376,0.7418203089161736
ucr043_v1,ucr_split_w2p,ucr_043,seed0,federated,ucr_043_p3,none,edbe0556f884843c,,2026-08-02 11:40:01,0.6770729003926989,0.5117991010945969,1.0,0.012570735146882579,0.5767791096081039,0.04629097182288672,64,0.0,1,0.4,0.25,1.0,0.022775498656104117,0.952433475803116,14506,161,0.0,0.0,0.0,0.0,0.0,0.0,0.024730520181956962,0.01288742982954159,0.011518923946483508,1.0,7,49.283366954466324,0.99,True,0.014197839901168643,0.582179914104323
ucr043_v1,ucr_split_w2p,ucr_043,seed0,federated,ucr_043_p4,none,edbe0556f884843c,,2026-08-02 11:40:01,,,,0.21516791135966032,0.9742599549725837,0.3910112359550562,64,161.0,1,0.0,0.0,0.0,0.0,0.0,14506,161,0.0,0.0,1.0,1.0,1.0,1.0,0.0,0.2273572242224774,0.0,0.0,7,45.725835298358724,0.99,True,0.21872609239135735,0.9750783625931384
ucr043_v1,ucr_split_w2p,ucr_043,seed0,federated_cb_only,ucr_043_p0,none,edbe0556f884843c,,2026-08-02 11:40:01,0.6531170686015375,0.48491004925231995,1.0,0.013074971094328085,0.5940707336351717,0.04305736165294032,64,0.0,1,0.04878048780487806,0.025,1.0,0.03903503454964238,0.5464635323314491,14506,161,0.0,0.0,0.0,0.0,0.0,0.0,0.04048368883128785,0.012573164380519437,0.01990603363006924,1.0,7,40.87710453161446,0.99,True,0.013864227991810824,0.5943571970673971
ucr043_v1,ucr_split_w2p,ucr_043,seed0,federated_cb_only,ucr_043_p1,none,edbe0556f884843c,,2026-08-02 11:40:01,0.6990017711851189,0.5372811090003258,1.0,0.06257995231746684,0.9227027925047935,0.1514450867052023,64,0.0,1,0.042553191489361694,0.021739130434782608,1.0,0.025857223159078135,0.8362746449744933,14506,161,0.0,0.0,0.0,0.0,0.0,0.0,0.02807287231566149,0.06352090807995746,0.013097949886104784,1.0,7,51.97085601385063,0.99,True,0.06770368000676073,0.9258885711527951
ucr043_v1,ucr_split_w2p,ucr_043,seed0,federated_cb_only,ucr_043_p2,none,edbe0556f884843c,,2026-08-02 11:40:01,0.7576408823419419,0.6098404813659298,1.0,0.01879508367083225,0.7330361478180372,0.05387547649301144,64,0.0,1,0.05555555555555556,0.02857142857142857,1.0,0.03375969804990564,0.6353233144905557,14506,161,0.0,0.0,0.0,0.0,0.0,0.0,0.03663943222596895,0.01855262109565225,0.01716967047029967,1.0,7,54.53793375854826,0.99,True,0.020734624324481348,0.7448820411992179
ucr043_v1,ucr_split_w2p,ucr_043,seed0,federated_cb_only,ucr_043_p3,none,edbe0556f884843c,,2026-08-02 11:40:01,0.6801392727091491,0.5153113950933327,1.0,0.006571722137874787,0.20817130285775945,0.023912074855190854,64,0.0,1,0.4,0.25,1.0,0.022945913204589184,0.9451950916861989,14506,161,0.0,0.0,0.0,0.0,0.0,0.0,0.02491537130062971,0.006600707545229827,0.011606113033448674,1.0,7,52.76579390596055,0.99,True,0.006939338994568913,0.2120579956588706
ucr043_v1,ucr_split_w2p,ucr_043,seed0,federated_cb_only,ucr_043_p4,none,edbe0556f884843c,,2026-08-02 11:40:01,0.7589277713838939,0.6115122862760788,0.9999932243211298,0.16067062151177247,0.9536897561343218,0.3220675944333996,64,4.0,1,0.02531645569620253,0.01282051282051282,1.0,0.09971419498253414,0.19516062319040398,14506,161,0.0,0.0,0.0,0.0,1.0,1.0,0.10413868437535553,0.16420080884246108,0.05254350736278447,0.9751552795031055,7,35.90838936626967,0.99,True,0.16112587580964374,0.955971662672358
ucr043_v1,ucr_split_w2p,ucr_043,seed0,federated_cb_only_ema,ucr_043_p0,none,edbe0556f884843c,,2026-08-02 11:40:01,0.65209118240251,0.4837798921478947,1.0,0.011366059546077181,0.5258543691066365,0.03968253968253969,64,0.0,1,0.046511627906976744,0.023809523809523808,1.0,0.031871721270909634,0.6742727147387289,14506,161,0.0,0.0,0.0,0.0,0.0,0.0,0.034593353933381615,0.01086391798826635,0.016193924763629047,1.0,7,37.20850690257464,0.99,True,0.01228158032127575,0.5260478476880652
ucr043_v1,ucr_split_w2p,ucr_043,seed0,federated_cb_only_ema,ucr_043_p1,none,edbe0556f884843c,,2026-08-02 11:40:01,0.7354238846550163,0.5815576268846328,1.0,0.021295590002766027,0.7615640732941521,0.0624231998033915,64,0.0,1,0.03571428571428572,0.01818181818181818,1.0,0.028470380194518124,0.7574796635874811,14506,161,0.0,0.0,0.0,0.0,0.0,0.0,0.03090630157932293,0.021714091349625063,0.014440757018566688,1.0,7,45.70956793991484,0.99,True,0.02286171609581582,0.7655401139032499
ucr043_v1,ucr_split_w2p,ucr_043,seed0,federated_cb_only_ema,ucr_043_p2,none,edbe0556f884843c,,2026-08-02 11:40:01,0.7703804577767788,0.6265193674328627,1.0,0.026680668983045643,0.8116178955292007,0.08075117370892018,64,0.0,1,0.0689655172413793,0.03571428571428571,1.0,0.0406257885440323,0.5241968840479801,14506,161,0.0,0.0,0.0,0.0,0.0,0.0,0.0440775640874461,0.02568228546427895,0.020734063103670316,1.0,7,53.212011382202434,0.99,True,0.028507579400002935,0.8142013607114756
ucr043_v1,ucr_split_w2p,ucr_043,seed0,federated_cb_only_ema,ucr_043_p3,none,edbe0556f884843c,,2026-08-02 11:40:01,0.717142942003798,0.5590201476725407,1.0,0.008518708900030696,0.40731656979806175,0.029114730233827678,64,0.0,1,0.024390243902439022,0.012345679012345678,1.0,0.028652785193094856,0.7525162001930236,14506,161,0.0,0.0,0.0,0.0,0.0,0.0,0.03110405721329324,0.008419424522012772,0.014534621287352171,1.0,7,35.04643485581803,0.99,True,0.009197163227456574,0.4182037942931882
ucr043_v1,ucr_split_w2p,ucr_043,seed0,federated_cb_only_ema,ucr_043_p4,none,edbe0556f884843c,,2026-08-02 11:40:01,0.6592297841485883,0.49298873021421374,0.9946294275355967,0.08227868450647119,0.9398766670120653,0.2084623323013416,64,69.0,1,0.125,0.06666666666666667,1.0,0.011811023622047244,0.023714325106852337,14506,161,0.0,0.0,0.0,0.0,0.0,0.0,0.011901483804556938,0.08519280944399904,0.008645533141210375,0.018633540372670808,7,30.979235545472083,0.99,True,0.09066209702678926,0.9423238913354152
ucr043_v1,ucr_split_w2p,ucr_043,seed0,federated_fedavg_cb_only,ucr_043_p0,none,edbe0556f884843c,,2026-08-02 11:40:01,0.7007029841525457,0.5392939224873988,1.0,0.018921972473063268,0.7383121826650441,0.05890227576974565,64,0.0,1,0.03076923076923077,0.015625,1.0,0.031433033971105036,0.6839928305528746,14506,161,0.0,0.0,0.0,0.0,0.0,0.0,0.03411788057027948,0.019765679776007676,0.015967469999008232,1.0,7,35.8107090749253,0.99,True,0.021278422377173284,0.7519204735965302
ucr043_v1,ucr_split_w2p,ucr_043,seed0,federated_fedavg_cb_only,ucr_043_p1,none,edbe0556f884843c,,2026-08-02 11:40:01,0.7185335385680949,0.560711934485752,1.0,0.024079553584007613,0.7870412157573692,0.07859409323895532,64,0.0,1,0.02531645569620253,0.01282051282051282,1.0,0.03398058252427184,0.631049221011995,14506,161,0.0,0.0,0.0,0.0,0.0,0.0,0.036878791095192875,0.024708699236108314,0.01728395061728395,1.0,7,46.63015500107625,0.99,True,0.026854176210950053,0.7909852939886265
ucr043_v1,ucr_split_w2p,ucr_043,seed0,federated_fedavg_cb_only,ucr_043_p2,none,edbe0556f884843c,,2026-08-02 11:40:01,,,,0.17454932848782873,0.9618046248585935,0.2975206611570248,64,161.0,1,0.0,0.0,0.0,0.0,0.0,14506,161,1.0,1.0,1.0,1.0,1.0,1.0,0.0,0.22060516962545557,0.0,0.0,7,61.93929037253594,0.99,True,0.24709279270092735,0.9683139745432382
ucr043_v1,ucr_split_w2p,ucr_043,seed0,federated_fedavg_cb_only,ucr_043_p3,none,edbe0556f884843c,,2026-08-02 11:40:01,0.5824737220049703,0.46305526406413133,0.7848912524715347,0.014889710414966941,0.6604985900030229,0.04825562438865341,64,161.0,1,0.0,0.0,0.0,0.0,0.08672273541982628,14506,161,0.0,0.0,0.0,0.0,0.0,0.0,0.0,0.013679234966567769,0.0,0.0,7,56.54526938118685,0.99,True,0.015377440763201834,0.6615967064970786
ucr043_v1,ucr_split_w2p,ucr_043,seed0,federated_fedavg_cb_only,ucr_043_p4,none,edbe0556f884843c,,2026-08-02 11:40:01,0.6854388213141044,0.5214202521934392,1.0,0.06079091407514696,0.9211129598975109,0.1476817401259302,64,0.0,1,0.14285714285714288,0.07692307692307693,1.0,0.023706103217256864,0.9141734454708397,14506,161,0.0,0.0,0.0,0.0,0.0,0.0,0.025739925760666655,0.060790967005241336,0.011995231709134257,1.0,7,44.755771469570966,0.99,True,0.06396209746490124,0.9217920732010784
ucr043_v1,ucr_split_w2p,ucr_043,seed0,federated_fedavg_cb_sharedprior,ucr_043_p0,none,edbe0556f884843c,,2026-08-02 11:40:01,0.855540754475364,0.7596914119720419,0.9790686575305106,0.013154308523809891,0.6201135019734819,0.041134389371486973,64,161.0,1,0.0,0.0,0.0,0.0,0.0022749207224596717,14506,161,0.0,0.0,0.0,0.0,0.0,0.0,0.0,0.01337500692311477,0.0,0.0,7,99.4602381396511,0.99,True,0.014024943089408855,0.6256012411887938
ucr043_v1,ucr_split_w2p,ucr_043,seed0,federated_fedavg_cb_sharedprior,ucr_043_p1,none,edbe0556f884843c,,2026-08-02 11:40:01,0.7178701828765438,0.5603403694488743,0.9986124680113847,0.013060795945494754,0.5683157023052359,0.03879907621247113,64,0.0,1,0.026431718061674006,0.013392857142857142,1.0,0.029188885770418185,0.23093892182545153,14506,161,0.0,0.0,0.0,0.0,0.0,0.0,0.03333246257801193,0.01460250134170654,0.015285126396237508,0.32298136645962733,7,119.43419587763026,0.99,True,0.01597572433338005,0.6126230359991174
ucr043_v1,ucr_split_w2p,ucr_043,seed0,federated_fedavg_cb_sharedprior,ucr_043_p2,none,edbe0556f884843c,,2026-08-02 11:40:01,0.7606156933677636,0.6137044735015044,1.0,0.06636483689635485,0.9222938805360472,0.1466854724964739,64,0.0,1,0.03076923076923077,0.015625,1.0,0.04567375886524823,0.4638080794154143,14506,161,0.0,0.0,0.0,0.0,0.0,0.0,0.04954316831084052,0.06886812815172819,0.02337059079692263,1.0,7,55.83539264685416,0.99,True,0.07260082341746815,0.9280346026448674
ucr043_v1,ucr_split_w2p,ucr_043,seed0,federated_fedavg_cb_sharedprior,ucr_043_p3,none,edbe0556f884843c,,2026-08-02 11:40:01,0.7113882771517263,0.5520578965239539,1.0,0.014576895358277189,0.657072721247066,0.04237570904237571,64,0.0,1,0.04347826086956522,0.022222222222222223,1.0,0.026219363244035503,0.8244174824210672,14506,161,0.0,0.0,0.0,0.0,0.0,0.0,0.02846557831975207,0.013881355419873502,0.013283828382838285,1.0,7,60.337414086192645,0.99,True,0.015704090548709693,0.6672782442471781
ucr043_v1,ucr_split_w2p,ucr_043,seed0,federated_fedavg_cb_sharedprior,ucr_043_p4,none,edbe0556f884843c,,2026-08-02 11:40:01,0.6741079086210607,0.5084183795982843,1.0,0.056913502696359544,0.9161704773265806,0.13947001394700137,64,0.0,1,0.5,0.3333333333333333,1.0,0.022242177246667126,0.9758031159520199,14506,161,0.0,0.0,0.0,0.0,0.0,0.0,0.024152000392847435,0.05944897773957937,0.011246158144733166,1.0,7,40.00959945694853,0.99,True,0.06448249479886452,0.9219727347728752
ucr043_v1,ucr_split_w2p,ucr_043,seed0,federated_shared,ucr_043_p0,none,edbe0556f884843c,,2026-08-02 11:40:01,0.6796155059360018,0.5150122832848609,0.9988621094297547,0.014221826815101155,0.6295578698212692,0.048640483383685804,64,27.0,1,0.13559322033898305,0.07272727272727272,1.0,0.006274509803921568,0.3393768095960292,14506,161,0.0,0.0,0.0,0.0,0.0,0.0,0.0067307166542696275,0.014017970810978459,0.003239522170479854,0.09937888198757763,7,107.77223428368568,0.99,True,0.015393558103055947,0.6327116767757766
ucr043_v1,ucr_split_w2p,ucr_043,seed0,federated_shared,ucr_043_p1,none,edbe0556f884843c,,2026-08-02 11:40:01,0.7112770300252419,0.5519239173948871,1.0,0.13210674956212984,0.9374501705441226,0.2602739726027397,64,0.0,1,0.01886792452830189,0.009523809523809525,1.0,0.04916781187967629,0.4292706466289811,14506,161,0.0,0.0,1.0,1.0,1.0,1.0,0.05237430302538611,0.15041140612267895,0.0252035065748278,1.0,7,113.9757362246172,0.99,True,0.1468564372440707,0.9506638631357491
ucr043_v1,ucr_split_w2p,ucr_043,seed0,federated_shared,ucr_043_p2,none,edbe0556f884843c,,2026-08-02 11:40:01,0.7195604417576806,0.5619636140775228,1.0,0.020170173889156776,0.7494225991729273,0.06106130361037073,64,0.0,1,0.047619047619047616,0.024390243902439025,1.0,0.026828861856357272,0.8051840617675444,14506,161,0.0,0.0,0.0,0.0,0.0,0.0,0.02912649184039224,0.020041676840825244,0.013596824592517523,1.0,7,78.23499337724611,0.99,True,0.021597895288971762,0.7555160051147622
ucr043_v1,ucr_split_w2p,ucr_043,seed0,federated_shared,ucr_043_p3,none,edbe0556f884843c,,2026-08-02 11:40:01,0.6704370058101728,0.5042536598415973,1.0,0.010540360094861872,0.4858340904984273,0.039378745261098205,64,0.0,1,1.0,1.0,1.0,0.021973522587689368,0.9880049634633945,14506,161,0.0,0.0,0.0,0.0,0.0,0.0,0.023860567015943968,0.010425751946936878,0.011108811150210446,1.0,7,48.540032760978136,0.99,True,0.011820025482186995,0.48900915627433666
ucr043_v1,ucr_split_w2p,ucr_043,seed0,federated_shared,ucr_043_p4,none,edbe0556f884843c,,2026-08-02 11:40:01,0.675767492088399,0.5103087924900193,1.0,0.74812230396806,0.9953371190160765,0.7678571428571428,64,0.0,1,0.6666666666666666,0.5,1.0,0.022348695169350362,0.9710464635323315,14506,161,1.0,1.0,1.0,1.0,1.0,1.0,0.024267547812217856,0.835013826102863,0.011300624692917807,1.0,7,30.676074246546857,0.99,True,0.8009211595068647,0.9973910497236381
ucr043_v1,ucr_split_w2p,ucr_043,seed0,local,ucr_043_p0,none,edbe0556f884843c,,2026-08-02 11:40:01,0.7851731661412644,0.6463251751257967,1.0,0.04773240946312564,0.8955005125315463,0.13362782992821645,64,0.0,1,0.02247191011235955,0.011363636363636364,1.0,0.05995159188233104,0.3480628705363298,14506,161,0.0,0.0,0.0,0.0,0.0,0.0,0.0649888180488049,0.04795003640974046,0.0309021113243762,1.0,7,84.75615311252574,0.99,True,0.051222191777390534,0.8986527299473752
ucr043_v1,ucr_split_w2p,ucr_043,seed0,local,ucr_043_p1,none,edbe0556f884843c,,2026-08-02 11:40:01,0.691386318147358,0.5283349301136316,1.0,0.02084049147870119,0.7517818713695683,0.06463982470556014,64,0.0,1,0.07407407407407407,0.038461538461538464,1.0,0.023237352962401675,0.9330621811664139,14506,161,0.0,0.0,0.0,0.0,0.0,0.0,0.025231493623835217,0.02224915463537083,0.011755257009345795,1.0,7,53.655951788596575,0.99,True,0.022910896637179552,0.7666958154613507
ucr043_v1,ucr_split_w2p,ucr_043,seed0,local,ucr_043_p2,none,edbe0556f884843c,,2026-08-02 11:40:01,0.7561199354285494,0.6082097671988866,0.9990874007521852,0.010229608191664701,0.4984885243458907,0.033022254127781765,64,0.0,1,0.07207207207207207,0.037383177570093455,1.0,0.012290167865707434,0.44602233558527504,14506,161,0.0,0.0,0.0,0.0,0.0,0.0,0.013365969906589148,0.009833372727198055,0.0062970357855936104,0.2546583850931677,7,91.08538364470006,0.99,True,0.0111847002535689,0.5111932003399488
ucr043_v1,ucr_split_w2p,ucr_043,seed0,local,ucr_043_p3,none,edbe0556f884843c,,2026-08-02 11:40:01,0.6779460716939643,0.5127975925782582,1.0,0.019471794859092263,0.7428975630559382,0.05488850771869639,64,0.0,1,1.0,1.0,1.0,0.022437460804125148,0.9671170550117193,14506,161,0.0,0.0,0.0,0.0,0.0,0.0,0.024363837238618877,0.01907603084246494,0.011346018322762509,1.0,7,80.8320185555766,0.99,True,0.02120236522436773,0.7536460787986995
ucr043_v1,ucr_split_w2p,ucr_043,seed0,local,ucr_043_p4,none,edbe0556f884843c,,2026-08-02 11:40:01,0.6812286072859339,0.5165630760945971,1.0,0.020337558380512398,0.758794604588549,0.05608912792931233,64,0.0,1,1.0,1.0,1.0,0.02278678083645885,0.9519509168619882,14506,161,0.0,0.0,0.0,0.0,0.0,0.0,0.024742758213556194,0.020878067554019143,0.011524695776664281,1.0,7,99.10241977651913,0.99,True,0.023304985593796148,0.7747549298680426
ucr083_abl_fidelity_znorm,ucr_split_w2p,ucr_083,seed0,centralized,ucr_083_p0,zscore,,,,0.8227110394641041,0.6988182740536447,1.0,0.9407932277417086,0.9999666809681881,0.9393939393939394,64,0.0,1,0.04081632653061225,0.020833333333333332,1.0,0.002882420091324201,0.44536931401729773,156899,101,1.0,1.0,1.0,1.0,1.0,1.0,0.0033861884299754303,0.9673662114286121,0.0014432901298961117,1.0,7,52.84393032155155,0.99,True,0.21066674760948237,0.9984126373055346
ucr083_abl_fidelity_znorm,ucr_split_w2p,ucr_083,seed0,centralized,ucr_083_p1,zscore,,,,0.8348087754229196,0.7164564560859298,1.0,0.9407932277417086,0.9999666809681881,0.9393939393939394,64,0.0,1,0.02469135802469136,0.0125,1.0,0.003215434083601286,0.3991102556421647,156899,101,1.0,1.0,1.0,1.0,1.0,1.0,0.003777285910657243,0.9673662114286121,0.001610305958132045,1.0,7,58.347600211699806,0.99,True,0.21066674760948237,0.9984126373055346
ucr083_abl_fidelity_znorm,ucr_split_w2p,ucr_083,seed0,centralized,ucr_083_p2,zscore,,,,0.8345898569680349,0.7161340253970517,1.0,0.9407932277417086,0.9999666809681881,0.9393939393939394,64,0.0,1,0.025641025641025647,0.012987012987012988,1.0,0.0032002534854245882,0.4010095666639048,156899,101,1.0,1.0,1.0,1.0,1.0,1.0,0.0037594580822384784,0.9673662114286121,0.0016026912518446817,1.0,7,58.14826346375048,0.99,True,0.21066674760948237,0.9984126373055346
ucr083_abl_fidelity_znorm,ucr_split_w2p,ucr_083,seed0,centralized,ucr_083_p3,zscore,,,,0.8247867848167538,0.7018188479850851,1.0,0.9407932277417086,0.9999666809681881,0.9393939393939394,64,0.0,1,0.04166666666666667,0.02127659574468085,1.0,0.0029095308741555878,0.44120740093945787,156899,101,1.0,1.0,1.0,1.0,1.0,1.0,0.003418028725048724,0.9673662114286121,0.0014568848628220292,1.0,7,53.446315299564354,0.99,True,0.21066674760948237,0.9984126373055346
ucr083_abl_fidelity_znorm,ucr_split_w2p,ucr_083,seed0,centralized,ucr_083_p4,zscore,,,,0.8361108306720358,0.7183766742625594,1.0,0.9407932277417086,0.9999666809681881,0.9393939393939394,64,0.0,1,0.018181818181818184,0.009174311926605505,1.0,0.003373244493428853,0.38037846002842596,156899,101,1.0,1.0,1.0,1.0,1.0,1.0,0.003962612676209518,0.9673662114286121,0.0016894717473487002,1.0,7,59.52938380232081,0.99,True,0.21066674760948237,0.9984126373055346
ucr083_abl_znorm,ucr_split_w2p,ucr_083,seed0,centralized,ucr_083_p0,zscore,,,,0.7452576043181389,0.5939526765676438,1.0,0.671413582468836,0.9998520836921071,0.8782608695652173,64,0.0,1,0.013333333333333332,0.006711409395973154,1.0,0.0020850321528473074,0.6161862089624536,156899,101,1.0,1.0,1.0,1.0,1.0,1.0,0.002449622505552174,0.7385073094060499,0.0010436040504236412,1.0,7,35.61022099897423,0.99,True,0.21066674760948237,0.9984126373055346
ucr083_abl_znorm,ucr_split_w2p,ucr_083,seed0,centralized,ucr_083_p1,zscore,,,,0.8012637229441499,0.6684236877456394,1.0,0.671413582468836,0.9998520836921071,0.8782608695652173,64,0.0,1,0.023255813953488372,0.011764705882352941,1.0,0.002642802941099511,0.48586670405802457,156899,101,1.0,1.0,1.0,1.0,1.0,1.0,0.0031047626913571157,0.7385073094060499,0.0013231498827505797,1.0,7,40.6887888567878,0.99,True,0.21066674760948237,0.9984126373055346
ucr083_abl_znorm,ucr_split_w2p,ucr_083,seed0,centralized,ucr_083_p2,zscore,,,,0.8180911075233451,0.6921778089079772,1.0,0.671413582468836,0.9998520836921071,0.8782608695652173,64,0.0,1,0.034482758620689655,0.017543859649122806,1.0,0.0028077003266384045,0.45725594172046985,156899,101,1.0,1.0,1.0,1.0,1.0,1.0,0.0032984328625453975,0.7385073094060499,0.0014058237291910249,1.0,7,43.03203920888182,0.99,True,0.21066674760948237,0.9984126373055346
ucr083_abl_znorm,ucr_split_w2p,ucr_083,seed0,centralized,ucr_083_p3,zscore,,,,0.8104888518555751,0.681362972612653,1.0,0.671413582468836,0.9998520836921071,0.8782608695652173,64,0.0,1,0.027027027027027025,0.0136986301369863,1.0,0.002726524221523344,0.47090803638009165,156899,101,1.0,1.0,1.0,1.0,1.0,1.0,0.0032030931676092873,0.7385073094060499,0.0013651231314032385,1.0,7,41.830118982024835,0.99,True,0.21066674760948237,0.9984126373055346
ucr083_abl_znorm,ucr_split_w2p,ucr_083,seed0,centralized,ucr_083_p4,zscore,,,,0.7906877319449664,0.6538325565956995,1.0,0.671413582468836,0.9998520836921071,0.8782608695652173,64,0.0,1,0.018018018018018018,0.00909090909090909,1.0,0.002526642317506379,0.5082632776499532,156899,101,1.0,1.0,1.0,1.0,1.0,1.0,0.0029683297076920486,0.7385073094060499,0.0012649191578894636,1.0,7,39.376844284441596,0.99,True,0.21066674760948237,0.9984126373055346
ucr083_cb128,ucr_split,ucr_083,seed0,federated_cb_only,ucr_083_p0,none,7e2a56c94276562c,--codebook-size 128,2026-08-02 22:47:51,0.4875389650952952,0.32410949247968607,0.9834203821656051,0.001775696226693926,0.8319146346211623,0.00493390997137114,64,101.0,1,0.0,0.0,0.0,0.0,0.012574968610379926,156899,101,0.0,0.0,0.0,0.0,0.0,0.0,0.0,0.0019271636474417178,0.0,0.0,7,35.956339132358075,0.99,True,0.002225800241854781,0.8567980246653891
ucr083_cb128,ucr_split,ucr_083,seed0,federated_cb_only,ucr_083_p1,none,7e2a56c94276562c,--codebook-size 128,2026-08-02 22:47:51,0.5379810297297081,0.3679713058923225,1.0,0.009064059256275637,0.9673559941032885,0.027288592733618913,64,0.0,1,0.012658227848101266,0.006369426751592357,1.0,0.017629603770291498,0.07174041899565962,156899,101,0.0,0.0,0.0,0.0,0.0,0.0,0.0185818867764201,0.008811206988989479,0.008893193625077045,1.0,7,44.39790828606761,0.99,True,0.010140443139056559,0.9675674305354582
ucr083_cb128,ucr_split,ucr_083,seed0,federated_cb_only,ucr_083_p2,none,7e2a56c94276562c,--codebook-size 128,2026-08-02 22:47:51,0.5813683250377757,0.40980920932366505,1.0,0.9958279950986364,0.9999973496224696,0.9711538461538461,64,0.0,1,0.015151515151515152,0.007633587786259542,1.0,0.10756123535676251,0.010682031115558417,156899,101,1.0,1.0,1.0,1.0,1.0,1.0,0.11984661109329536,0.9958272378284352,0.056837366347777155,1.0,7,51.1004904334739,0.99,True,0.2049786910316828,0.9984012157865932
ucr083_cb128,ucr_split,ucr_083,seed0,federated_cb_only,ucr_083_p3,none,7e2a56c94276562c,--codebook-size 128,2026-08-02 22:47:51,0.5525421810259586,0.3817328379334748,1.0,0.8105447257186911,0.9999008001552869,0.8279069767441861,64,0.0,1,0.1,0.05263157894736842,1.0,0.38549618320610685,0.002052275667786283,156899,101,1.0,1.0,1.0,1.0,1.0,1.0,0.4081915510016425,0.8171283962533624,0.23877068557919623,1.0,7,54.55064425714358,0.99,True,0.20778001942363453,0.9984068406771297
ucr083_cb128,ucr_split,ucr_083,seed0,federated_cb_only,ucr_083_p4,none,7e2a56c94276562c,--codebook-size 128,2026-08-02 22:47:51,0.8164548894871915,0.6898384203821656,1.0,0.9895146976858239,0.9999934371604007,0.9619047619047619,64,0.0,1,0.2857142857142857,0.16666666666666666,1.0,0.5754985754985755,0.0009496555108700501,156899,101,1.0,1.0,1.0,1.0,1.0,1.0,0.6234753265205082,0.991963698832218,0.404,1.0,7,50.111101527442834,0.99,True,0.21066674760948237,0.9984126373055346
ucr083_cb128,ucr_split,ucr_083,seed0,federated_fedavg_cb_only,ucr_083_p0,none,7e2a56c94276562c,--codebook-size 128,2026-08-02 22:47:51,0.7729260372317109,0.6298936011061496,1.0,0.9997097181601271,0.9999998106873192,0.9901960784313726,64,0.0,1,0.07999999999999999,0.041666666666666664,1.0,0.5287958115183246,0.0011472348453463693,156899,101,1.0,1.0,1.0,1.0,1.0,1.0,0.5705586394521739,0.9996035946454261,0.3594306049822064,1.0,7,64.91537904338911,0.99,True,0.2103890668606587,0.9984120796908617
ucr083_cb128,ucr_split,ucr_083,seed0,federated_fedavg_cb_only,ucr_083_p1,none,7e2a56c94276562c,--codebook-size 128,2026-08-02 22:47:51,0.8043231169849343,0.6726927052037015,1.0,0.9995106982581369,0.9999996844788654,0.9901960784313726,64,0.0,1,0.07692307692307693,0.04,1.0,0.4821002386634845,0.001383055341334234,156899,101,1.0,1.0,1.0,1.0,1.0,1.0,0.5328895749887179,0.999387529206263,0.31761006289308175,1.0,7,43.1271271690112,0.99,True,0.21066674760948237,0.9984126373055346
ucr083_cb128,ucr_split,ucr_083,seed0,federated_fedavg_cb_only,ucr_083_p2,none,7e2a56c94276562c,--codebook-size 128,2026-08-02 22:47:51,0.9937334256148003,0.98754490202752,1.0,0.9948739255567385,0.9999966554759735,0.9665071770334929,64,0.0,1,0.6666666666666666,0.5,1.0,0.8706896551724138,0.00019120580755772822,156899,101,1.0,1.0,1.0,1.0,1.0,1.0,0.9022508170530997,0.9958949669458392,0.7709923664122137,1.0,7,77.44380259215836,0.99,True,0.20385907651404206,0.9983989678217752
ucr083_cb128,ucr_split,ucr_083,seed0,federated_fedavg_cb_only,ucr_083_p3,none,7e2a56c94276562c,--codebook-size 128,2026-08-02 22:47:51,0.89476886595254,0.8095762401080873,1.0,0.9983668504456711,0.9999989272281424,0.9758454106280194,64,0.0,1,0.2857142857142857,0.16666666666666666,1.0,0.7593984962406015,0.0004079057227898202,156899,101,1.0,1.0,1.0,1.0,1.0,1.0,0.7872586474587377,0.998087503589814,0.6121212121212121,1.0,7,69.20454739640157,0.99,True,0.20441648473082957,0.9984000869694949
ucr083_cb128,ucr_split,ucr_083,seed0,federated_fedavg_cb_only,ucr_083_p4,none,7e2a56c94276562c,--codebook-size 128,2026-08-02 22:47:51,0.9009926227550769,0.8198239988286111,1.0,0.9976976755838558,0.999998485498554,0.9711538461538461,64,0.0,1,0.33333333333333337,0.2,1.0,0.7345454545454545,0.0004652674650571387,156899,101,1.0,1.0,1.0,1.0,1.0,1.0,0.7694103044590572,0.9980207245126118,0.5804597701149425,1.0,7,69.74220920599998,0.99,True,0.2075190608528556,0.9984063166934325
ucr083_cb128,ucr_split_w2p,ucr_083,seed0,federated_cb_only,ucr_083_p0,none,7e2a56c94276562c,--codebook-size 128,2026-08-02 22:47:51,0.7567365589841714,0.6096958368615646,0.9972420382165605,0.0006082691329826471,0.48327621243886537,0.0021931729349431075,64,101.0,1,0.0,0.0,0.0,0.0,0.2606581303896137,156899,101,0.0,0.0,0.0,0.0,0.0,0.0,0.0,0.0005513212910626373,0.0,0.0,7,32.776201100783176,0.99,True,0.0007646157253872165,0.5016105223418174
ucr083_cb128,ucr_split_w2p,ucr_083,seed0,federated_cb_only,ucr_083_p1,none,7e2a56c94276562c,--codebook-size 128,2026-08-02 22:47:51,0.7090189978368617,0.5492094745382354,1.0,0.005397979647834079,0.9432827412021821,0.019905400078833266,64,0.0,1,0.014814814814814815,0.007462686567164179,1.0,0.0025248421973626646,0.5086265686843129,156899,101,0.0,0.0,0.0,0.0,0.0,0.0,0.0029662154070083774,0.005436178416062892,0.001264016820184221,1.0,7,25.548708678140315,0.99,True,0.008387640292720053,0.9452366015610975
ucr083_cb128,ucr_split_w2p,ucr_083,seed0,federated_cb_only,ucr_083_p2,none,7e2a56c94276562c,--codebook-size 128,2026-08-02 22:47:51,0.7742845144762861,0.6317000344867602,1.0,0.8997694371475404,0.9998022944570699,0.9393939393939394,64,0.0,1,0.025641025641025647,0.012987012987012988,1.0,0.0025883830294332467,0.49610896181620023,156899,101,1.0,1.0,1.0,1.0,1.0,1.0,0.0030408457839525118,0.9591815811143887,0.0012958686168847832,1.0,7,23.605965539201282,0.99,True,0.2095321023032392,0.9984103588564514
ucr083_cb128,ucr_split_w2p,ucr_083,seed0,federated_cb_only,ucr_083_p3,none,7e2a56c94276562c,--codebook-size 128,2026-08-02 22:47:51,0.8250865086961875,0.7022529869672202,1.0,0.02196235219718681,0.9858926714474008,0.0668824163969795,64,0.0,1,0.028985507246376812,0.014705882352941176,1.0,0.003045608744817188,0.42143672043798874,156899,101,0.0,0.0,0.0,0.0,0.0,0.0,0.003577843110089688,0.02231341248899898,0.0015251268422324233,1.0,7,26.807275962058526,0.99,True,0.034106810359457077,0.9877192872192226
ucr083_cb128,ucr_split_w2p,ucr_083,seed0,federated_cb_only,ucr_083_p4,none,7e2a56c94276562c,--codebook-size 128,2026-08-02 22:47:51,0.8466672666378979,0.7341049483350413,1.0,0.0018207510962071362,0.8372092685721576,0.0057371992597162235,64,0.0,1,0.012820512820512822,0.0064516129032258064,1.0,0.004493982068566597,0.2851962090261888,156899,101,0.0,0.0,0.0,0.0,0.0,0.0,0.00512688641885209,0.0018250495781006882,0.0022520513735283625,1.0,7,31.8351384455688,0.99,True,0.0025432820449467065,0.8522992847267086
ucr083_cb128,ucr_split_w2p,ucr_083,seed0,federated_fedavg_cb_only,ucr_083_p0,none,7e2a56c94276562c,--codebook-size 128,2026-08-02 22:47:51,0.8387599830429522,0.7222968299360427,1.0,0.9324616372338508,0.9999505262860973,0.8782608695652173,64,0.0,1,0.011695906432748537,0.0058823529411764705,1.0,0.005548535955611712,0.2307471685606664,156899,101,1.0,1.0,1.0,1.0,1.0,1.0,0.006516635212480934,0.9473078035576259,0.0027819859523481615,1.0,7,75.54014858612403,0.99,True,0.21066674760948237,0.9984126373055346
ucr083_cb128,ucr_split_w2p,ucr_083,seed0,federated_fedavg_cb_only,ucr_083_p1,none,7e2a56c94276562c,--codebook-size 128,2026-08-02 22:47:51,0.7818929169820725,0.6418917744447308,1.0,0.9968769134493238,0.9999979806647387,0.9805825242718447,64,0.0,1,0.015503875968992248,0.0078125,1.0,0.002572396403738889,0.49920012237171685,156899,101,1.0,1.0,1.0,1.0,1.0,1.0,0.0030220691559381648,0.9973688475101513,0.0012878546381893529,1.0,7,82.23541434605916,0.99,True,0.21066674760948237,0.9984126373055346
ucr083_cb128,ucr_split_w2p,ucr_083,seed0,federated_fedavg_cb_only,ucr_083_p2,none,7e2a56c94276562c,--codebook-size 128,2026-08-02 22:47:51,0.8370896330892281,0.7198230034812791,1.0,0.9324616372338508,0.9999505262860973,0.8782608695652173,64,0.0,1,0.012422360248447204,0.00625,1.0,0.004467642765515106,0.2868851936596154,156899,101,1.0,1.0,1.0,1.0,1.0,1.0,0.005247682666446285,0.947216399935896,0.0022388225123578568,1.0,7,89.10824485899259,0.99,True,0.21066674760948237,0.9984126373055346
ucr083_cb128,ucr_split_w2p,ucr_083,seed0,federated_fedavg_cb_only,ucr_083_p3,none,7e2a56c94276562c,--codebook-size 128,2026-08-02 22:47:51,0.8589931905894092,0.7528379177974747,1.0,0.9324616372338508,0.9999505262860973,0.8782608695652173,64,0.0,1,0.012578616352201257,0.006329113924050633,1.0,0.005720434979610331,0.22377453011172793,156899,101,1.0,1.0,1.0,1.0,1.0,1.0,0.00671841835811718,0.944521981895039,0.00286842180000568,1.0,7,101.98512667417496,0.99,True,0.2095321023032392,0.9984103588564514
ucr083_cb128,ucr_split_w2p,ucr_083,seed0,federated_fedavg_cb_only,ucr_083_p4,none,7e2a56c94276562c,--codebook-size 128,2026-08-02 22:47:51,0.8179128421489473,0.6919226190020139,1.0,0.9407932277417086,0.999966680968188,0.9393939393939394,64,0.0,1,0.01680672268907563,0.00847457627118644,1.0,0.0029232149575989116,0.4391360046909158,156899,101,1.0,1.0,1.0,1.0,1.0,1.0,0.003434099953474206,0.9668221530674751,0.0014637469022188085,1.0,7,91.01503429810207,0.99,True,0.21066674760948237,0.9984126373055346
ucr083_cb128base,ucr_split,ucr_083,seed0,centralized,ucr_083_p0,none,7e2a56c94276562c,--codebook-size 128,2026-08-02 18:25:29,0.9442362981877217,0.8943632903526487,1.0,0.9991259657507718,0.9999994320619577,0.9853658536585366,64,0.0,1,0.25,0.14285714285714285,1.0,0.7622641509433963,0.00040153219587122925,156899,101,1.0,1.0,1.0,1.0,1.0,1.0,0.8044622284414216,0.9989418123266784,0.6158536585365854,1.0,7,103.07890497565266,0.99,True,0.20883476876011606,0.998408958604188
ucr083_cb128base,ucr_split,ucr_083,seed0,centralized,ucr_083_p1,none,7e2a56c94276562c,--codebook-size 128,2026-08-02 18:25:29,0.9717397513810271,0.9450328870401664,1.0,0.9990289164418805,0.9999993689577308,0.9853658536585366,64,0.0,1,0.4,0.25,1.0,0.8145161290322581,0.0002931822382551833,156899,101,1.0,1.0,1.0,1.0,1.0,1.0,0.8535450052345506,0.9989267724276093,0.6870748299319728,1.0,7,110.52377274374162,0.99,True,0.20903003827321887,0.9984093507112041
ucr083_cb128base,ucr_split,ucr_083,seed0,centralized,ucr_083_p2,none,7e2a56c94276562c,--codebook-size 128,2026-08-02 18:25:29,0.9792978197760968,0.9594354149035677,1.0,0.998642113105183,0.9999991165408232,0.9805825242718447,64,0.0,1,0.33333333333333337,0.2,1.0,0.8278688524590164,0.0002676881305808195,156899,101,1.0,1.0,1.0,1.0,1.0,1.0,0.8661415465283702,0.9987056839649671,0.7062937062937062,1.0,7,108.88734982768698,0.99,True,0.20805770017245812,0.9984073982626623
ucr083_cb128base,ucr_split,ucr_083,seed0,centralized,ucr_083_p3,none,7e2a56c94276562c,--codebook-size 128,2026-08-02 18:25:29,0.9521385955903517,0.9086493610543606,1.0,0.9991259657507718,0.9999994320619577,0.9853658536585366,64,0.0,1,0.4,0.25,1.0,0.7769230769230769,0.0003696645612782746,156899,101,1.0,1.0,1.0,1.0,1.0,1.0,0.8186052453368535,0.9989967210777011,0.6352201257861635,1.0,7,100.87375941991807,0.99,True,0.20980267197038713,0.9984109021705492
ucr083_cb128base,ucr_split,ucr_083,seed0,centralized,ucr_083_p4,none,7e2a56c94276562c,--codebook-size 128,2026-08-02 18:25:29,0.8875057486600887,0.7977620986276183,1.0,0.9992202070424053,0.9999994951661846,0.9853658536585366,64,0.0,1,0.25,0.14285714285714285,1.0,0.6847457627118644,0.0005927380034289575,156899,101,1.0,1.0,1.0,1.0,1.0,1.0,0.7282178620712785,0.9990943872137257,0.520618556701031,1.0,7,97.63409688870114,0.99,True,0.2103890668606587,0.9984120796908617
ucr083_cb128base,ucr_split,ucr_083,seed0,local,ucr_083_p0,none,7e2a56c94276562c,--codebook-size 128,2026-08-02 18:25:29,0.6332416951678735,0.4633165153846657,1.0,0.9999029314696175,0.9999999368957732,0.9950738916256158,64,0.0,1,0.008968609865470852,0.0045045045045045045,1.0,0.0979156568104702,0.01186113359549774,156899,101,1.0,1.0,1.0,1.0,1.0,1.0,0.10899928229678263,0.9995214494103872,0.05147808358817533,1.0,7,120.10540981451665,0.99,True,0.2049786910316828,0.9984012157865932
ucr083_cb128base,ucr_split,ucr_083,seed0,local,ucr_083_p1,none,7e2a56c94276562c,--codebook-size 128,2026-08-02 18:25:29,0.570459172103665,0.3990506328826816,1.0,0.018470988158349883,0.9840565908610313,0.05011996800853106,64,0.0,1,0.00404040404040404,0.0020242914979757085,1.0,0.014283693961250177,0.08884696524515771,156899,101,0.0,0.0,0.0,0.0,0.0,0.0,0.015882329332494796,0.017775224336425546,0.007193219856135603,1.0,7,85.16581337491661,0.99,True,0.022129266021179494,0.9840850731399134
ucr083_cb128base,ucr_split,ucr_083,seed0,local,ucr_083_p2,none,7e2a56c94276562c,--codebook-size 128,2026-08-02 18:25:29,0.9153655475875528,0.8439392143146422,1.0,0.9926538961607377,0.9999953302872082,0.9665071770334929,64,0.0,1,0.2222222222222222,0.125,1.0,0.7372262773722628,0.00045889393813854773,156899,101,1.0,1.0,1.0,1.0,1.0,1.0,0.7760623570445451,0.9942152452883749,0.5838150289017341,1.0,7,107.0288209952911,0.99,True,0.20707581731786756,0.9984054266906552
ucr083_cb128base,ucr_split,ucr_083,seed0,local,ucr_083_p3,none,7e2a56c94276562c,--codebook-size 128,2026-08-02 18:25:29,0.6623225642505394,0.49512875567005415,1.0,0.9695189225775718,0.9999778504163522,0.8913043478260869,64,0.0,1,0.06060606060606061,0.03125,1.0,0.4007936507936508,0.001924805129414464,156899,101,1.0,1.0,1.0,1.0,1.0,1.0,0.4294283292104491,0.9721119833641005,0.2506203473945409,1.0,7,116.26861665288611,0.99,True,0.20585435944628533,0.9984029740986562
ucr083_cb128base,ucr_split,ucr_083,seed0,local,ucr_083_p4,none,7e2a56c94276562c,--codebook-size 128,2026-08-02 18:25:29,0.7270060521974064,0.5710993783217461,1.0,0.9975084015603557,0.9999983592901002,0.9711538461538461,64,0.0,1,0.05405405405405406,0.027777777777777776,1.0,0.3607142857142857,0.002281722636855557,156899,101,1.0,1.0,1.0,1.0,1.0,1.0,0.39335241734490006,0.997828645953073,0.22004357298474944,1.0,7,106.03259360671045,0.99,True,0.20914390601079677,0.9984095793555042
ucr083_cb128base,ucr_split_w2p,ucr_083,seed0,centralized,ucr_083_p0,none,7e2a56c94276562c,--codebook-size 128,2026-08-02 18:25:29,0.8407275883013465,0.7252200430349663,1.0,0.9834701260214584,0.9999909129913239,0.9805825242718447,64,0.0,1,0.015873015873015872,0.008,1.0,0.003757300695658644,0.34136610175973076,156899,101,1.0,1.0,1.0,1.0,1.0,1.0,0.0044136112423136115,0.9876169439604893,0.001882186317809955,1.0,7,63.595670656611524,0.99,True,0.21066674760948237,0.9984126373055346
ucr083_cb128base,ucr_split_w2p,ucr_083,seed0,centralized,ucr_083_p1,none,7e2a56c94276562c,--codebook-size 128,2026-08-02 18:25:29,0.8424178449345426,0.7277391425292892,1.0,0.9834701260214584,0.9999909129913239,0.9805825242718447,64,0.0,1,0.012048192771084336,0.006060606060606061,1.0,0.005048611631801254,0.25372373310218677,156899,101,1.0,1.0,1.0,1.0,1.0,1.0,0.0059297635237555695,0.9876169439604893,0.002530694061638687,1.0,7,74.49868728717168,0.99,True,0.21066674760948237,0.9984126373055346
ucr083_cb128base,ucr_split_w2p,ucr_083,seed0,centralized,ucr_083_p2,none,7e2a56c94276562c,--codebook-size 128,2026-08-02 18:25:29,0.8406609643643876,0.7251208995162419,1.0,0.9834701260214584,0.9999909129913239,0.9805825242718447,64,0.0,1,0.011976047904191616,0.006024096385542169,1.0,0.005294194732014153,0.24189446714128196,156899,101,1.0,1.0,1.0,1.0,1.0,1.0,0.006218065585118584,0.9876169439604893,0.002654123088243023,1.0,7,72.9589077377071,0.99,True,0.21066674760948237,0.9984126373055346
ucr083_cb128base,ucr_split_w2p,ucr_083,seed0,centralized,ucr_083_p3,none,7e2a56c94276562c,--codebook-size 128,2026-08-02 18:25:29,0.8562945287835967,0.748701960717975,1.0,0.9324616372338508,0.9999505262860973,0.8782608695652173,64,0.0,1,0.011834319526627219,0.005952380952380952,1.0,0.008479556712282763,0.150542705817118,156899,101,1.0,1.0,1.0,1.0,1.0,1.0,0.009956313437687159,0.9472680638388946,0.004257830614223684,1.0,7,72.30355865135789,0.99,True,0.21066674760948237,0.9984126373055346
ucr083_cb128base,ucr_split_w2p,ucr_083,seed0,centralized,ucr_083_p4,none,7e2a56c94276562c,--codebook-size 128,2026-08-02 18:25:29,0.8483976865090928,0.7367106479122156,1.0,0.9324616372338508,0.9999505262860973,0.8782608695652173,64,0.0,1,0.012269938650306747,0.006172839506172839,1.0,0.005242123838687912,0.24431003384342795,156899,101,1.0,1.0,1.0,1.0,1.0,1.0,0.00615693811785497,0.9475005411324504,0.00262794993885463,1.0,7,66.44694882072508,0.99,True,0.21066674760948237,0.9984126373055346
ucr083_cb128base,ucr_split_w2p,ucr_083,seed0,local,ucr_083_p0,none,7e2a56c94276562c,--codebook-size 128,2026-08-02 18:25:29,0.7741855564964537,0.6315683100320836,1.0,0.9324616372338508,0.9999505262860973,0.8782608695652173,64,0.0,1,0.009708737864077669,0.004878048780487805,1.0,0.0031891883357804828,0.4024053690590762,156899,101,1.0,1.0,1.0,1.0,1.0,1.0,0.0037464633323819364,0.9469346765683523,0.0015971409595496378,1.0,7,56.95456444596251,0.99,True,0.21066674760948237,0.9984126373055346
ucr083_cb128base,ucr_split_w2p,ucr_083,seed0,local,ucr_083_p1,none,7e2a56c94276562c,--codebook-size 128,2026-08-02 18:25:29,0.7640667955572472,0.6182104282097861,1.0,0.7424581798730581,0.9996723628538483,0.7349397590361446,64,0.0,1,0.028169014084507043,0.014285714285714285,1.0,0.0024829451170794666,0.5172308300244106,156899,101,1.0,1.0,1.0,1.0,1.0,1.0,0.0029170056974670094,0.8705972947445768,0.0012430157284564452,1.0,7,51.707823131941645,0.99,True,0.2095321023032392,0.9984103588564514
ucr083_cb128base,ucr_split_w2p,ucr_083,seed0,local,ucr_083_p2,none,7e2a56c94276562c,--codebook-size 128,2026-08-02 18:25:29,0.7723531458660343,0.629132998032146,1.0,0.9834701260214584,0.9999909129913239,0.9805825242718447,64,0.0,1,0.020833333333333332,0.010526315789473684,1.0,0.0024825179122270153,0.5173200594012709,156899,101,1.0,1.0,1.0,1.0,1.0,1.0,0.002916503927171432,0.9866967642703623,0.0012428015947236306,1.0,7,69.54652176300685,0.99,True,0.21066674760948237,0.9984126373055346
ucr083_cb128base,ucr_split_w2p,ucr_083,seed0,local,ucr_083_p3,none,7e2a56c94276562c,--codebook-size 128,2026-08-02 18:25:29,0.7939708410208863,0.6583346970590424,1.0,0.9834701260214584,0.9999909129913239,0.9805825242718447,64,0.0,1,0.01941747572815534,0.00980392156862745,1.0,0.00257436341855071,0.49881771075660136,156899,101,1.0,1.0,1.0,1.0,1.0,1.0,0.0030243794592384153,0.9872660107862683,0.0012888406814266574,1.0,7,64.42815394442489,0.99,True,0.21066674760948237,0.9984126373055346
ucr083_cb128base,ucr_split_w2p,ucr_083,seed0,local,ucr_083_p4,none,7e2a56c94276562c,--codebook-size 128,2026-08-02 18:25:29,0.8404448807376468,0.7247994224477166,1.0,0.9834701260214584,0.9999909129913239,0.9805825242718447,64,0.0,1,0.011627906976744186,0.005847953216374269,1.0,0.004880287985310816,0.26251920024984227,156899,101,1.0,1.0,1.0,1.0,1.0,1.0,0.0057321524436443165,0.9869500595273062,0.0024461128602567207,1.0,7,91.15837322672208,0.99,True,0.21066674760948237,0.9984126373055346
ucr083_enc,ucr_split,ucr_083,seed0,federated_enc_commoninit,ucr_083_p0,none,7e2a56c94276562c,,2026-08-02 19:03:56,0.6418292664599544,0.472568912442281,1.0,0.9110879346638463,0.9998630638275907,0.8791208791208791,64,0.0,1,0.0689655172413793,0.03571428571428571,1.0,0.33114754098360655,0.0026003989827851036,156899,101,1.0,1.0,1.0,1.0,1.0,1.0,0.3429538983517621,0.915243368294599,0.19842829076620824,1.0,7,48.461578301688036,0.99,True,0.19162015988594605,0.9983743948156438
ucr083_enc,ucr_split,ucr_083,seed0,federated_enc_commoninit,ucr_083_p1,none,7e2a56c94276562c,,2026-08-02 19:03:56,0.5275669296597085,0.35830435743047023,0.9999351705871224,0.011214184924991185,0.9725746505650763,0.031208674953715956,64,32.0,1,0.018691588785046728,0.009433962264150943,1.0,0.02960017671747294,0.02778220383813791,156899,101,0.0,0.0,0.0,0.0,0.0,0.0,0.02961180313257607,0.010764435047870955,0.015137821961138725,0.6633663366336634,7,46.182299294872315,0.99,True,0.012677499857950802,0.9734649636042004
ucr083_enc,ucr_split,ucr_083,seed0,federated_enc_commoninit,ucr_083_p2,none,7e2a56c94276562c,,2026-08-02 19:03:56,0.6787268877836427,0.5136915914720451,1.0,0.9985114004350253,0.9999990534365962,0.9853658536585366,64,0.0,1,0.046511627906976744,0.023809523809523808,1.0,0.2983751846381093,0.003027425286330697,156899,101,1.0,1.0,1.0,1.0,1.0,1.0,0.3288234810633138,0.9986496418866236,0.1753472222222222,1.0,7,44.96740781876406,0.99,True,0.21023056059910536,0.998411761396845
ucr083_enc,ucr_split,ucr_083,seed0,federated_enc_commoninit,ucr_083_p3,none,7e2a56c94276562c,,2026-08-02 19:03:56,0.6487984763290515,0.48016410947080185,1.0,0.9996136107043029,0.9999997475830924,0.9901960784313726,64,0.0,1,0.0909090909090909,0.047619047619047616,1.0,0.3818525519848771,0.0020841433023792376,156899,101,1.0,1.0,1.0,1.0,1.0,1.0,0.4195350646851799,0.9995145891662209,0.23598130841121495,1.0,7,48.458049455161394,0.99,True,0.21066674760948237,0.9984126373055346
ucr083_enc,ucr_split,ucr_083,seed0,federated_enc_commoninit,ucr_083_p4,none,7e2a56c94276562c,,2026-08-02 19:03:56,0.6156258429117043,0.4446961392334338,1.0,0.9998049018646769,0.9999998737915462,0.9950738916256158,64,0.0,1,0.04545454545454545,0.023255813953488372,1.0,0.2573248407643312,0.0037157661935385182,156899,101,1.0,1.0,1.0,1.0,1.0,1.0,0.28435441708752685,0.9994695532807932,0.1476608187134503,1.0,7,35.21232222906876,0.99,True,0.2102337022197072,0.9984117677036927
ucr083_enc,ucr_split,ucr_083,seed0,federated_enc_fedavg,ucr_083_p0,none,7e2a56c94276562c,,2026-08-02 19:03:56,0.5624132352739847,0.39122037644884206,1.0,0.36342192149533215,0.9994786959814408,0.5821917808219178,64,0.0,1,0.025974025974025976,0.013157894736842105,1.0,0.1404728789986092,0.007877679271378403,156899,101,0.0,0.0,1.0,1.0,1.0,1.0,0.14987762723973103,0.352727214342058,0.07554225878833208,1.0,7,64.64392062927308,0.99,True,0.17805080349682323,0.998343938905025
ucr083_enc,ucr_split,ucr_083,seed0,federated_enc_fedavg,ucr_083_p1,none,7e2a56c94276562c,,2026-08-02 19:03:56,0.5516147300119002,0.3808480667691631,1.0,0.043736925060309774,0.9930646561491694,0.10505050505050505,64,0.0,1,0.01129943502824859,0.005681818181818182,1.0,0.02747925452319412,0.045564343941006634,156899,101,0.0,0.0,0.0,0.0,1.0,1.0,0.029989491661942536,0.042927756132029406,0.013931034482758621,1.0,7,68.67553820212895,0.99,True,0.04676824072159907,0.9933110192940929
ucr083_enc,ucr_split,ucr_083,seed0,federated_enc_fedavg,ucr_083_p2,none,7e2a56c94276562c,,2026-08-02 19:03:56,0.5367756450639428,0.36684462704548276,0.9999982342183262,0.2503051479123279,0.9985168613547758,0.44979919678714864,64,6.0,1,0.023255813953488372,0.011764705882352941,1.0,0.1484375,0.00690890317975258,156899,101,0.0,0.0,1.0,1.0,1.0,1.0,0.15148025967163792,0.2443657203191718,0.08057675996607294,0.9405940594059405,7,56.09545435064074,0.99,True,0.13941586076023083,0.9978454625978337
ucr083_enc,ucr_split,ucr_083,seed0,federated_enc_fedavg,ucr_083_p3,none,7e2a56c94276562c,,2026-08-02 19:03:56,0.5643806350977588,0.39312693106239227,1.0,0.998180833103337,0.9999987379154617,0.9850746268656716,64,0.0,1,0.0689655172413793,0.03571428571428571,1.0,0.3136645962732919,0.002817098898017196,156899,101,1.0,1.0,1.0,1.0,1.0,1.0,0.34030356620594127,0.9975109124355497,0.1860036832412523,1.0,7,55.45946124987762,0.99,True,0.20778001942363453,0.9984068406771297
ucr083_enc,ucr_split,ucr_083,seed0,federated_enc_fedavg,ucr_083_p4,none,7e2a56c94276562c,,2026-08-02 19:03:56,0.5957919856299732,0.42429040393795553,1.0,0.7903104239308909,0.9998072796909963,0.7415730337078652,64,0.0,1,0.025974025974025976,0.013157894736842105,1.0,0.19367209971236818,0.005360136138534981,156899,101,1.0,1.0,1.0,1.0,1.0,1.0,0.20455078919196623,0.8167650895160721,0.10721868365180467,1.0,7,51.896798801314,0.99,True,0.18625276761463658,0.9983636190648707
ucr083_enc,ucr_split,ucr_083,seed0,federated_enc_fedproto_lam1_uniform,ucr_083_p0,none,7e2a56c94276562c,,2026-08-02 19:03:56,0.5866587485455557,0.415086411680007,1.0,0.33508739408921495,0.9991990180477457,0.5540540540540541,64,0.0,1,0.018691588785046728,0.009433962264150943,1.0,0.09496944052656324,0.01226903931828756,156899,101,0.0,0.0,1.0,1.0,1.0,1.0,0.1009119694398165,0.3331064681573347,0.04985192497532083,1.0,7,47.95472246765768,0.99,True,0.14868115657178327,0.9980924657678177
ucr083_enc,ucr_split,ucr_083,seed0,federated_enc_fedproto_lam1_uniform,ucr_083_p1,none,7e2a56c94276562c,,2026-08-02 19:03:56,0.5676965453297306,0.396352144148406,1.0,0.9646963091409696,0.9999675013231379,0.9319371727748692,64,0.0,1,0.004705882352941177,0.0023584905660377358,1.0,0.021205122821750997,0.05942676498894193,156899,101,1.0,1.0,1.0,1.0,1.0,1.0,0.024448765327557336,0.9759377226952854,0.010716180371352786,1.0,7,50.83559719977143,0.99,True,0.1839550924545056,0.9983590061234996
ucr083_enc,ucr_split,ucr_083,seed0,federated_enc_fedproto_lam1_uniform,ucr_083_p2,none,7e2a56c94276562c,,2026-08-02 19:03:56,0.5921921005810028,0.42064837171705083,1.0,0.9997097181601271,0.9999998106873194,0.9901960784313726,64,0.0,1,0.03225806451612903,0.01639344262295082,1.0,0.21218487394957983,0.004780145188943205,156899,101,1.0,1.0,1.0,1.0,1.0,1.0,0.23960323700470954,0.9995440618128244,0.11868390129259694,1.0,7,59.27378554505129,0.99,True,0.21066674760948237,0.9984126373055346
ucr083_enc,ucr_split,ucr_083,seed0,federated_enc_fedproto_lam1_uniform,ucr_083_p3,none,7e2a56c94276562c,,2026-08-02 19:03:56,0.6012697638307286,0.4298682821624256,1.0,0.9999029314696175,0.9999999368957732,0.9950738916256158,64,0.0,1,0.052631578947368425,0.02702702702702703,1.0,0.28774928774928776,0.00318676345929547,156899,101,1.0,1.0,1.0,1.0,1.0,1.0,0.3190281567812402,0.9996997842283084,0.16805324459234608,1.0,7,54.805669140199846,0.99,True,0.21064967810505844,0.998412603027424
ucr083_enc,ucr_split,ucr_083,seed0,federated_enc_fedproto_lam1_uniform,ucr_083_p4,none,7e2a56c94276562c,,2026-08-02 19:03:56,0.76332402328333,0.6172384987294148,1.0,0.9998077477650678,0.9999998737915462,0.9950248756218906,64,0.0,1,0.08695652173913045,0.045454545454545456,1.0,0.41478439425051333,0.0018164551717984182,156899,101,1.0,1.0,1.0,1.0,1.0,1.0,0.4601689876359313,0.9996040515352864,0.2616580310880829,1.0,7,55.320401094604115,0.99,True,0.21066674760948237,0.9984126373055346
ucr083_enc,ucr_split,ucr_083,seed0,federated_enc_fedprox_mu0.01,ucr_083_p0,none,7e2a56c94276562c,,2026-08-02 19:03:56,0.5517774139868008,0.3810317797092514,0.9998030522797502,0.004300641071323698,0.9211967666151379,0.011471698113207546,64,0.0,1,0.017241379310344827,0.008695652173913044,1.0,0.00749063670411985,0.02309128802605498,156899,101,0.0,0.0,0.0,0.0,0.0,0.0,0.008481474540270767,0.004851699052247778,0.00384932636788562,0.13861386138613863,7,50.816614070817245,0.99,True,0.005548725528878799,0.9342680189251551
ucr083_enc,ucr_split,ucr_083,seed0,federated_enc_fedprox_mu0.01,ucr_083_p1,none,7e2a56c94276562c,,2026-08-02 19:03:56,0.5539148335598348,0.38546171539388546,0.9838917197452229,0.0018893962227379613,0.8403389227060934,0.0050729232720355105,64,101.0,1,0.0,0.0,0.0,0.0,0.06801190574828393,156899,101,0.0,0.0,0.0,0.0,0.0,0.0,0.0,0.0020449426466285572,0.0,0.0,7,63.369861797909785,0.99,True,0.0022861294050005236,0.8574414077297656
ucr083_enc,ucr_split,ucr_083,seed0,federated_enc_fedprox_mu0.01,ucr_083_p2,none,7e2a56c94276562c,,2026-08-02 19:03:56,0.4980971383670464,0.33352781921724817,0.9832547770700637,0.0031120194146174816,0.882964881424949,0.009801737580752952,64,101.0,1,0.0,0.0,0.0,0.0,0.006258803434056303,156899,101,0.0,0.0,0.0,0.0,0.0,0.0,0.0,0.003656046724798461,0.0,0.0,7,60.304369928992934,0.99,True,0.0040728927902793045,0.9060422552097741
ucr083_enc,ucr_split,ucr_083,seed0,federated_enc_fedprox_mu0.01,ucr_083_p3,none,7e2a56c94276562c,,2026-08-02 19:03:56,0.21171439624021227,0.11839358916588516,0.9997146370688025,0.013821446814203081,0.9768571558205541,0.03310886644219978,64,45.0,1,0.05882352941176471,0.030303030303030304,1.0,0.019230769230769232,0.0032951134169115163,156899,101,0.0,0.0,0.0,0.0,0.0,0.0,0.019424073029386126,0.01358997857835433,0.011472275334608031,0.0594059405940594,7,46.76012929750343,0.99,True,0.014628597291281159,0.978078369616028
ucr083_enc,ucr_split,ucr_083,seed0,federated_enc_fedprox_mu0.01,ucr_083_p4,none,7e2a56c94276562c,,2026-08-02 19:03:56,0.315682131781262,0.1874339312358613,0.9997264930314688,0.02300425206506617,0.9812334339572301,0.06666666666666667,64,44.0,1,0.10526315789473684,0.05555555555555555,1.0,0.0321285140562249,0.0024793019713318758,156899,101,0.0,0.0,0.0,0.0,0.0,0.0,0.03263040653125048,0.02508760836432187,0.020151133501259445,0.07920792079207921,7,44.6273894075166,0.99,True,0.027349399157721454,0.9841931726358546
ucr083_enc,ucr_split_w2p,ucr_083,seed0,federated_enc_commoninit,ucr_083_p0,none,7e2a56c94276562c,,2026-08-02 19:03:56,0.802592035702937,0.6702745093015126,1.0,0.0019318350042282317,0.8400618320457021,0.007047323153866555,64,0.0,1,0.020202020202020204,0.01020408163265306,1.0,0.0029240189337463632,0.4390149076794626,156899,101,0.0,0.0,0.0,0.0,0.0,0.0,0.003435044179426169,0.002022923081562392,0.0014641500681337161,1.0,7,41.46507226695625,0.99,True,0.0025203205932916315,0.8455624024910565
ucr083_enc,ucr_split_w2p,ucr_083,seed0,federated_enc_commoninit,ucr_083_p1,none,7e2a56c94276562c,,2026-08-02 19:03:56,0.6794957891273778,0.5145729816933716,1.0,0.0016723430994471857,0.819305147998659,0.00585236926562205,64,0.0,1,0.018181818181818184,0.009174311926605505,1.0,0.001567933432687531,0.8198267675383527,156899,101,0.0,0.0,0.0,0.0,0.0,0.0,0.0018421930766905283,0.0016655845744397197,0.0007845818023630672,1.0,7,32.37644066370598,0.99,True,0.002467531664161601,0.8329577310022668
ucr083_enc,ucr_split_w2p,ucr_083,seed0,federated_enc_commoninit,ucr_083_p2,none,7e2a56c94276562c,,2026-08-02 19:03:56,0.7877740673430274,0.6498574614852314,1.0,0.7212626165856083,0.9997735189295959,0.768060836501901,64,0.0,1,0.018518518518518517,0.009345794392523364,1.0,0.0026835295055397616,0.4784734128324591,156899,101,1.0,1.0,1.0,1.0,1.0,1.0,0.003152596153106034,0.7770041515326,0.0013435675042901042,1.0,7,52.39457461487581,0.99,True,0.21066674760948237,0.9984126373055346
ucr083_enc,ucr_split_w2p,ucr_083,seed0,federated_enc_commoninit,ucr_083_p3,none,7e2a56c94276562c,,2026-08-02 19:03:56,0.8209118378878096,0.6962260026572125,1.0,0.0024664732697997063,0.8737480673541704,0.009156844968268359,64,0.0,1,0.026666666666666665,0.013513513513513514,1.0,0.002937071071303943,0.43705823491545515,156899,101,0.0,0.0,0.0,0.0,0.0,0.0,0.003450373180163499,0.002292353252327431,0.0014706953039679651,1.0,7,34.95532087502232,0.99,True,0.0033182765340121715,0.8763905370457864
ucr083_enc,ucr_split_w2p,ucr_083,seed0,federated_enc_commoninit,ucr_083_p4,none,7e2a56c94276562c,,2026-08-02 19:03:56,0.8237938921131208,0.7003822600386875,1.0,0.9324616372338508,0.9999505262860973,0.8782608695652173,64,0.0,1,0.013245033112582783,0.006666666666666667,1.0,0.010016363365894778,0.12724746492966812,156899,101,1.0,1.0,1.0,1.0,1.0,1.0,0.011759065248221526,0.948042100736914,0.00503338981361507,1.0,7,55.76211009025574,0.99,True,0.21066674760948237,0.9984126373055346
ucr083_enc,ucr_split_w2p,ucr_083,seed0,federated_enc_fedavg,ucr_083_p0,none,7e2a56c94276562c,,2026-08-02 19:03:56,0.8063465207882892,0.6755281451705739,1.0,0.0011579336548694715,0.7449045072130971,0.0035651990569473464,64,0.0,1,0.015873015873015872,0.008,1.0,0.0031208960988798762,0.4112390773682433,156899,101,0.0,0.0,0.0,0.0,0.0,0.0,0.0035607911994235335,0.001200280634029064,0.0015628868531814806,1.0,7,28.873924488381288,0.99,True,0.0015451426899719405,0.7706349269813019
ucr083_enc,ucr_split_w2p,ucr_083,seed0,federated_enc_fedavg,ucr_083_p1,none,7e2a56c94276562c,,2026-08-02 19:03:56,0.743770205581965,0.5920654078472373,1.0,0.0013012655397272046,0.7710476418612996,0.00394644713670408,64,0.0,1,0.027027027027027025,0.0136986301369863,1.0,0.0022915484968803177,0.5605389454362361,156899,101,0.0,0.0,0.0,0.0,0.0,0.0,0.002692198178353385,0.0013340267271975278,0.0011470885529648264,1.0,7,26.354812895602056,0.99,True,0.0018078317976202864,0.7936058376658779
ucr083_enc,ucr_split_w2p,ucr_083,seed0,federated_enc_fedavg,ucr_083_p2,none,7e2a56c94276562c,,2026-08-02 19:03:56,0.7301523621371049,0.5749921017027865,1.0,0.0011744422278170282,0.7481509672710558,0.0037148734746050454,64,0.0,1,0.02197802197802198,0.011111111111111112,1.0,0.00212606961299218,0.6042677136246885,156899,101,0.0,0.0,0.0,0.0,0.0,0.0,0.0024978261692227294,0.00114139916237133,0.0010641660520493098,1.0,7,26.940966626009864,0.99,True,0.0015425791242101108,0.7650553771568034
ucr083_enc,ucr_split_w2p,ucr_083,seed0,federated_enc_fedavg,ucr_083_p3,none,7e2a56c94276562c,,2026-08-02 19:03:56,0.8249984202729365,0.7021253711544558,1.0,0.0013580759584102529,0.7816664425414873,0.00437071153303882,64,0.0,1,0.015037593984962407,0.007575757575757576,1.0,0.0034144115211034295,0.3757767735932033,156899,101,0.0,0.0,0.0,0.0,0.0,0.0,0.003895592092146772,0.001357223117876004,0.0017101252963088384,1.0,7,26.505747027852518,0.99,True,0.001801342187994579,0.7980168304939171
ucr083_enc,ucr_split_w2p,ucr_083,seed0,federated_enc_fedavg,ucr_083_p4,none,7e2a56c94276562c,,2026-08-02 19:03:56,0.8165046749107381,0.689909505852214,1.0,0.0012183943043786007,0.7573633009417233,0.0037135766154977475,64,0.0,1,0.03333333333333333,0.01694915254237288,1.0,0.002798791808684568,0.4587154793848272,156899,101,0.0,0.0,0.0,0.0,0.0,0.0,0.0032879700593291695,0.001228059662979573,0.0014013569575291717,1.0,7,24.04091356326849,0.99,True,0.0015993402809235308,0.7753777202603852
ucr083_enc,ucr_split_w2p,ucr_083,seed0,federated_enc_fedproto_lam1_uniform,ucr_083_p0,none,7e2a56c94276562c,,2026-08-02 19:03:56,0.7462014508327376,0.5965762271151466,0.9960063694267517,0.0009200965050457917,0.674224680959227,0.0029825623458886413,64,101.0,1,0.0,0.0,0.0,0.0,0.16838858118917266,156899,101,0.0,0.0,0.0,0.0,0.0,0.0,0.0,0.0008901284407620922,0.0,0.0,7,39.33540389205765,0.99,True,0.0011613873881495499,0.6943605865490673
ucr083_enc,ucr_split_w2p,ucr_083,seed0,federated_enc_fedproto_lam1_uniform,ucr_083_p1,none,7e2a56c94276562c,,2026-08-02 19:03:56,0.7290703611713418,0.5736512383512306,1.0,0.0006736128407208143,0.5464465094811892,0.0023614959258349993,64,0.0,1,0.026666666666666665,0.013513513513513514,1.0,0.0021700363105085618,0.591998674306401,156899,101,0.0,0.0,0.0,0.0,0.0,0.0,0.0024834224825071595,0.0006289657324365234,0.0010861966983922138,1.0,7,45.88691719981069,0.99,True,0.0008572987649069115,0.5657033783960275
ucr083_enc,ucr_split_w2p,ucr_083,seed0,federated_enc_fedproto_lam1_uniform,ucr_083_p2,none,7e2a56c94276562c,,2026-08-02 19:03:56,0.8025895980346609,0.6702711089843137,1.0,0.003790010152333473,0.921492283709789,0.010980109801098011,64,0.0,1,0.034482758620689655,0.017543859649122806,1.0,0.0027272604533732973,0.47078056584171984,156899,101,0.0,0.0,0.0,0.0,0.0,0.0,0.0032039578635773254,0.003949416663602895,0.0013654922531974151,1.0,7,46.68430949447221,0.99,True,0.0051996172861737385,0.9277067027722651
ucr083_enc,ucr_split_w2p,ucr_083,seed0,federated_enc_fedproto_lam1_uniform,ucr_083_p3,none,7e2a56c94276562c,,2026-08-02 19:03:56,0.7900790396525905,0.6530005393292235,1.0,0.0029821803272230686,0.8979229811648397,0.010946971926313932,64,0.0,1,0.022727272727272724,0.011494252873563218,1.0,0.0024846248462484623,0.5168802860438881,156899,101,0.0,0.0,0.0,0.0,0.0,0.0,0.002918978610531606,0.002840922986269188,0.0012438576829763913,1.0,7,31.747967290578543,0.99,True,0.0052488716744409645,0.910741140567653
ucr083_enc,ucr_split_w2p,ucr_083,seed0,federated_enc_fedproto_lam1_uniform,ucr_083_p4,none,7e2a56c94276562c,,2026-08-02 19:03:56,0.8078097965758932,0.6775846624605463,1.0,0.000959876397215924,0.6825156298126832,0.003361512347733475,64,0.0,1,0.028985507246376812,0.014705882352941176,1.0,0.0025856,0.49664433807736186,156899,101,0.0,0.0,0.0,0.0,0.0,0.0,0.0030375770614245357,0.0008979283451788348,0.0012944734953347688,1.0,7,39.09271163281634,0.99,True,0.001273657067372051,0.697247761317815
ucr083_enc,ucr_split_w2p,ucr_083,seed0,federated_enc_fedprox_mu0.01,ucr_083_p0,none,7e2a56c94276562c,,2026-08-02 19:03:56,0.8019801557924727,0.6694232374375265,0.9999959639276029,0.0011923764998445574,0.7478358247618336,0.004157446523167706,64,0.0,1,0.011494252873563216,0.005780346820809248,1.0,0.003939175738065992,0.2997087298198204,156899,101,0.0,0.0,0.0,0.0,0.0,0.0,0.0043134217638175236,0.0011331631294330805,0.0019738098775388927,0.9207920792079208,7,34.961551242632446,0.99,True,0.00156153164770948,0.7640283054980079
ucr083_enc,ucr_split_w2p,ucr_083,seed0,federated_enc_fedprox_mu0.01,ucr_083_p1,none,7e2a56c94276562c,,2026-08-02 19:03:56,0.718849925897139,0.5610986318988268,0.9999959639276029,0.0008601005021987803,0.6463413210453417,0.0030141958903221622,64,0.0,1,0.01015228426395939,0.00510204081632653,1.0,0.002770702060151048,0.4266247713497218,156899,101,0.0,0.0,0.0,0.0,0.0,0.0,0.00303399355981449,0.0008191174697100485,0.0013874384603908697,0.9207920792079208,7,39.40630892995856,0.99,True,0.0010815349390626637,0.667175145242015
ucr083_enc,ucr_split_w2p,ucr_083,seed0,federated_enc_fedprox_mu0.01,ucr_083_p2,none,7e2a56c94276562c,,2026-08-02 19:03:56,0.8028342424840937,0.67061243394562,1.0,0.003690253599020407,0.9161679276679159,0.013328556073092081,64,0.0,1,0.03278688524590164,0.016666666666666666,1.0,0.0028250167822779144,0.45444521634937124,156899,101,0.0,0.0,0.0,0.0,0.0,0.0,0.0033187705014224335,0.003309129420431005,0.0014145063932887974,1.0,7,37.681181279802,0.99,True,0.004813726231843029,0.9208109132894844
ucr083_enc,ucr_split_w2p,ucr_083,seed0,federated_enc_fedprox_mu0.01,ucr_083_p3,none,7e2a56c94276562c,,2026-08-02 19:03:56,0.8343164727082832,0.7157315456337339,1.0,0.00500942938437951,0.9345527131378394,0.01702127659574468,64,0.0,1,0.01923076923076923,0.009708737864077669,1.0,0.0034552949829801064,0.3713153047501896,156899,101,0.0,0.0,0.0,0.0,0.0,0.0,0.00405896759353033,0.0053059561089212805,0.001730637422892392,1.0,7,31.675794957210552,0.99,True,0.0072213130104552305,0.9456076924079341
ucr083_enc,ucr_split_w2p,ucr_083,seed0,federated_enc_fedprox_mu0.01,ucr_083_p4,none,7e2a56c94276562c,,2026-08-02 19:03:56,0.8429943001117464,0.7285999543417675,1.0,0.002845353123578323,0.8952269161740488,0.009685986564599281,64,0.0,1,0.023529411764705882,0.011904761904761904,1.0,0.0034425167865298747,0.37269836009152385,156899,101,0.0,0.0,0.0,0.0,0.0,0.0,0.004043961783668836,0.0029063612625806717,0.0017242262321388942,1.0,7,40.31924189455719,0.99,True,0.0037202826147114372,0.9027352083216026
ucr083_proto_count,ucr_split,ucr_083,seed0,federated_enc_fedproto_lam1_count,ucr_083_p0,none,7e2a56c94276562c,--fedproto-agg count,2026-08-02 22:51:23,0.5967292090018707,0.4252416659919391,1.0,0.2682426611297762,0.999115468051308,0.4761904761904762,64,0.0,1,0.011976047904191616,0.006024096385542169,1.0,0.06887146266621207,0.01740610201467186,156899,101,0.0,0.0,1.0,1.0,1.0,1.0,0.07463551444038743,0.26444885317176886,0.0356638418079096,1.0,7,46.69338785549065,0.99,True,0.15904174100398455,0.998268295188975
ucr083_proto_count,ucr_split,ucr_083,seed0,federated_enc_fedproto_lam1_count,ucr_083_p1,none,7e2a56c94276562c,--fedproto-agg count,2026-08-02 22:51:23,0.5752239790237808,0.40372941281847136,0.9999999684681845,0.6971541867959113,0.996425587274755,0.7544910179640719,64,0.0,1,0.02094240837696335,0.010582010582010581,1.0,0.040807998367680065,0.02995557651737742,156899,101,1.0,1.0,1.0,1.0,1.0,1.0,0.04240820634456162,0.7128769927051954,0.020833333333333332,0.9900990099009901,7,61.16984270412771,0.99,True,0.12647694551743113,0.9960756094398393
ucr083_proto_count,ucr_split,ucr_083,seed0,federated_enc_fedproto_lam1_count,ucr_083_p2,none,7e2a56c94276562c,--fedproto-agg count,2026-08-02 22:51:23,0.6541426174652835,0.48604155682031175,1.0,0.9979926432249498,0.9999986748112347,0.9711538461538461,64,0.0,1,0.014184397163120567,0.007142857142857143,1.0,0.11896348645465253,0.009534796270212047,156899,101,1.0,1.0,1.0,1.0,1.0,1.0,0.13666328785432724,0.9994005897207623,0.06324358171571696,1.0,7,52.6557239190685,0.99,True,0.21064967810505844,0.998412603027424
ucr083_proto_count,ucr_split,ucr_083,seed0,federated_enc_fedproto_lam1_count,ucr_083_p3,none,7e2a56c94276562c,--fedproto-agg count,2026-08-02 22:51:23,0.754574510737146,0.6058768808271023,1.0,0.9861803761416994,0.9999913547209124,0.9619047619047619,64,0.0,1,0.15384615384615385,0.08333333333333333,1.0,0.5358090185676393,0.0011153672107534146,156899,101,1.0,1.0,1.0,1.0,1.0,1.0,0.5741295647540301,0.9895345669894455,0.36594202898550726,1.0,7,58.66872002935907,0.99,True,0.20805770017245812,0.9984073982626623
ucr083_proto_count,ucr_split,ucr_083,seed0,federated_enc_fedproto_lam1_count,ucr_083_p4,none,7e2a56c94276562c,--fedproto-agg count,2026-08-02 22:51:23,0.6445617921638268,0.4755375703867811,1.0,0.9926879806916409,0.9999948885576198,0.9547738693467337,64,0.0,1,0.07142857142857142,0.037037037037037035,1.0,0.3458904109589041,0.0024346872829017394,156899,101,1.0,1.0,1.0,1.0,1.0,1.0,0.37132921286997456,0.9928065352374866,0.20910973084886128,1.0,7,57.24066382641925,0.99,True,0.20661391761553427,0.9984044991860961
ucr083_proto_count,ucr_split_w2p,ucr_083,seed0,federated_enc_fedproto_lam1_count,ucr_083_p0,none,7e2a56c94276562c,--fedproto-agg count,2026-08-02 22:51:23,0.7891964442448418,0.6517956116775963,1.0,0.0009669962732482352,0.6862223721017727,0.00319746952949064,64,0.0,1,0.022727272727272724,0.011494252873563218,1.0,0.0029519216717813824,0.4348529946016227,156899,101,0.0,0.0,0.0,0.0,0.0,0.0,0.003368042362364994,0.0009300258567049186,0.0014781425163546958,1.0,7,43.082451451979445,0.99,True,0.0012434375291148316,0.7037345495226718
ucr083_proto_count,ucr_split_w2p,ucr_083,seed0,federated_enc_fedproto_lam1_count,ucr_083_p1,none,7e2a56c94276562c,--fedproto-agg count,2026-08-02 22:51:23,0.7218833855792103,0.5648024424644144,1.0,0.0009870009796686123,0.698141561586034,0.002779604279992827,64,0.0,1,0.02631578947368421,0.013333333333333334,1.0,0.0020949358555531357,0.6132671336337389,156899,101,0.0,0.0,0.0,0.0,0.0,0.0,0.002461255685338353,0.0010207918316034025,0.0010485662673117252,1.0,7,38.03737826738709,0.99,True,0.0013655353277735268,0.7262867922769891
ucr083_proto_count,ucr_split_w2p,ucr_083,seed0,federated_enc_fedproto_lam1_count,ucr_083_p2,none,7e2a56c94276562c,--fedproto-agg count,2026-08-02 22:51:23,0.7577443215017616,0.6099745282853511,1.0,0.0012580806181704265,0.764642815246158,0.004103772626617638,64,0.0,1,0.02469135802469136,0.0125,1.0,0.0023727021788923475,0.5413227617766844,156899,101,0.0,0.0,0.0,0.0,0.0,0.0,0.0027875193339726026,0.0012572070178787163,0.0011877601900416304,1.0,7,39.31860716173038,0.99,True,0.0018817156912857068,0.781101996630887
ucr083_proto_count,ucr_split_w2p,ucr_083,seed0,federated_enc_fedproto_lam1_count,ucr_083_p3,none,7e2a56c94276562c,--fedproto-agg count,2026-08-02 22:51:23,0.8345978598867732,0.7161458102399624,1.0,0.0008423908395939834,0.6370944693625508,0.0031195947615517664,64,0.0,1,0.047619047619047616,0.024390243902439025,1.0,0.003056484437652257,0.4199325680852013,156899,101,0.0,0.0,0.0,0.0,0.0,0.0,0.003590615709652009,0.0007902246011453856,0.0015305813178153604,1.0,7,33.99446530147707,0.99,True,0.0010937790039504797,0.6549852254443028
ucr083_proto_count,ucr_split_w2p,ucr_083,seed0,federated_enc_fedproto_lam1_count,ucr_083_p4,none,7e2a56c94276562c,--fedproto-agg count,2026-08-02 22:51:23,0.827918433982239,0.7063658861175991,1.0,0.0017004128901292597,0.8254865225462884,0.005458066787957039,64,0.0,1,0.07142857142857142,0.037037037037037035,1.0,0.0029260520026073733,0.4387089783873702,156899,101,0.0,0.0,0.0,0.0,0.0,0.0,0.003437431906816824,0.0017336649534142505,0.0014651695824992022,1.0,7,40.10089929835019,0.99,True,0.0022808473639091328,0.8410468744398072
ucr083_v1,ucr_split,ucr_083,seed0,centralized,ucr_083_p0,none,7e2a56c94276562c,,2026-08-01 17:42:25,0.9436619003492638,0.8933332052126802,1.0,0.9973279392080143,0.9999982330816463,0.9711538461538461,64,0.0,1,0.25,0.14285714285714285,1.0,0.7345454545454545,0.0004652674650571387,156899,101,1.0,1.0,1.0,1.0,1.0,1.0,0.7825998440186863,0.9977225769157922,0.5804597701149425,1.0,7,90.47735442250962,0.99,True,0.21051138296853084,0.9984123253138987
ucr083_v1,ucr_split,ucr_083,seed0,centralized,ucr_083_p1,none,7e2a56c94276562c,,2026-08-01 17:42:25,0.9756266325604054,0.9524131176886891,1.0,0.9981677686818246,0.9999988010196886,0.9758454106280194,64,0.0,1,0.4,0.25,1.0,0.7952755905511811,0.0003314233997667289,156899,101,1.0,1.0,1.0,1.0,1.0,1.0,0.8397349589154551,0.9983647131155835,0.6601307189542484,1.0,7,98.42575876593583,0.99,True,0.21051138296853084,0.9984123253138987
ucr083_v1,ucr_split,ucr_083,seed0,centralized,ucr_083_p2,none,7e2a56c94276562c,,2026-08-01 17:42:25,0.9592471015554064,0.9216857363443351,1.0,0.9978802955368473,0.9999986117070079,0.9758454106280194,64,0.0,1,0.33333333333333337,0.2,1.0,0.7593984962406015,0.0004079057227898202,156899,101,1.0,1.0,1.0,1.0,1.0,1.0,0.806763200548579,0.9981525671008796,0.6121212121212121,1.0,7,94.3105512285233,0.99,True,0.21059806999363087,0.9984124993915193
ucr083_v1,ucr_split,ucr_083,seed0,centralized,ucr_083_p3,none,7e2a56c94276562c,,2026-08-01 17:42:25,0.9410769686799034,0.8887113990775313,1.0,0.9985431236143971,0.9999990534365963,0.9805825242718447,64,0.0,1,0.2857142857142857,0.16666666666666666,1.0,0.7345454545454545,0.0004652674650571387,156899,101,1.0,1.0,1.0,1.0,1.0,1.0,0.7819920158926652,0.9986059723530559,0.5804597701149425,1.0,7,88.28416183551154,0.99,True,0.21066674760948237,0.9984126373055346
ucr083_v1,ucr_split,ucr_083,seed0,centralized,ucr_083_p4,none,7e2a56c94276562c,,2026-08-01 17:42:25,0.8983798622707775,0.8155078429508509,1.0,0.998737259486449,0.99999917964505,0.9805825242718447,64,0.0,1,0.2857142857142857,0.16666666666666666,1.0,0.6688741721854304,0.0006373526918590941,156899,101,1.0,1.0,1.0,1.0,1.0,1.0,0.7175420765358926,0.9987478998172195,0.5024875621890548,1.0,7,85.74782395482065,0.99,True,0.21066674760948237,0.9984126373055346
ucr083_v1,ucr_split,ucr_083,seed0,federated,ucr_083_p0,none,7e2a56c94276562c,,2026-08-01 17:42:25,,,,0.7521066287010537,0.9849196042683447,0.7831325301204819,64,101.0,1,0.0,0.0,0.0,0.0,0.0,156899,101,1.0,1.0,1.0,1.0,1.0,1.0,0.0,0.7570736589361031,0.0,0.0,7,140.29371874878797,0.99,True,0.13707180467531796,0.9921648165444166
ucr083_v1,ucr_split,ucr_083,seed0,federated,ucr_083_p1,none,7e2a56c94276562c,,2026-08-01 17:42:25,0.030141241587770394,0.02256832111525054,0.04536305732484075,0.0012652609690916269,0.7435127434884483,0.003270218123548841,64,101.0,1,0.0,0.0,0.0,0.0,0.0006755938533706397,156899,101,0.0,0.0,0.0,0.0,0.0,0.0,0.0,0.001609693035768729,0.0,0.0,7,157.6883287844557,0.99,True,0.0018796131757570908,0.788873157222388
ucr083_v1,ucr_split,ucr_083,seed0,federated,ucr_083_p2,none,7e2a56c94276562c,,2026-08-01 17:42:25,0.9999947026269169,1.0,0.9999894053099578,0.9964180360064352,0.9999974127266964,0.9751243781094527,64,10.0,1,1.0,1.0,1.0,0.8651685393258427,0.0,156899,101,1.0,1.0,1.0,1.0,1.0,1.0,0.866583763449487,0.9941444616165704,1.0,0.7623762376237624,7,79.30012038156393,0.99,True,0.19162015988594605,0.9983743948156438
ucr083_v1,ucr_split,ucr_083,seed0,federated,ucr_083_p3,none,7e2a56c94276562c,,2026-08-01 17:42:25,0.8657913272769961,0.7633439490445859,1.0,0.975717498575587,0.9999831511714132,0.9090909090909091,64,0.0,1,0.2857142857142857,0.16666666666666666,1.0,0.8047808764940239,0.0003123028190109561,156899,101,1.0,1.0,1.0,1.0,1.0,1.0,0.813425776126739,0.9786004910427257,0.6733333333333333,1.0,7,63.39736408103181,0.99,True,0.19685252676631046,0.998384899974161
ucr083_v1,ucr_split,ucr_083,seed0,federated,ucr_083_p4,none,7e2a56c94276562c,,2026-08-01 17:42:25,0.7996447524407988,0.6661734133014323,1.0,0.8697316195690161,0.9999213721332617,0.8506787330316742,64,0.0,1,0.19999999999999998,0.1111111111111111,1.0,0.6778523489932886,0.0006118585841847303,156899,101,1.0,1.0,1.0,1.0,1.0,1.0,0.6859254766599381,0.8697972495713189,0.5126903553299492,1.0,7,57.67424676136429,0.99,True,0.19602378517945898,0.9983832360230941
ucr083_v1,ucr_split,ucr_083,seed0,federated_cb_only,ucr_083_p0,none,7e2a56c94276562c,,2026-08-01 17:42:25,0.5426361032041086,0.37238052646025804,0.999713880305228,0.002780826821289439,0.8715272402962895,0.009006473402758234,64,44.0,1,0.013245033112582783,0.006666666666666667,1.0,0.0055996266915538965,0.012976500806251155,156899,101,0.0,0.0,0.0,0.0,0.0,0.0,0.005615922084363382,0.002830961677780326,0.002938295788442703,0.0594059405940594,7,36.663287842637835,0.99,True,0.003026414432828051,0.8829886032235149
ucr083_v1,ucr_split,ucr_083,seed0,federated_cb_only,ucr_083_p1,none,7e2a56c94276562c,,2026-08-01 17:42:25,0.6049421003082952,0.4336322531430286,1.0,0.9962246972278925,0.9999976020393772,0.9758454106280194,64,0.0,1,0.03389830508474576,0.017241379310344827,1.0,0.23352601156069364,0.004225648347025794,156899,101,1.0,1.0,1.0,1.0,1.0,1.0,0.25382460893251146,0.9969294428932278,0.13219895287958114,1.0,7,45.25320679873945,0.99,True,0.20489549886912126,0.9984010487472014
ucr083_v1,ucr_split,ucr_083,seed0,federated_cb_only,ucr_083_p2,none,7e2a56c94276562c,,2026-08-01 17:42:25,0.7657450312417035,0.6204107341063164,1.0,0.9913010305786112,0.9999946361407122,0.9665071770334929,64,0.0,1,0.1111111111111111,0.058823529411764705,1.0,0.42616033755274263,0.0017335993218567359,156899,101,1.0,1.0,1.0,1.0,1.0,1.0,0.46152805423594945,0.9934039944085469,0.2707774798927614,1.0,7,50.46499141286923,0.99,True,0.20980267197038713,0.9984109021705492
ucr083_v1,ucr_split,ucr_083,seed0,federated_cb_only,ucr_083_p3,none,7e2a56c94276562c,,2026-08-01 17:42:25,0.7869302515239641,0.6487098145119642,1.0,1.0,1.0,1.0,64,0.0,1,0.125,0.06666666666666667,1.0,0.5088161209068011,0.0012428377491252335,156899,101,1.0,1.0,1.0,1.0,1.0,1.0,0.554546108146682,0.9997037203720371,0.34121621621621623,1.0,7,41.637539460623536,0.99,True,0.21066674760948237,0.9984126373055346
ucr083_v1,ucr_split,ucr_083,seed0,federated_cb_only,ucr_083_p4,none,7e2a56c94276562c,,2026-08-01 17:42:25,0.8777730718390412,0.7821707444478144,1.0,0.9991181349795288,0.9999994320619576,0.9853658536585366,64,0.0,1,0.2222222222222222,0.125,1.0,0.696551724137931,0.0005608703688360027,156899,101,1.0,1.0,1.0,1.0,1.0,1.0,0.7325245155322583,0.9991062538661011,0.5343915343915344,1.0,7,41.07857857689362,0.99,True,0.21059806999363087,0.9984124993915193
ucr083_v1,ucr_split,ucr_083,seed0,federated_cb_only_ema,ucr_083_p0,none,7e2a56c94276562c,,2026-08-01 17:42:25,0.5841759708333583,0.4126088033158097,0.9999772340291354,0.3149142824695679,0.9985526414514376,0.5217391304347826,64,19.0,1,0.07999999999999999,0.041666666666666664,1.0,0.281786941580756,0.0025430372405177855,156899,101,0.0,0.0,1.0,1.0,1.0,1.0,0.2834024594022957,0.31523348531048,0.1704781704781705,0.8118811881188119,7,32.73910860793377,0.99,True,0.14061499898874874,0.9978062698280605
ucr083_v1,ucr_split,ucr_083,seed0,federated_cb_only_ema,ucr_083_p1,none,7e2a56c94276562c,,2026-08-01 17:42:25,0.6464736632957807,0.47762178375480857,1.0,0.8644419988653774,0.999819585015245,0.8160919540229884,64,0.0,1,0.0909090909090909,0.047619047619047616,1.0,0.4,0.001931178656333055,156899,101,1.0,1.0,1.0,1.0,1.0,1.0,0.4195198759703679,0.8675515579612959,0.25,1.0,7,32.00594905543462,0.99,True,0.19756375534229112,0.9983863280300754
ucr083_v1,ucr_split,ucr_083,seed0,federated_cb_only_ema,ucr_083_p2,none,7e2a56c94276562c,,2026-08-01 17:42:25,0.8096320624757704,0.680152780458513,1.0,0.9910300418552028,0.9999941313068967,0.95,64,0.0,1,0.16666666666666669,0.09090909090909091,1.0,0.507537688442211,0.0012492112760438244,156899,101,1.0,1.0,1.0,1.0,1.0,1.0,0.5483772350435971,0.9931077518778323,0.3400673400673401,1.0,7,40.73810519403863,0.99,True,0.20953210230323918,0.9984103588564514
ucr083_v1,ucr_split,ucr_083,seed0,federated_cb_only_ema,ucr_083_p3,none,7e2a56c94276562c,,2026-08-01 17:42:25,0.8756291024387233,0.7787724711996137,1.0,0.9999029314696175,0.9999999368957732,0.9950738916256158,64,0.0,1,0.2222222222222222,0.125,1.0,0.5343915343915344,0.0011217407376720055,156899,101,1.0,1.0,1.0,1.0,1.0,1.0,0.5966145071302749,0.999608599253824,0.36462093862815886,1.0,7,30.266082101705383,0.99,True,0.21066674760948237,0.9984126373055346
ucr083_v1,ucr_split,ucr_083,seed0,federated_cb_only_ema,ucr_083_p4,none,7e2a56c94276562c,,2026-08-01 17:42:25,0.7174149819854524,0.5593508203425117,1.0,1.0,1.0,1.0,64,0.0,1,0.06451612903225806,0.03333333333333333,1.0,0.3284552845528455,0.0026322666173780587,156899,101,1.0,1.0,1.0,1.0,1.0,1.0,0.3707023447624811,0.9997037203720373,0.19649805447470817,1.0,7,29.63916196412633,0.99,True,0.21066674760948237,0.9984126373055346
ucr083_v1,ucr_split,ucr_083,seed0,federated_fedavg_cb_only,ucr_083_p0,none,7e2a56c94276562c,,2026-08-01 17:42:25,0.6486428144920415,0.47999361045926925,1.0,0.9997097181601271,0.9999998106873192,0.9901960784313726,64,0.0,1,0.04545454545454545,0.023255813953488372,1.0,0.3506944444444444,0.0023836990675530118,156899,101,1.0,1.0,1.0,1.0,1.0,1.0,0.3769304309579192,0.998739749878614,0.21263157894736842,1.0,7,94.7343428881963,0.99,True,0.2054486527354339,0.9984021594234953
ucr083_v1,ucr_split,ucr_083,seed0,federated_fedavg_cb_only,ucr_083_p1,none,7e2a56c94276562c,,2026-08-01 17:42:25,0.532892521270499,0.36322664085386447,1.0,0.9884750247642121,0.9999900295321471,0.9746192893401014,64,0.0,1,0.015384615384615384,0.007751937984496124,1.0,0.11723737666860128,0.00969413444317682,156899,101,1.0,1.0,1.0,1.0,1.0,1.0,0.1240487841230083,0.9862116558798134,0.06226880394574599,1.0,7,108.62816840807591,0.99,True,0.18618891435329032,0.9983634907608757
ucr083_v1,ucr_split,ucr_083,seed0,federated_fedavg_cb_only,ucr_083_p2,none,7e2a56c94276562c,,2026-08-01 17:42:25,0.7890368951930126,0.6515779812455768,1.0,0.9975050647624722,0.9999983592901002,0.9758454106280194,64,0.0,1,0.08333333333333333,0.043478260869565216,1.0,0.519280205655527,0.0011918495337765059,156899,101,1.0,1.0,1.0,1.0,1.0,1.0,0.5535874175899512,0.9974197264304939,0.3506944444444444,1.0,7,106.94825066566467,0.99,True,0.20743237382775553,0.9984061426258684
ucr083_v1,ucr_split,ucr_083,seed0,federated_fedavg_cb_only,ucr_083_p3,none,7e2a56c94276562c,,2026-08-01 17:42:25,0.789146106599348,0.6517269431929987,1.0,0.9989309066409005,0.9999993058535038,0.9853658536585366,64,0.0,1,0.16666666666666669,0.09090909090909091,1.0,0.5821325648414986,0.0009241614031956864,156899,101,1.0,1.0,1.0,1.0,1.0,1.0,0.6160205527529612,0.997999452340954,0.4105691056910569,1.0,7,101.44418969551724,0.99,True,0.20532703063106295,0.9984019152194754
ucr083_v1,ucr_split,ucr_083,seed0,federated_fedavg_cb_only,ucr_083_p4,none,7e2a56c94276562c,,2026-08-01 17:42:25,0.803355904309343,0.6713407162600648,1.0,0.9984506946552952,0.9999989903323694,0.9805825242718447,64,0.0,1,0.16666666666666669,0.09090909090909091,1.0,0.5519125683060109,0.0010452584146489142,156899,101,1.0,1.0,1.0,1.0,1.0,1.0,0.593821622368469,0.9985655314362799,0.38113207547169814,1.0,7,92.81647587915262,0.99,True,0.2103890668606587,0.9984120796908617
ucr083_v1,ucr_split,ucr_083,seed0,federated_fedavg_cb_sharedprior,ucr_083_p0,none,7e2a56c94276562c,,2026-08-01 17:42:25,,,,0.9123317840961627,0.9996018754323822,0.903225806451613,64,101.0,1,0.0,0.0,0.0,0.0,0.0,156899,101,1.0,1.0,1.0,1.0,1.0,1.0,0.0,0.9180069294856588,0.0,0.0,7,178.14457677145788,0.99,True,0.16215077791810673,0.9981828004114115
ucr083_v1,ucr_split,ucr_083,seed0,federated_fedavg_cb_sharedprior,ucr_083_p1,none,7e2a56c94276562c,,2026-08-01 17:42:25,0.9999693271087496,0.9999493127723768,0.9999893422463266,0.9559335157502843,0.9999414392774212,0.9047619047619048,64,13.0,1,1.0,1.0,1.0,0.8979591836734694,4.4614688430136584e-05,156899,101,1.0,1.0,1.0,1.0,1.0,1.0,0.9081256118683636,0.958796437654355,0.9263157894736842,0.8712871287128713,7,107.36787712256108,0.99,True,0.1897442062304444,0.9983706287768255
ucr083_v1,ucr_split,ucr_083,seed0,federated_fedavg_cb_sharedprior,ucr_083_p2,none,7e2a56c94276562c,,2026-08-01 17:42:25,0.9999862771840943,0.9999732484076433,0.9999993063000567,0.9969632762845643,0.9999979806647387,0.9693877551020408,64,3.0,1,1.0,1.0,1.0,0.9552238805970149,2.5494107674363763e-05,156899,101,1.0,1.0,1.0,1.0,1.0,1.0,0.9607904503498345,0.9936193694113375,0.96,0.9504950495049505,7,119.5177727790674,0.99,True,0.19428226354408565,0.998379739548001
ucr083_v1,ucr_split,ucr_083,seed0,federated_fedavg_cb_sharedprior,ucr_083_p3,none,7e2a56c94276562c,,2026-08-01 17:42:25,0.999965112852636,0.9999464968152866,0.9999837295831493,0.9248496553960278,0.9988265769004833,0.9035532994923858,64,16.0,1,1.0,1.0,1.0,0.8691099476439791,4.4614688430136584e-05,156899,101,1.0,1.0,1.0,1.0,1.0,1.0,0.8800743232118657,0.9283759020420901,0.9222222222222223,0.8217821782178217,7,140.77103722045823,0.99,True,0.17402634407145204,0.9982000860156753
ucr083_v1,ucr_split,ucr_083,seed0,federated_fedavg_cb_sharedprior,ucr_083_p4,none,7e2a56c94276562c,,2026-08-01 17:42:25,0.9915837209238308,0.983307926992453,1.0,0.9977823265562757,0.9999985486027809,0.9758454106280194,64,0.0,1,0.5,0.3333333333333333,1.0,0.9181818181818182,0.00011472348453463693,156899,101,1.0,1.0,1.0,1.0,1.0,1.0,0.9377789158344371,0.9971881110545243,0.8487394957983193,1.0,7,88.73180756131809,0.99,True,0.1958187835443621,0.9983828244939951
ucr083_v1,ucr_split,ucr_083,seed0,federated_shared,ucr_083_p0,none,7e2a56c94276562c,,2026-08-01 17:42:25,0.10413976713454444,0.09271815286624202,0.11877070063694263,0.001664087570918723,0.8219166533253813,0.004414786999213457,64,101.0,1,0.0,0.0,0.0,0.0,0.0002039528613949101,156899,101,0.0,0.0,0.0,0.0,0.0,0.0,0.0,0.0017885478343577959,0.0,0.0,7,119.95976436475904,0.99,True,0.0018739624237046405,0.8353807485105288
ucr083_v1,ucr_split,ucr_083,seed0,federated_shared,ucr_083_p1,none,7e2a56c94276562c,,2026-08-01 17:42:25,,,,0.3282697876602482,0.9891087783722126,0.3909774436090226,64,101.0,1,0.0,0.0,0.0,0.0,0.0,156899,101,1.0,1.0,1.0,1.0,1.0,1.0,0.0,0.349123344911511,0.0,0.0,7,126.94572379678478,0.99,True,0.08538429442881287,0.9934810051625839
ucr083_v1,ucr_split,ucr_083,seed0,federated_shared,ucr_083_p2,none,7e2a56c94276562c,,2026-08-01 17:42:25,0.5485882472668527,0.37797474192839886,0.9999578734943557,0.45669703713969584,0.9971553876590471,0.4555555555555556,64,21.0,1,0.13333333333333333,0.07142857142857142,1.0,0.34806629834254144,0.0012619583298810063,156899,101,1.0,1.0,1.0,1.0,1.0,1.0,0.36081103379761126,0.49841132955494916,0.2413793103448276,0.6237623762376238,7,70.74910649955272,0.99,True,0.12516444128346166,0.9964249314588288
ucr083_v1,ucr_split,ucr_083,seed0,federated_shared,ucr_083_p3,none,7e2a56c94276562c,,2026-08-01 17:42:25,0.22115721153596613,0.12433096223286373,0.9997082676420508,0.008598089013377571,0.9440592387143927,0.0288135593220339,64,45.0,1,0.09523809523809523,0.05,1.0,0.01953125,0.002587651928947922,156899,101,0.0,0.0,0.0,0.0,0.0,0.0,0.019740828332975,0.009239237324932679,0.012165450121654502,0.04950495049504951,7,84.99305718898776,0.99,True,0.00978181965848434,0.9567566320004327
ucr083_v1,ucr_split,ucr_083,seed0,federated_shared,ucr_083_p4,none,7e2a56c94276562c,,2026-08-01 17:42:25,0.5650415870582858,0.39377436505609886,0.999962918584852,0.1056586737840203,0.9968687051561643,0.21965317919075145,64,23.0,1,0.2857142857142857,0.16666666666666666,1.0,0.2141623488773748,0.0026513871981338312,156899,101,0.0,0.0,0.0,0.0,1.0,1.0,0.21498259059857994,0.10320038228783152,0.1297071129707113,0.6138613861386139,7,76.3119509512186,0.99,True,0.10738768931287182,0.9969839688142801
ucr083_v1,ucr_split,ucr_083,seed0,local,ucr_083_p0,none,7e2a56c94276562c,,2026-08-01 17:42:25,0.6289139217221569,0.4586976205841914,1.0,0.996567754259263,0.9999977282478311,0.9711538461538461,64,0.0,1,0.05882352941176471,0.030303030303030304,1.0,0.36396396396396397,0.0022498550022626023,156899,101,1.0,1.0,1.0,1.0,1.0,1.0,0.39346285547327664,0.9970819829590264,0.22246696035242292,1.0,7,99.29730400661616,0.99,True,0.20762151316208116,0.9984065223982146
ucr083_v1,ucr_split,ucr_083,seed0,local,ucr_083_p1,none,7e2a56c94276562c,,2026-08-01 17:42:25,0.5538648755940155,0.3829966275257448,1.0,0.791855386791516,0.9995457757746532,0.7544910179640719,64,0.0,1,0.0091324200913242,0.0045871559633027525,1.0,0.05566271700192891,0.021842076750011152,156899,101,1.0,1.0,1.0,1.0,1.0,1.0,0.06123837459715066,0.801869824313953,0.0286281179138322,1.0,7,83.64460956672816,0.99,True,0.1767057724439539,0.9983425013257895
ucr083_v1,ucr_split,ucr_083,seed0,local,ucr_083_p2,none,7e2a56c94276562c,,2026-08-01 17:42:25,0.9869921018976769,0.9743182691335558,1.0,0.9941020361400712,0.9999962768506119,0.966183574879227,64,0.0,1,0.4,0.25,1.0,0.8898678414096917,0.00015933817296477352,156899,101,1.0,1.0,1.0,1.0,1.0,1.0,0.914938842280836,0.995412515254518,0.8015873015873016,1.0,7,106.37278472781185,0.99,True,0.2026413092382291,0.998396522644061
ucr083_v1,ucr_split,ucr_083,seed0,local,ucr_083_p3,none,7e2a56c94276562c,,2026-08-01 17:42:25,0.686114816088975,0.5222030238948474,1.0,0.9798434695316443,0.999987820884205,0.9528301886792453,64,0.0,1,0.04081632653061225,0.020833333333333332,1.0,0.3344370860927152,0.002562157821273558,156899,101,1.0,1.0,1.0,1.0,1.0,1.0,0.3620218433830463,0.9849576335571688,0.20079522862823063,1.0,7,82.39138018985591,0.99,True,0.20778001942363453,0.9984068406771297
ucr083_v1,ucr_split,ucr_083,seed0,local,ucr_083_p4,none,7e2a56c94276562c,,2026-08-01 17:42:25,0.8874962329513696,0.7977467216185837,1.0,0.9959071748098951,0.9999972865182425,0.9665071770334929,64,0.0,1,0.19999999999999998,0.1111111111111111,1.0,0.7013888888888888,0.0005481233149988209,156899,101,1.0,1.0,1.0,1.0,1.0,1.0,0.73997170539999,0.9966463197636487,0.5401069518716578,1.0,7,97.86983996669453,0.99,True,0.20805770017245812,0.9984073982626623
ucr083_v1,ucr_split_w2p,ucr_083,seed0,centralized,ucr_083_p0,none,7e2a56c94276562c,,2026-08-01 17:42:25,0.8397926466141917,0.7238297914277503,1.0,0.9324616372338508,0.9999505262860973,0.8782608695652173,64,0.0,1,0.014492753623188404,0.0072992700729927005,1.0,0.0038311269582369228,0.3347631278720706,156899,101,1.0,1.0,1.0,1.0,1.0,1.0,0.004500301954281537,0.9471639497536513,0.0019192399049881236,1.0,7,65.1597411930561,0.99,True,0.21066674760948237,0.9984126373055346
ucr083_v1,ucr_split_w2p,ucr_083,seed0,centralized,ucr_083_p1,none,7e2a56c94276562c,,2026-08-01 17:42:25,0.8300430564269113,0.7094646183234157,1.0,0.9324616372338508,0.9999505262860973,0.8782608695652173,64,0.0,1,0.015873015873015872,0.008,1.0,0.0034986836635721216,0.3666944977342112,156899,101,1.0,1.0,1.0,1.0,1.0,1.0,0.004109919921288057,0.9472248730932685,0.0017524073913420665,1.0,7,67.567423440516,0.99,True,0.21066674760948237,0.9984126373055346
ucr083_v1,ucr_split_w2p,ucr_083,seed0,centralized,ucr_083_p2,none,7e2a56c94276562c,,2026-08-01 17:42:25,0.8430959331404628,0.728751810363223,1.0,0.9800773829115971,0.9999884519264742,0.9528301886792453,64,0.0,1,0.013071895424836602,0.006578947368421052,1.0,0.00471466915626094,0.2717863083894735,156899,101,1.0,1.0,1.0,1.0,1.0,1.0,0.005537710703504801,0.9860477362118517,0.0023629047351675088,1.0,7,70.97556009671825,0.99,True,0.21066674760948237,0.9984126373055346
ucr083_v1,ucr_split_w2p,ucr_083,seed0,centralized,ucr_083_p3,none,7e2a56c94276562c,,2026-08-01 17:42:25,0.848092379343935,0.7362503417252391,1.0,0.9324616372338508,0.9999505262860973,0.8782608695652173,64,0.0,1,0.012987012987012988,0.006535947712418301,1.0,0.005464037436771349,0.23433546421583312,156899,101,1.0,1.0,1.0,1.0,1.0,1.0,0.006417444494101468,0.9469346765683523,0.002739503092112401,1.0,7,67.46799384554227,0.99,True,0.21066674760948237,0.9984126373055346
ucr083_v1,ucr_split_w2p,ucr_083,seed0,centralized,ucr_083_p4,none,7e2a56c94276562c,,2026-08-01 17:42:25,0.8429066480363124,0.7284690095279062,1.0,0.9324616372338508,0.9999505262860973,0.8782608695652173,64,0.0,1,0.012658227848101266,0.006369426751592357,1.0,0.004853552464018838,0.263972364387281,156899,101,1.0,1.0,1.0,1.0,1.0,1.0,0.005700764506244502,0.946738282930433,0.0024326798015318657,1.0,7,65.47436727086703,0.99,True,0.21066674760948237,0.9984126373055346
ucr083_v1,ucr_split_w2p,ucr_083,seed0,federated,ucr_083_p0,none,7e2a56c94276562c,,2026-08-01 17:42:25,0.6577721476814781,0.4941876152877612,0.9832420382165605,0.0009337209192073287,0.6724537239350357,0.0030492803042722716,64,101.0,1,0.0,0.0,0.0,0.0,0.014283073824562297,156899,101,0.0,0.0,0.0,0.0,0.0,0.0,0.0,0.0009762595209925093,0.0,0.0,7,74.07308533415198,0.99,True,0.00116633147927224,0.7006181011467307
ucr083_v1,ucr_split_w2p,ucr_083,seed0,federated,ucr_083_p1,none,7e2a56c94276562c,,2026-08-01 17:42:25,0.49662249381701784,0.33211381092074893,0.9840700636942674,0.0013089142215138233,0.7716766647952057,0.004343054615079272,64,101.0,1,0.0,0.0,0.0,0.0,0.05827315661667697,156899,101,0.0,0.0,0.0,0.0,0.0,0.0,0.0,0.0011966870603897937,0.0,0.0,7,83.44698492858636,0.99,True,0.0017907287335598263,0.781968737752523
ucr083_v1,ucr_split_w2p,ucr_083,seed0,federated,ucr_083_p2,none,7e2a56c94276562c,,2026-08-01 17:42:25,0.6834284473262979,0.5190970790295347,1.0,0.047968114479191276,0.9935238025042156,0.16847826086956522,64,0.0,1,0.013888888888888888,0.006993006993006993,1.0,0.0015716297489282575,0.8178955888820196,156899,101,0.0,0.0,0.0,0.0,0.0,0.0,0.0018465353029816665,0.0467254834370264,0.0007864328651072974,1.0,7,55.13261664907137,0.99,True,0.07427383265257365,0.9937121725639311
ucr083_v1,ucr_split_w2p,ucr_083,seed0,federated,ucr_083_p3,none,7e2a56c94276562c,,2026-08-01 17:42:25,0.8682536751992354,0.7672689787565413,0.9998496563032099,0.0023733819496755413,0.8680671724302176,0.008077346713988496,64,28.0,1,0.026666666666666665,0.013513513513513514,1.0,0.008034083992696287,0.05150447102913339,156899,101,0.0,0.0,0.0,0.0,0.0,0.0,0.00805097550141055,0.0023726351120962733,0.00406704461424698,0.32673267326732675,7,60.82281056512147,0.99,True,0.003388373658006558,0.8735340990241535
ucr083_v1,ucr_split_w2p,ucr_083,seed0,federated,ucr_083_p4,none,7e2a56c94276562c,,2026-08-01 17:42:25,0.6686625872904003,0.5022487769869752,1.0,0.0013791315181664405,0.7789503104065371,0.0045662100456621,64,0.0,1,1.0,1.0,1.0,0.0012946726144695687,0.9931357115086775,156899,101,0.0,0.0,0.0,0.0,0.0,0.0,0.0015211731379699324,0.001265237761150406,0.0006477556229677469,1.0,7,31.4387163768212,0.99,True,0.0018262904428306762,0.7912496969745654
ucr083_v1,ucr_split_w2p,ucr_083,seed0,federated_cb_only,ucr_083_p0,none,7e2a56c94276562c,,2026-08-01 17:42:25,0.8230039368232306,0.6992410277073512,1.0,0.0011730862634688965,0.7406625779755269,0.004005426707151625,64,0.0,1,0.01680672268907563,0.00847457627118644,1.0,0.0034081897788051088,0.3764651145004111,156899,101,0.0,0.0,0.0,0.0,0.0,0.0,0.0038884953615350103,0.00116442219111812,0.0017070037858301784,1.0,7,38.41050897306564,0.99,True,0.0014999332671536394,0.7513133576774274
ucr083_v1,ucr_split_w2p,ucr_083,seed0,federated_cb_only,ucr_083_p1,none,7e2a56c94276562c,,2026-08-01 17:42:25,0.7487933742339601,0.5984570084701383,1.0,0.0018355607943158067,0.8351350326334044,0.005999806457856198,64,0.0,1,0.02197802197802198,0.011111111111111112,1.0,0.002199956436506208,0.5839297892274649,156899,101,0.0,0.0,0.0,0.0,0.0,0.0,0.002584614608180796,0.0017874731791651507,0.0011011895027202652,1.0,7,28.653143805367137,0.99,True,0.0024185649168884118,0.8448505490059418
ucr083_v1,ucr_split_w2p,ucr_083,seed0,federated_cb_only,ucr_083_p2,none,7e2a56c94276562c,,2026-08-01 17:42:25,0.8404034116944075,0.7247377408400352,1.0,0.0014851294315864343,0.7979605218694324,0.00506577334749571,64,0.0,1,0.03389830508474576,0.017241379310344827,1.0,0.00325056724007531,0.39478263086444143,156899,101,0.0,0.0,0.0,0.0,0.0,0.0,0.003818545478676352,0.0014529025904183347,0.0016279294671351665,1.0,7,42.84856980560472,0.99,True,0.001968675477719995,0.8136986097245711
ucr083_v1,ucr_split_w2p,ucr_083,seed0,federated_cb_only,ucr_083_p3,none,7e2a56c94276562c,,2026-08-01 17:42:25,0.8382382797958655,0.7215234115723641,1.0,0.015511147136958812,0.9800884708640528,0.05358615004122012,64,0.0,1,0.015748031496062992,0.007936507936507936,1.0,0.0034965034965034965,0.36692394470328044,156899,101,0.0,0.0,0.0,0.0,0.0,0.0,0.004107359710762031,0.01657156697053619,0.0017513134851138354,1.0,7,47.08488058370457,0.99,True,0.027193070003782585,0.9813532109888343
ucr083_v1,ucr_split_w2p,ucr_083,seed0,federated_cb_only,ucr_083_p4,none,7e2a56c94276562c,,2026-08-01 17:42:25,0.8260457500989901,0.703643902791479,1.0,0.0025828006440327058,0.8838195019700824,0.008461468474206169,64,0.0,1,0.04166666666666667,0.02127659574468085,1.0,0.0029166305697536747,0.440130274890216,156899,101,0.0,0.0,0.0,0.0,0.0,0.0,0.0034263669452012256,0.00269816842996585,0.001460445074251341,1.0,7,39.17270091598408,0.99,True,0.003948506046698875,0.8987101816315
ucr083_v1,ucr_split_w2p,ucr_083,seed0,federated_cb_only_ema,ucr_083_p0,none,7e2a56c94276562c,,2026-08-01 17:42:25,0.8071952272141395,0.6767217348572265,0.999996909882071,0.002064509742293921,0.8545126369054091,0.005906549941989242,64,0.0,1,0.01129943502824859,0.005681818181818182,1.0,0.00538250114521301,0.22137171046341914,156899,101,0.0,0.0,0.0,0.0,0.0,0.0,0.005888148365965405,0.0020699531773264363,0.002699055330634278,0.9306930693069307,7,24.16108415968087,0.99,True,0.0030231240191630994,0.866807632664471
ucr083_v1,ucr_split_w2p,ucr_083,seed0,federated_cb_only_ema,ucr_083_p1,none,7e2a56c94276562c,,2026-08-01 17:42:25,0.7145691994643,0.5558998605118595,0.9999959639276029,0.0006730836851781897,0.5566457301566077,0.0021999858065431836,64,0.0,1,0.015267175572519085,0.007692307692307693,1.0,0.0020316766794101584,0.582259925174794,156899,101,0.0,0.0,0.0,0.0,0.0,0.0,0.0022247675786898537,0.0006412494112148847,0.0010169602729390153,0.9207920792079208,7,9.207920045247521,0.99,True,0.0008381010705965031,0.5803259845077621
ucr083_v1,ucr_split_w2p,ucr_083,seed0,federated_cb_only_ema,ucr_083_p2,none,7e2a56c94276562c,,2026-08-01 17:42:25,0.7992201661484691,0.6655842675046855,1.0,0.00115706419909322,0.7413754664270054,0.003910191725529768,64,0.0,1,0.031746031746031744,0.016129032258064516,1.0,0.002737795126182538,0.46896411066992144,156899,101,0.0,0.0,0.0,0.0,0.0,0.0,0.003216330704348967,0.0011173344224551763,0.0013707740122962501,1.0,7,21.969798299180823,0.99,True,0.0015297667160402934,0.7589486097068076
ucr083_v1,ucr_split_w2p,ucr_083,seed0,federated_cb_only_ema,ucr_083_p3,none,7e2a56c94276562c,,2026-08-01 17:42:25,0.8429488292746649,0.7285320222667724,1.0,0.0027818514555921466,0.8925488358879291,0.008866854173618726,64,0.0,1,0.011976047904191616,0.006024096385542169,1.0,0.00386033978634357,0.3322200906315528,156899,101,0.0,0.0,0.0,0.0,0.0,0.0,0.004534604873763729,0.0025796638852755398,0.0019339026538505726,1.0,7,22.906191184780354,0.99,True,0.003641235800733507,0.8961294909273636
ucr083_v1,ucr_split_w2p,ucr_083,seed0,federated_cb_only_ema,ucr_083_p4,none,7e2a56c94276562c,,2026-08-01 17:42:25,0.8450186302932219,0.7316296630029208,1.0,0.001293282967777388,0.7673020904726563,0.004285220596705448,64,0.0,1,0.01785714285714286,0.009009009009009009,1.0,0.0036272872560110616,0.35364788813185555,156899,101,0.0,0.0,0.0,0.0,0.0,0.0,0.004138401386891652,0.0012350401305700055,0.001816938907677916,1.0,7,26.743899854314147,0.99,True,0.0016665734734979767,0.7791554952168345
ucr083_v1,ucr_split_w2p,ucr_083,seed0,federated_fedavg_cb_only,ucr_083_p0,none,7e2a56c94276562c,,2026-08-01 17:42:25,0.66809609844459,0.5016098366138735,1.0,0.981122580506133,0.9999899033236933,0.9805825242718447,64,0.0,1,0.06451612903225806,0.03333333333333333,1.0,0.0013212199700436264,0.973154704618895,156899,101,1.0,1.0,1.0,1.0,1.0,1.0,0.0015523610273991489,0.9900558807968375,0.0006610466790585648,1.0,7,58.40489174206645,0.99,True,0.21066674760948237,0.9984126373055346
ucr083_v1,ucr_split_w2p,ucr_083,seed0,federated_fedavg_cb_only,ucr_083_p1,none,7e2a56c94276562c,,2026-08-01 17:42:25,0.7300805151825004,0.5749029949622518,1.0,0.9968769134493239,0.9999979806647387,0.9805825242718447,64,0.0,1,0.012578616352201257,0.006329113924050633,1.0,0.0020721561708195277,0.6200230721674453,156899,101,1.0,1.0,1.0,1.0,1.0,1.0,0.0024344979668689116,0.9976241870443104,0.0010371526565484382,1.0,7,66.45808354128077,0.99,True,0.21066674760948237,0.9984126373055346
ucr083_v1,ucr_split_w2p,ucr_083,seed0,federated_fedavg_cb_only,ucr_083_p2,none,7e2a56c94276562c,,2026-08-01 17:42:25,0.837495811518603,0.7204239088485701,1.0,0.9834701260214584,0.9999909129913239,0.9805825242718447,64,0.0,1,0.011834319526627219,0.005952380952380952,1.0,0.004923106919158685,0.2602247305591495,156899,101,1.0,1.0,1.0,1.0,1.0,1.0,0.0057824222407491235,0.9869500595273062,0.0024676276569753236,1.0,7,87.87515139579773,0.99,True,0.21066674760948237,0.9984126373055346
ucr083_v1,ucr_split_w2p,ucr_083,seed0,federated_fedavg_cb_only,ucr_083_p3,none,7e2a56c94276562c,,2026-08-01 17:42:25,0.8142229312398639,0.6866576801752676,1.0,0.9483973318157926,0.9999647247371536,0.9017857142857143,64,0.0,1,0.018691588785046728,0.009433962264150943,1.0,0.0028842309669312926,0.44508887883287973,156899,101,1.0,1.0,1.0,1.0,1.0,1.0,0.0033883152203070463,0.9591762407847468,0.001444198184028026,1.0,7,75.11110666192447,0.99,True,0.21066674760948237,0.9984126373055346
ucr083_v1,ucr_split_w2p,ucr_083,seed0,federated_fedavg_cb_only,ucr_083_p4,none,7e2a56c94276562c,,2026-08-01 17:42:25,0.8697040441296633,0.769448072084788,1.0,0.875144672159319,0.9999745058923256,0.9805825242718447,64,0.0,1,0.016666666666666666,0.008403361344537815,1.0,0.014013180714533472,0.09058693809393303,156899,101,1.0,1.0,1.0,1.0,1.0,1.0,0.01644509971066737,0.8822499659116647,0.007056029062456336,1.0,7,87.47135196129481,0.99,True,0.20844708253301977,0.9984087830711554
ucr083_v1,ucr_split_w2p,ucr_083,seed0,federated_fedavg_cb_sharedprior,ucr_083_p0,none,7e2a56c94276562c,,2026-08-01 17:42:25,0.6554791439584164,0.5195666067831672,0.887687898089172,0.01578794502008003,0.9804799063836174,0.04816598740274175,64,101.0,1,0.0,0.0,0.0,0.0,0.00074570264947514,156899,101,0.0,0.0,0.0,0.0,0.0,0.0,0.0,0.015288478102633014,0.0,0.0,7,136.6767702102661,0.99,True,0.018580034343769522,0.9805950616028027
ucr083_v1,ucr_split_w2p,ucr_083,seed0,federated_fedavg_cb_sharedprior,ucr_083_p1,none,7e2a56c94276562c,,2026-08-01 17:42:25,,,,0.004251369655920217,0.9219808997388053,0.01462152738724553,64,101.0,1,0.0,0.0,0.0,0.0,0.0,156899,101,0.0,0.0,0.0,0.0,0.0,0.0,0.0,0.004278605151910904,0.0,0.0,7,148.18726682662964,0.99,True,0.005680047770015471,0.9243745797656185
ucr083_v1,ucr_split_w2p,ucr_083,seed0,federated_fedavg_cb_sharedprior,ucr_083_p2,none,7e2a56c94276562c,,2026-08-01 17:42:25,0.8361732171637053,0.7184687871900628,1.0,0.0743777790298729,0.9961536080567438,0.21208665906499433,64,0.0,1,0.013986013986013986,0.007042253521126761,1.0,0.011794931682821442,0.10786556957023308,156899,101,0.0,0.0,0.0,0.0,0.0,0.0,0.013834106707966072,0.06918502715871327,0.005932452276064611,1.0,7,117.92049443721771,0.99,True,0.0950917712444465,0.9967299782521755
ucr083_v1,ucr_split_w2p,ucr_083,seed0,federated_fedavg_cb_sharedprior,ucr_083_p3,none,7e2a56c94276562c,,2026-08-01 17:42:25,0.890031654014613,0.8018850184486632,0.9999504950495048,0.08593370325301386,0.9948388314889335,0.2789699570815451,64,28.0,1,0.09523809523809523,0.05,1.0,0.08748481166464156,0.009388205151084456,156899,101,0.0,0.0,0.0,0.0,1.0,1.0,0.0875340109114178,0.08798118176578348,0.04660194174757282,0.7128712871287128,7,115.37539064884186,0.99,True,0.08270865977426528,0.9946437890651977
ucr083_v1,ucr_split_w2p,ucr_083,seed0,federated_fedavg_cb_sharedprior,ucr_083_p4,none,7e2a56c94276562c,,2026-08-01 17:42:25,0.8230010330652596,0.6992368355331714,1.0,0.03794920321597585,0.9859255487496245,0.15312131919905772,64,0.0,1,0.01,0.005025125628140704,1.0,0.008444110024245464,0.15118005850897712,156899,101,0.0,0.0,0.0,0.0,0.0,0.0,0.009630466103160734,0.03887383812889009,0.0042399563410436165,1.0,7,121.69370476404826,0.99,True,0.038788977835676544,0.9869254031165401
ucr083_v1,ucr_split_w2p,ucr_083,seed0,federated_shared,ucr_083_p0,none,7e2a56c94276562c,,2026-08-01 17:42:25,,,,0.001348453586793961,0.7579651259538283,0.005486430880768101,64,101.0,1,0.0,0.0,0.0,0.0,0.0,156899,101,0.0,0.0,0.0,0.0,0.0,0.0,0.0,0.001601159870741332,0.0,0.0,7,112.85915248095989,0.99,True,0.002401126910234586,0.7921360224269919
ucr083_v1,ucr_split_w2p,ucr_083,seed0,federated_shared,ucr_083_p1,none,7e2a56c94276562c,,2026-08-01 17:42:25,0.7514689206505204,0.6255656115949564,0.9408216560509555,0.0006420043481030294,0.5271543483324298,0.0020709240216934418,64,101.0,1,0.0,0.0,0.0,0.0,0.0006246056380219122,156899,101,0.0,0.0,0.0,0.0,0.0,0.0,0.0,0.0005832863343142053,0.0,0.0,7,77.538132528464,0.99,True,0.000751559238622504,0.5452841669661873
ucr083_v1,ucr_split_w2p,ucr_083,seed0,federated_shared,ucr_083_p2,none,7e2a56c94276562c,,2026-08-01 17:42:25,0.6962561648280345,0.5340436871451802,1.0,0.25091955729414306,0.999110167296247,0.5758513931888545,64,0.0,1,0.011976047904191616,0.006024096385542169,1.0,0.0017535331087884995,0.7329173544764467,156899,101,0.0,0.0,1.0,1.0,1.0,1.0,0.002060221501605209,0.24548318446862938,0.0008775359485642296,1.0,7,71.22541507085164,0.99,True,0.2016274233262716,0.9983912756815565
ucr083_v1,ucr_split_w2p,ucr_083,seed0,federated_shared,ucr_083_p3,none,7e2a56c94276562c,,2026-08-01 17:42:25,0.7081308375660889,0.5481443927587482,1.0,0.8249512317480624,0.9998104349023421,0.7831325301204819,64,0.0,1,0.008230452674897118,0.004132231404958678,1.0,0.0017287120239623448,0.7434591679997961,156899,101,1.0,1.0,1.0,1.0,1.0,1.0,0.002031064014233127,0.8561156031180218,0.0008651037696254357,1.0,7,69.65324155489604,0.99,True,0.2095321023032392,0.9984103588564514
ucr083_v1,ucr_split_w2p,ucr_083,seed0,federated_shared,ucr_083_p4,none,7e2a56c94276562c,,2026-08-01 17:42:25,0.6787341580431417,0.5136999205533868,1.0,0.005606789920446302,0.9437426448079514,0.01695997082155558,64,0.0,1,0.018691588785046728,0.009433962264150943,1.0,0.0014003369127423726,0.9181001790961064,156899,101,0.0,0.0,0.0,0.0,0.0,0.0,0.0016453068552907855,0.00587884823346394,0.0007006590357266736,1.0,7,89.40350491801898,0.99,True,0.00812066728112404,0.9515431085867063
ucr083_v1,ucr_split_w2p,ucr_083,seed0,local,ucr_083_p0,none,7e2a56c94276562c,,2026-08-01 17:42:25,0.7297415979176402,0.5744827955645562,1.0,0.9324616372338508,0.9999505262860973,0.8782608695652173,64,0.0,1,0.011695906432748537,0.0058823529411764705,1.0,0.0020792802808057725,0.6178943141766359,156899,101,1.0,1.0,1.0,1.0,1.0,1.0,0.002442866177939069,0.9473078035576259,0.001040722116890611,1.0,7,46.07382161493867,0.99,True,0.21066674760948237,0.9984126373055346
ucr083_v1,ucr_split_w2p,ucr_083,seed0,local,ucr_083_p1,none,7e2a56c94276562c,,2026-08-01 17:42:25,0.678647249496256,0.513600360870731,1.0,0.9293278397733391,0.999950021452282,0.9393939393939394,64,0.0,1,0.020618556701030924,0.010416666666666666,1.0,0.0015156631026073907,0.8481443476376522,156899,101,1.0,1.0,1.0,1.0,1.0,1.0,0.0017807884832351656,0.9650830758344571,0.0007584062955231502,1.0,7,44.75759733272153,0.99,True,0.21066674760948237,0.9984126373055346
ucr083_v1,ucr_split_w2p,ucr_083,seed0,local,ucr_083_p2,none,7e2a56c94276562c,,2026-08-01 17:42:25,0.7852587137733034,0.6464411168673799,1.0,0.9628799325048262,0.9999737486416027,0.9393939393939394,64,0.0,1,0.024096385542168676,0.012195121951219513,1.0,0.0025967014179018137,0.4945155800865525,156899,101,1.0,1.0,1.0,1.0,1.0,1.0,0.00305061588378688,0.9879589690270767,0.0013000386150083666,1.0,7,61.9756990155826,0.99,True,0.21066674760948237,0.9984126373055346
ucr083_v1,ucr_split_w2p,ucr_083,seed0,local,ucr_083_p3,none,7e2a56c94276562c,,2026-08-01 17:42:25,0.7632266669825206,0.6171111929785874,1.0,0.9400114907725918,0.9999575939595119,0.8938053097345133,64,0.0,1,0.015503875968992248,0.0078125,1.0,0.0022724715941050736,0.5652553553559934,156899,101,1.0,1.0,1.0,1.0,1.0,1.0,0.002669790697760037,0.9525301875287053,0.0011375282974242305,1.0,7,55.97741270686189,0.99,True,0.21066674760948237,0.9984126373055346
ucr083_v1,ucr_split_w2p,ucr_083,seed0,local,ucr_083_p4,none,7e2a56c94276562c,,2026-08-01 17:42:25,0.8091037843716202,0.6794074695624878,1.0,0.9834701260214584,0.9999909129913239,0.9805825242718447,64,0.0,1,0.02150537634408602,0.010869565217391304,1.0,0.002756174102878974,0.4658283354259747,156899,101,1.0,1.0,1.0,1.0,1.0,1.0,0.003237916522741276,0.9853109497072858,0.0013799887961305662,1.0,7,62.81119850774606,0.99,True,0.21066674760948237,0.9984126373055346
ucr086_abl_fidelity_znorm,ucr_split_w2p,ucr_086,seed0,centralized,ucr_086_p0,zscore,,,,0.5185678742570898,0.3500449769151846,1.0,0.9657668529722339,0.9998539041044144,0.9045045045045046,64,0.0,1,0.009523809523809525,0.004784688995215311,1.0,0.04201891688289947,0.19155132303469513,59749,251,1.0,1.0,1.0,1.0,1.0,1.0,0.043764727775172846,0.9766529244232371,0.02146032831737346,1.0,7,52.00735540861225,0.99,True,0.870996815795918,0.9996073077230543
ucr086_abl_fidelity_znorm,ucr_split_w2p,ucr_086,seed0,centralized,ucr_086_p1,zscore,,,,0.5468402050095044,0.37631113033448665,1.0,0.9657668529722339,0.9998539041044144,0.9045045045045046,64,0.0,1,0.02469135802469136,0.0125,1.0,0.13498252218338264,0.05384190530385446,59749,251,1.0,1.0,1.0,1.0,1.0,1.0,0.14030877662146965,0.9766529244232371,0.0723760092272203,1.0,7,58.61228283199792,0.99,True,0.870996815795918,0.9996073077230543
ucr086_abl_fidelity_znorm,ucr_split_w2p,ucr_086,seed0,centralized,ucr_086_p2,zscore,,,,0.8176184651447206,0.6915013817809621,1.0,0.9657668529722339,0.9998539041044144,0.9045045045045046,64,0.0,1,0.07407407407407407,0.038461538461538464,1.0,0.40879478827361565,0.01215083097625065,59749,251,1.0,1.0,1.0,1.0,1.0,1.0,0.4224388136486999,0.9766529244232371,0.2569089048106448,1.0,7,65.54214362138329,0.99,True,0.870996815795918,0.9996073077230543
ucr086_abl_fidelity_znorm,ucr_split_w2p,ucr_086,seed0,centralized,ucr_086_p3,zscore,,,,0.4962418220654973,0.33000107952670527,1.0,0.9657668529722339,0.9998539041044144,0.9045045045045046,64,0.0,1,0.012820512820512822,0.0064516129032258064,1.0,0.06856050259491941,0.11414416977690003,59749,251,1.0,1.0,1.0,1.0,1.0,1.0,0.07136808397795855,0.9766529244232371,0.035497100834394,1.0,7,55.1757654434489,0.99,True,0.870996815795918,0.9996073077230543
ucr086_abl_fidelity_znorm,ucr_split_w2p,ucr_086,seed0,centralized,ucr_086_p4,zscore,,,,0.6809797081823236,0.516276900671406,1.0,0.9657668529722339,0.9998539041044144,0.9045045045045046,64,0.0,1,0.04545454545454545,0.023255813953488372,1.0,0.258896338318721,0.02405061172571926,59749,251,1.0,1.0,1.0,1.0,1.0,1.0,0.2683960368394197,0.9766529244232371,0.14869668246445497,1.0,7,62.487595831498744,0.99,True,0.870996815795918,0.9996073077230543
ucr086_abl_znorm,ucr_split_w2p,ucr_086,seed0,centralized,ucr_086_p0,zscore,,,,0.8158514364940478,0.6889772631894484,1.0,0.9967225083495019,0.9999845302383498,0.979757085020243,64,0.0,1,0.0625,0.03225806451612903,1.0,0.36830520909757886,0.014410283017288993,59749,251,1.0,1.0,1.0,1.0,1.0,1.0,0.38092667739170005,0.9954790765229594,0.22571942446043167,1.0,7,69.25807396833476,0.99,True,0.9820254107386727,0.9999279484359533
ucr086_abl_znorm,ucr_split_w2p,ucr_086,seed0,centralized,ucr_086_p1,zscore,,,,0.6598009619219464,0.49231565101565106,1.0,0.9967535524159281,0.9999846635983639,0.979757085020243,64,0.0,1,0.02985074626865672,0.015151515151515152,1.0,0.2228140257434532,0.02930592980635659,59749,251,1.0,1.0,1.0,1.0,1.0,1.0,0.23116869966466125,0.9955248951828808,0.12537462537462538,1.0,7,66.8398773911968,0.99,True,0.9820254107386727,0.9999279484359533
ucr086_abl_znorm,ucr_split_w2p,ucr_086,seed0,centralized,ucr_086_p2,zscore,,,,0.8392126488820469,0.7229684645286686,1.0,0.9967225083495019,0.9999845302383497,0.979757085020243,64,0.0,1,0.10526315789473684,0.05555555555555555,1.0,0.3921875,0.013021138429095047,59749,251,1.0,1.0,1.0,1.0,1.0,1.0,0.4054207487975884,0.9954790765229594,0.24392614188532555,1.0,7,69.70624324090426,0.99,True,0.9820254107386727,0.9999279484359533
ucr086_abl_znorm,ucr_split_w2p,ucr_086,seed0,centralized,ucr_086_p3,zscore,,,,0.5518495816465646,0.3810720037453183,1.0,0.9967225083495019,0.9999845302383498,0.979757085020243,64,0.0,1,0.014814814814814815,0.007462686567164179,1.0,0.10480167014613778,0.07176689149609199,59749,251,1.0,1.0,1.0,1.0,1.0,1.0,0.10900796930279048,0.9954790765229594,0.0552985239039436,1.0,7,63.90404128779968,0.99,True,0.9820254107386727,0.9999279484359533
ucr086_abl_znorm,ucr_split_w2p,ucr_086,seed0,centralized,ucr_086_p4,zscore,,,,0.6253684473388335,0.45493532148900173,1.0,0.9967225083495019,0.9999845302383498,0.979757085020243,64,0.0,1,0.022727272727272724,0.011494252873563218,1.0,0.19196940726577438,0.03536460861269645,59749,251,1.0,1.0,1.0,1.0,1.0,1.0,0.199299600692043,0.9954790765229594,0.10617597292724196,1.0,7,66.23248386063302,0.99,True,0.9820254107386727,0.9999279484359533
ucr086_cb128,ucr_split,ucr_086,seed0,federated_cb_only,ucr_086_p0,none,9b3d6d4364cf4bb4,--codebook-size 128,2026-08-02 16:09:59,0.7150931689749375,0.5566042749480248,0.9997702523240372,0.011553248421293384,0.8181390156790702,0.03161329798082806,64,56.0,1,0.014598540145985401,0.007352941176470588,1.0,0.030012717253073338,0.19024586185542855,59749,251,0.0,0.0,0.0,0.0,0.0,0.0,0.0300525264343922,0.0113676668396058,0.015332640332640333,0.7051792828685259,7,52.644477794638924,0.99,True,0.011964994310975469,0.8214903020133044
ucr086_cb128,ucr_split,ucr_086,seed0,federated_cb_only,ucr_086_p1,none,9b3d6d4364cf4bb4,--codebook-size 128,2026-08-02 16:09:59,0.7183422599507148,0.5605425759919913,0.9997977091633466,0.01242939836910802,0.8395995092084757,0.031789282470481385,64,53.0,1,0.03603603603603604,0.01834862385321101,1.0,0.031675415962274224,0.1809235301009222,59749,251,0.0,0.0,0.0,0.0,0.0,0.0,0.03172323783335583,0.012266023499202625,0.016199490353112488,0.7091633466135459,7,56.98141117405433,0.99,True,0.013032997258145879,0.8422777537721249
ucr086_cb128,ucr_split,ucr_086,seed0,federated_cb_only,ucr_086_p2,none,9b3d6d4364cf4bb4,--codebook-size 128,2026-08-02 16:09:59,0.7187153616916335,0.5609704600970655,0.9998822709163346,0.014646575298632263,0.8515412316824186,0.04113964481921554,64,42.0,1,0.019801980198019802,0.01,1.0,0.03878742233101111,0.17012837034929454,59749,251,0.0,0.0,0.0,0.0,0.0,0.0,0.03879797745916897,0.014012892661517458,0.019863079741587117,0.8207171314741036,7,49.6660394852097,0.99,True,0.015404775884643269,0.8633557412194461
ucr086_cb128,ucr_split,ucr_086,seed0,federated_cb_only,ucr_086_p3,none,9b3d6d4364cf4bb4,--codebook-size 128,2026-08-02 16:09:59,0.6847092997901101,0.5206641868614872,0.9996762284196549,0.041684446977140396,0.892682929431415,0.12399708242159006,64,55.0,1,0.05797101449275362,0.029850746268656716,1.0,0.09878966306836769,0.04443589014042076,59749,251,0.0,0.0,0.0,0.0,1.0,0.0,0.09985142079079563,0.04551682449726658,0.05381325730577334,0.601593625498008,7,43.04417898393692,0.99,True,0.044334494220816055,0.8987423821740749
ucr086_cb128,ucr_split,ucr_086,seed0,federated_cb_only,ucr_086_p4,none,9b3d6d4364cf4bb4,--codebook-size 128,2026-08-02 16:09:59,0.7749045155993022,0.6326483968253969,0.9996937583001329,0.33190227505817294,0.9646745325514792,0.5103969754253308,64,49.0,1,0.18181818181818182,0.1,1.0,0.3943298969072165,0.006226045624194547,59749,251,1.0,1.0,1.0,1.0,1.0,1.0,0.4133500072588924,0.37308536175595447,0.2914285714285714,0.6095617529880478,7,52.899273746189415,0.99,True,0.30061024699288896,0.9700865608738664
ucr086_cb128,ucr_split,ucr_086,seed0,federated_fedavg_cb_only,ucr_086_p0,none,9b3d6d4364cf4bb4,--codebook-size 128,2026-08-02 16:09:59,0.7125848183877171,0.5536241214685346,0.9995964143426294,0.01387062993233506,0.7931552839338057,0.040675547098001905,64,65.0,1,0.10309278350515463,0.05434782608695652,1.0,0.033780160857908845,0.11854591708647844,59749,251,0.0,0.0,0.0,0.0,0.0,0.0,0.033925268809430094,0.013334277152537497,0.017478152309612985,0.50199203187251,7,77.60999974598487,0.99,True,0.014547672333956534,0.8154922888021747
ucr086_cb128,ucr_split,ucr_086,seed0,federated_fedavg_cb_only,ucr_086_p1,none,9b3d6d4364cf4bb4,--codebook-size 128,2026-08-02 16:09:59,0.7046540361782949,0.5441563384460878,0.9994352257636123,0.011831571139270932,0.7911094079555517,0.03650220617729643,64,85.0,1,0.05405405405405406,0.027777777777777776,1.0,0.024096385542168676,0.12068821235501849,59749,251,0.0,0.0,0.0,0.0,0.0,0.0,0.02416778766503628,0.011545368079744574,0.012462339085182142,0.36254980079681276,7,71.35565133819978,0.99,True,0.01262855204009934,0.8171337277047908
ucr086_cb128,ucr_split,ucr_086,seed0,federated_fedavg_cb_only,ucr_086_p2,none,9b3d6d4364cf4bb4,--codebook-size 128,2026-08-02 16:09:59,0.7044336491643604,0.543900640227021,0.9994112217795484,0.029701850491854646,0.8430133255326614,0.09450472523626181,64,81.0,1,0.12903225806451613,0.06896551724137931,1.0,0.09025949605114705,0.03829352792515356,59749,251,0.0,0.0,0.0,0.0,0.0,0.0,0.09134983206734558,0.02961397320551597,0.04983388704318937,0.47808764940239046,7,80.85391285181043,0.99,True,0.03307732071535641,0.8663115922152083
ucr086_cb128,ucr_split,ucr_086,seed0,federated_fedavg_cb_only,ucr_086_p3,none,9b3d6d4364cf4bb4,--codebook-size 128,2026-08-02 16:09:59,0.6671640305682262,0.5005802596875634,0.9999181274900399,0.24601412305397452,0.9200428699101734,0.2709447415329768,64,33.0,1,0.004878048780487805,0.0024449877750611247,1.0,0.060383995309980946,0.10654571624629701,59749,251,1.0,1.0,1.0,1.0,1.0,1.0,0.060483303354018504,0.26034573234172237,0.03134510042604991,0.8207171314741036,7,54.47268626336561,0.99,True,0.14400225578730255,0.9324795777000714
ucr086_cb128,ucr_split,ucr_086,seed0,federated_fedavg_cb_only,ucr_086_p4,none,9b3d6d4364cf4bb4,--codebook-size 128,2026-08-02 16:09:59,0.9807639317083376,0.9625263525305412,0.9997059760956175,0.6685182602669472,0.9763636044784693,0.7072072072072071,64,49.0,1,0.4444444444444445,0.2857142857142857,1.0,0.7013574660633484,0.0006025205442768916,59749,251,1.0,1.0,1.0,1.0,1.0,1.0,0.7606566223365777,0.7457688545515095,0.8115183246073299,0.6175298804780877,7,73.66107648372652,0.99,True,0.4779932814008441,0.9790728157924178
ucr086_cb128,ucr_split_w2p,ucr_086,seed0,federated_cb_only,ucr_086_p0,none,9b3d6d4364cf4bb4,--codebook-size 128,2026-08-02 16:09:59,0.6517129753324822,0.4833636780663909,1.0,0.02005514303148081,0.9059911919711403,0.061050700903969614,64,0.0,1,0.009345794392523364,0.004694835680751174,1.0,0.01066610007436524,0.7793101139768029,59749,251,0.0,0.0,0.0,0.0,0.0,0.0,0.011116803370206523,0.018989874958171307,0.005361643952663733,1.0,7,42.93370283981698,0.99,True,0.021534787382962654,0.9066648219099658
ucr086_cb128,ucr_split_w2p,ucr_086,seed0,federated_cb_only,ucr_086_p1,none,9b3d6d4364cf4bb4,--codebook-size 128,2026-08-02 16:09:59,0.7223049788379373,0.5653187708135556,1.0,0.017840479157026037,0.8918738342251006,0.057740970784449036,64,0.0,1,0.014285714285714287,0.007194244604316547,1.0,0.011282673679005687,0.7362633684245762,59749,251,0.0,0.0,0.0,0.0,0.0,0.0,0.011759273582815524,0.01678364327221319,0.005673342073143167,1.0,7,24.348392097722897,0.99,True,0.019999090352566938,0.8925678915639075
ucr086_cb128,ucr_split_w2p,ucr_086,seed0,federated_cb_only,ucr_086_p2,none,9b3d6d4364cf4bb4,--codebook-size 128,2026-08-02 16:09:59,0.6277623130827217,0.45747345308157594,1.0,0.022169512097157288,0.9168702351717167,0.0690899001109878,64,0.0,1,0.009049773755656108,0.004545454545454545,1.0,0.017432371427579262,0.47356441111985137,59749,251,0.0,0.0,0.0,0.0,0.0,0.0,0.018166324461372015,0.020992413028259542,0.008792825614797169,1.0,7,45.29124514380882,0.99,True,0.023453503499795924,0.9169419478727017
ucr086_cb128,ucr_split_w2p,ucr_086,seed0,federated_cb_only,ucr_086_p3,none,9b3d6d4364cf4bb4,--codebook-size 128,2026-08-02 16:09:59,0.703054551875771,0.5420892967987938,0.9999850597609562,0.054289579692794326,0.9656719320978817,0.12609649122807018,64,0.0,1,0.08695652173913045,0.045454545454545456,1.0,0.11770573566084788,0.05896332993020804,59749,251,0.0,0.0,0.0,0.0,0.0,0.0,0.12059993838412192,0.05498256120278104,0.0627826549614259,0.9402390438247012,7,46.38007259666231,0.99,True,0.06157157672487304,0.9667481723937518
ucr086_cb128,ucr_split_w2p,ucr_086,seed0,federated_cb_only,ucr_086_p4,none,9b3d6d4364cf4bb4,--codebook-size 128,2026-08-02 16:09:59,0.7032238651584447,0.5422862483850129,1.0,0.1602770883869903,0.9896563305765372,0.315112540192926,64,0.0,1,0.05405405405405406,0.027777777777777776,1.0,0.11463804521580269,0.06488811528226414,59749,251,0.0,0.0,1.0,0.0,1.0,1.0,0.11921382613324452,0.1621520645069488,0.06080426356589147,1.0,7,45.31976164515688,0.99,True,0.1758784837858215,0.9897814592936728
ucr086_cb128,ucr_split_w2p,ucr_086,seed0,federated_fedavg_cb_only,ucr_086_p0,none,9b3d6d4364cf4bb4,--codebook-size 128,2026-08-02 16:09:59,0.6051720430385079,0.43386859291006835,1.0,0.01485262350546266,0.8663641305837254,0.05089422585590189,64,0.0,1,0.010810810810810811,0.005434782608695652,1.0,0.01806860310261671,0.4565934157893856,59749,251,0.0,0.0,0.0,0.0,0.0,0.0,0.01882908377980089,0.013945233261640032,0.0091166642452419,1.0,7,33.07352629237129,0.99,True,0.01635553527228372,0.866494637318645
ucr086_cb128,ucr_split_w2p,ucr_086,seed0,federated_fedavg_cb_only,ucr_086_p1,none,9b3d6d4364cf4bb4,--codebook-size 128,2026-08-02 16:09:59,0.6999533658100431,0.5384063520507288,1.0,0.012789240599558814,0.8463665297303813,0.04372759856630824,64,0.0,1,0.008583690987124462,0.004310344827586207,1.0,0.012373675129405966,0.6706053657801804,59749,251,0.0,0.0,0.0,0.0,0.0,0.0,0.012896055946224415,0.012161624978657175,0.006225352811329646,1.0,7,44.50084236095355,0.99,True,0.01399791705767475,0.8465783218054718
ucr086_cb128,ucr_split_w2p,ucr_086,seed0,federated_fedavg_cb_only,ucr_086_p2,none,9b3d6d4364cf4bb4,--codebook-size 128,2026-08-02 16:09:59,0.644021414428296,0.4749495466086327,1.0,0.03369160946717825,0.94294385163325,0.11106155218554861,64,0.0,1,0.017699115044247787,0.008928571428571428,1.0,0.0660265684598185,0.11884717735861688,59749,251,0.0,0.0,0.0,0.0,0.0,0.0,0.06873414951307934,0.030497353558130692,0.034140369967355824,1.0,7,54.50465295679212,0.99,True,0.04024477807958214,0.9432033775521421
ucr086_cb128,ucr_split_w2p,ucr_086,seed0,federated_fedavg_cb_only,ucr_086_p3,none,9b3d6d4364cf4bb4,--codebook-size 128,2026-08-02 16:09:59,0.6569548086770389,0.48915316693841726,1.0,0.7010878225302485,0.995174034485166,0.6753812636165577,64,0.0,1,0.0196078431372549,0.009900990099009901,1.0,0.0610408560311284,0.12924065674739327,59749,251,1.0,1.0,1.0,1.0,1.0,1.0,0.0635508365570317,0.7722537888287422,0.03148124921610435,1.0,7,44.74267625605773,0.99,True,0.5136971829022265,0.9955034752072733
ucr086_cb128,ucr_split_w2p,ucr_086,seed0,federated_fedavg_cb_only,ucr_086_p4,none,9b3d6d4364cf4bb4,--codebook-size 128,2026-08-02 16:09:59,0.7039493841673086,0.5431496081771718,1.0,0.9321494868795308,0.9995119023479297,0.9012875536480687,64,0.0,1,0.01652892561983471,0.008333333333333333,1.0,0.08201274301584709,0.0940434149525515,59749,251,1.0,1.0,1.0,1.0,1.0,1.0,0.08534638261048365,0.9793444817895771,0.042759795570698464,1.0,7,49.88185751209659,0.99,True,0.8436542427727282,0.9994387769925026
ucr086_cb128base,ucr_split,ucr_086,seed0,centralized,ucr_086_p0,none,9b3d6d4364cf4bb4,--codebook-size 128,2026-08-02 22:23:10,0.7234269990187305,0.5668398355607966,0.9995480079681275,0.01734216251695705,0.8017041942858035,0.05574792243767314,64,71.0,1,0.06557377049180328,0.03389830508474576,1.0,0.05094587001311107,0.08288004820164355,59749,251,0.0,0.0,0.0,0.0,0.0,0.0,0.05123221921866783,0.01682256533857355,0.026729559748427674,0.5418326693227091,7,110.13615990559259,0.99,True,0.01937787304519633,0.8268983418944517
ucr086_cb128base,ucr_split,ucr_086,seed0,centralized,ucr_086_p1,none,9b3d6d4364cf4bb4,--codebook-size 128,2026-08-02 22:23:10,0.7231829789781696,0.566543930982989,0.9995365869853917,0.016355026217712804,0.7994938854100078,0.05102372440688982,64,71.0,1,0.06557377049180328,0.03389830508474576,1.0,0.049767873723305475,0.08368340892734606,59749,251,0.0,0.0,0.0,0.0,0.0,0.0,0.0500562757315287,0.01602959512317057,0.026100506427736658,0.5338645418326693,7,112.3526816213131,0.99,True,0.017689259417296082,0.8223243505289187
ucr086_cb128base,ucr_split,ucr_086,seed0,centralized,ucr_086_p2,none,9b3d6d4364cf4bb4,--codebook-size 128,2026-08-02 22:23:10,0.7244296972648608,0.5680573220064727,0.9995934926958833,0.019832172971810426,0.8220470642159807,0.06431735027922204,64,66.0,1,0.0689655172413793,0.03571428571428571,1.0,0.05895881246079866,0.07349076971999531,59749,251,0.0,0.0,0.0,0.0,0.0,0.0,0.05933738296036116,0.01893712538244498,0.031112091791703444,0.5617529880478087,7,109.67462823430691,0.99,True,0.022105318445167114,0.8476315591672622
ucr086_cb128base,ucr_split,ucr_086,seed0,centralized,ucr_086_p3,none,9b3d6d4364cf4bb4,--codebook-size 128,2026-08-02 22:23:10,0.8493824035509577,0.7384187018701871,0.9995933598937584,0.5623126245737274,0.926631788133079,0.581081081081081,64,49.0,1,0.14285714285714288,0.07692307692307693,1.0,0.5018050541516246,0.0027448158128169507,59749,251,1.0,1.0,1.0,1.0,1.0,1.0,0.5428174342336591,0.6402199946096551,0.45874587458745875,0.5537848605577689,7,89.53807946761447,0.99,True,0.36184351375668256,0.9470258909110779
ucr086_cb128base,ucr_split,ucr_086,seed0,centralized,ucr_086_p4,none,9b3d6d4364cf4bb4,--codebook-size 128,2026-08-02 22:23:10,0.8651616216713077,0.7627384094754653,0.9993590969455511,0.33507772690001664,0.8298626945297521,0.5033112582781457,64,61.0,1,0.5714285714285715,0.4,1.0,0.4955357142857143,0.0014393546335503523,59749,251,1.0,1.0,1.0,1.0,1.0,1.0,0.5018426655426947,0.3947298774318402,0.5634517766497462,0.44223107569721115,7,98.82891181627913,0.99,True,0.25378394715147595,0.8408536140686412
ucr086_cb128base,ucr_split,ucr_086,seed0,local,ucr_086_p0,none,9b3d6d4364cf4bb4,--codebook-size 128,2026-08-02 22:23:10,0.7118760195275832,0.552991511815532,0.9988693227091634,0.009708029478791212,0.7218432834462415,0.02901005823186871,64,85.0,1,0.02580645161290323,0.013071895424836602,1.0,0.019534184823441023,0.10609382583808934,59749,251,0.0,0.0,0.0,0.0,0.0,0.0,0.019641994214266704,0.01000755728534526,0.010149906308557152,0.2589641434262948,7,126.85968316634495,0.99,True,0.010229444483689416,0.7426806898088063
ucr086_cb128base,ucr_split,ucr_086,seed0,local,ucr_086_p1,none,9b3d6d4364cf4bb4,--codebook-size 128,2026-08-02 22:23:10,0.7039165657937269,0.5432689513216812,0.999463379814077,0.0127806015064113,0.7972513700907762,0.03533736511324558,64,81.0,1,0.042735042735042736,0.021834061135371178,1.0,0.03206021745190967,0.1139433295954744,59749,251,0.0,0.0,0.0,0.0,0.0,0.0,0.03206646850014983,0.012593338603563107,0.016611295681063124,0.4581673306772908,7,127.22789816856385,0.99,True,0.013497006060501082,0.8154028712544557
ucr086_cb128base,ucr_split,ucr_086,seed0,local,ucr_086_p2,none,9b3d6d4364cf4bb4,--codebook-size 128,2026-08-02 22:23:10,0.7126466916951069,0.5537250240664741,0.9995110225763612,0.013147597281529425,0.7975979060877447,0.04437682261950045,64,69.0,1,0.11764705882352941,0.0625,1.0,0.03074670571010249,0.10835327787912769,59749,251,0.0,0.0,0.0,0.0,0.0,0.0,0.030919864599173483,0.012663289323639582,0.01595987232102143,0.41832669322709165,7,128.69107748031607,0.99,True,0.014452567268317075,0.8196090486596614
ucr086_cb128base,ucr_split,ucr_086,seed0,local,ucr_086_p3,none,9b3d6d4364cf4bb4,--codebook-size 128,2026-08-02 22:23:10,0.6945304289589349,0.5320666264381687,0.9998204515272244,0.15306165088477458,0.8908712336381434,0.34185303514376997,64,52.0,1,0.0091324200913242,0.0045871559633027525,1.0,0.09057806099226218,0.06600947296189058,59749,251,0.0,0.0,1.0,1.0,1.0,1.0,0.09065048084885807,0.1611074987460554,0.0480328264542602,0.7928286852589641,7,111.20928609450654,0.99,True,0.1488720615269832,0.912907710256538
ucr086_cb128base,ucr_split,ucr_086,seed0,local,ucr_086_p4,none,9b3d6d4364cf4bb4,--codebook-size 128,2026-08-02 22:23:10,0.7228810594488977,0.5660905455603293,0.9997950199203187,0.3454449889732496,0.9028550978765819,0.4421052631578947,64,9.0,1,0.016304347826086953,0.00821917808219178,1.0,0.08553459119496855,0.05948216706555758,59749,251,1.0,1.0,1.0,1.0,1.0,1.0,0.08558531627310498,0.39021254904026914,0.04564983888292159,0.6772908366533864,7,88.98588098188246,0.99,True,0.23790181054434514,0.9065960761838602
ucr086_cb128base,ucr_split_w2p,ucr_086,seed0,centralized,ucr_086_p0,none,9b3d6d4364cf4bb4,--codebook-size 128,2026-08-02 22:23:10,0.6537711384016504,0.48563149777181386,1.0,0.04276208561909355,0.9568017574716116,0.11485239852398524,64,0.0,1,0.006644518272425249,0.0033333333333333335,1.0,0.02464166503043393,0.33255786707727325,59749,251,0.0,0.0,0.0,0.0,0.0,0.0,0.025675140130895044,0.041665496963151694,0.012474529098951345,1.0,7,82.97893104533354,0.99,True,0.047449110081594234,0.9567470752752434
ucr086_cb128base,ucr_split_w2p,ucr_086,seed0,centralized,ucr_086_p1,none,9b3d6d4364cf4bb4,--codebook-size 128,2026-08-02 22:23:10,0.6866558813879888,0.5228301338979393,1.0,0.038570669885801656,0.9518437655426929,0.11088844355377422,64,0.0,1,0.006825938566552901,0.003424657534246575,1.0,0.02909470267763997,0.2803728932701803,59749,251,0.0,0.0,0.0,0.0,0.0,0.0,0.030312015465310635,0.03773646739205498,0.014762100805740164,1.0,7,87.13518275380135,0.99,True,0.04361936359523555,0.9522152329006565
ucr086_cb128base,ucr_split_w2p,ucr_086,seed0,centralized,ucr_086_p2,none,9b3d6d4364cf4bb4,--codebook-size 128,2026-08-02 22:23:10,0.7084488313095344,0.5485255625046954,1.0,0.045941642447010704,0.9599029112424426,0.11795481569560046,64,0.0,1,0.015503875968992248,0.0078125,1.0,0.055013698630136984,0.14432040703610102,59749,251,0.0,0.0,0.0,0.0,0.0,0.0,0.05728331110255754,0.04505049496825877,0.028284877169258506,1.0,7,89.67330573613445,0.99,True,0.05234748322015117,0.9603190831259252
ucr086_cb128base,ucr_split_w2p,ucr_086,seed0,centralized,ucr_086_p3,none,9b3d6d4364cf4bb4,--codebook-size 128,2026-08-02 22:23:10,0.6299609071339779,0.4598123589423609,1.0,0.8466170937827225,0.9986748682186349,0.8047619047619048,64,0.0,1,0.008264462809917356,0.004149377593360996,1.0,0.015934990318382376,0.518853872031331,59749,251,1.0,1.0,1.0,1.0,1.0,1.0,0.016606438039097535,0.8876450404500071,0.008031485984896966,1.0,7,64.2398608923455,0.99,True,0.6496097736917614,0.9983614473127194
ucr086_cb128base,ucr_split_w2p,ucr_086,seed0,centralized,ucr_086_p4,none,9b3d6d4364cf4bb4,--codebook-size 128,2026-08-02 22:23:10,0.6461487176214946,0.47726713120684283,1.0,0.8279216997881197,0.9974034138429962,0.7961630695443646,64,0.0,1,0.007272727272727273,0.0036496350364963502,1.0,0.013697508799694398,0.6049808364993556,59749,251,1.0,1.0,1.0,1.0,1.0,1.0,0.014275368530257678,0.8839396449110406,0.0068959832957854825,1.0,7,73.9172922974825,0.99,True,0.6599724047635825,0.9978285485255152
ucr086_cb128base,ucr_split_w2p,ucr_086,seed0,local,ucr_086_p0,none,9b3d6d4364cf4bb4,--codebook-size 128,2026-08-02 22:23:10,0.6703426900645914,0.5041469595629531,1.0,0.023680210878764794,0.9191028151698883,0.07553058676654181,64,0.0,1,0.05,0.02564102564102564,1.0,0.008507176871324714,0.9792130412224472,59749,251,0.0,0.0,0.0,0.0,0.0,0.0,0.0088670682781321,0.022270808229460055,0.004271758739235508,1.0,7,75.42794384558995,0.99,True,0.025702234579888263,0.9193802228066171
ucr086_cb128base,ucr_split_w2p,ucr_086,seed0,local,ucr_086_p1,none,9b3d6d4364cf4bb4,--codebook-size 128,2026-08-02 22:23:10,0.7182569741467986,0.5603751763491638,1.0,0.013196649278868267,0.8511312829986853,0.04271222637479979,64,0.0,1,0.009569377990430623,0.004807692307692308,1.0,0.022117460457329163,0.3714706522284892,59749,251,0.0,0.0,0.0,0.0,0.0,0.0,0.023046330043838395,0.012651337285119484,0.011182393299474293,1.0,7,79.25152183036009,0.99,True,0.014908161119779483,0.8523116493729724
ucr086_cb128base,ucr_split_w2p,ucr_086,seed0,local,ucr_086_p2,none,9b3d6d4364cf4bb4,--codebook-size 128,2026-08-02 22:23:10,0.6251246796816045,0.45467735906179274,1.0,0.01579857974010736,0.8746993981929319,0.054876033057851235,64,0.0,1,0.005970149253731344,0.0029940119760479044,1.0,0.01587100853619981,0.5209794306180856,59749,251,0.0,0.0,0.0,0.0,0.0,0.0,0.01653978320524898,0.014843945682802296,0.007998980209694381,1.0,7,94.05360298395156,0.99,True,0.017347523903661715,0.8747602753749149
ucr086_cb128base,ucr_split_w2p,ucr_086,seed0,local,ucr_086_p3,none,9b3d6d4364cf4bb4,--codebook-size 128,2026-08-02 22:23:10,0.7124129420470069,0.5532930279523014,1.0,0.05290584811025402,0.9614316170855249,0.14109521460286134,64,0.0,1,0.02777777777777778,0.014084507042253521,1.0,0.06236024844720497,0.12632847411672163,59749,251,0.0,0.0,0.0,0.0,0.0,0.0,0.06408088043971952,0.05484883943217293,0.032183613283754325,1.0,7,102.78618565142153,0.99,True,0.059312595383909816,0.9627243583905521
ucr086_cb128base,ucr_split_w2p,ucr_086,seed0,local,ucr_086_p4,none,9b3d6d4364cf4bb4,--codebook-size 128,2026-08-02 22:23:10,0.6679409693461805,0.5014349619463431,1.0,0.20564096500145965,0.992761951907845,0.4945164506480558,64,0.0,1,0.02222222222222222,0.011235955056179775,1.0,0.008942408750022267,0.9311452911345797,59749,251,0.0,0.0,0.0,0.0,1.0,1.0,0.009320624479040947,0.19976353185770768,0.0044912858318720255,1.0,7,66.40930970446519,0.99,True,0.27412163649229854,0.9932723941116994
ucr086_enc,ucr_split,ucr_086,seed0,federated_enc_commoninit,ucr_086_p0,none,9b3d6d4364cf4bb4,,2026-08-02 22:35:35,0.7190933642413527,0.5614649136129073,0.9997752324037185,0.011740513598654814,0.8190704020184306,0.0344792821857042,64,53.0,1,0.02985074626865672,0.015151515151515152,1.0,0.03327914315769341,0.16790239167182713,59749,251,0.0,0.0,0.0,0.0,0.0,0.0,0.03334381069351904,0.01122935557672787,0.017048794826572605,0.6932270916334662,7,47.939452389954766,0.99,True,0.012177342091823935,0.8261732000090225
ucr086_enc,ucr_split,ucr_086,seed0,federated_enc_commoninit,ucr_086_p1,none,9b3d6d4364cf4bb4,,2026-08-02 22:35:35,0.7144465403103781,0.5558129354334423,0.999796812749004,0.012017867173729477,0.8379577807533362,0.032354492702655176,64,54.0,1,0.016,0.008064516129032258,1.0,0.03202908587257618,0.18604495472727578,59749,251,0.0,0.0,0.0,0.0,0.0,0.0,0.032059094637193586,0.011763228514250212,0.016370232722767896,0.7370517928286853,7,55.48776225642941,0.99,True,0.012419437532742645,0.8404267865682012
ucr086_enc,ucr_split,ucr_086,seed0,federated_enc_commoninit,ucr_086_p2,none,9b3d6d4364cf4bb4,,2026-08-02 22:35:35,0.7175342133425567,0.5595414708097929,0.9998541168658698,0.017866863604144485,0.8809219764567565,0.047158564048218304,64,46.0,1,0.029411764705882353,0.014925373134328358,1.0,0.04307218986924514,0.14483924417145058,59749,251,0.0,0.0,0.0,0.0,0.0,0.0,0.04311180798699681,0.017216878006439684,0.02214689265536723,0.7808764940239044,7,49.192180053679856,0.99,True,0.018896523415844114,0.8896762917266787
ucr086_enc,ucr_split,ucr_086,seed0,federated_enc_commoninit,ucr_086_p3,none,9b3d6d4364cf4bb4,,2026-08-02 22:35:35,0.7129728000057729,0.5541335075250836,0.9994634462151394,0.1971230933949644,0.9218634341443912,0.27100271002710025,64,76.0,1,0.07692307692307693,0.04,1.0,0.1741534208707671,0.017908249510452057,59749,251,1.0,1.0,1.0,1.0,1.0,1.0,0.17811322842543398,0.2154773600621363,0.10535117056856187,0.50199203187251,7,43.46104490463927,0.99,True,0.12733788700530238,0.9289084219272036
ucr086_enc,ucr_split,ucr_086,seed0,federated_enc_commoninit,ucr_086_p4,none,9b3d6d4364cf4bb4,,2026-08-02 22:35:35,0.824106119359049,0.700939247311828,0.9997852921646748,0.6431553578933784,0.9914930313724767,0.6150121065375304,64,50.0,1,0.12903225806451613,0.06896551724137931,1.0,0.4776536312849162,0.004920584444927948,59749,251,1.0,1.0,1.0,1.0,1.0,1.0,0.4942961488179089,0.690603795616469,0.36774193548387096,0.6812749003984063,7,39.82196662612632,0.99,True,0.43392660039089054,0.9915007107707507
ucr086_enc,ucr_split,ucr_086,seed0,federated_enc_fedavg,ucr_086_p0,none,9b3d6d4364cf4bb4,,2026-08-02 22:35:35,0.7177922327344485,0.559939816386845,0.9995847941567065,0.010072811457211735,0.7942330328887799,0.026448581868801113,64,67.0,1,0.023255813953488372,0.011764705882352941,1.0,0.026167879848889707,0.17506569147600798,59749,251,0.0,0.0,0.0,0.0,0.0,0.0,0.026241240879648447,0.009964669038203755,0.013393699302018487,0.5657370517928287,7,71.03507230411712,0.99,True,0.010395595805070806,0.7991136415563885
ucr086_enc,ucr_split,ucr_086,seed0,federated_enc_fedavg,ucr_086_p1,none,9b3d6d4364cf4bb4,,2026-08-02 22:35:35,0.7163368614992,0.5581033123893582,0.9998004648074369,0.010176507071478734,0.8002407681696853,0.027999999999999997,64,53.0,1,0.011627906976744186,0.005847953216374269,1.0,0.027019089574155653,0.22067314934141158,59749,251,0.0,0.0,0.0,0.0,0.0,0.0,0.027043922119172607,0.010021089938940214,0.01376318348417982,0.7330677290836654,7,64.77668398854458,0.99,True,0.01059944422343799,0.8033767716614209
ucr086_enc,ucr_split,ucr_086,seed0,federated_enc_fedavg,ucr_086_p2,none,9b3d6d4364cf4bb4,,2026-08-02 22:35:35,0.7138837866575125,0.5552099706047636,0.9995441567065073,0.012659118703059639,0.8344496122190846,0.03776191572645637,64,72.0,1,0.03773584905660378,0.019230769230769232,1.0,0.0346646571213263,0.12674689116135834,59749,251,0.0,0.0,0.0,0.0,0.0,0.0,0.03479244910921788,0.012309929193516492,0.017896511477110622,0.549800796812749,7,75.94975455984887,0.99,True,0.013197178758894878,0.8380784178092784
ucr086_enc,ucr_split,ucr_086,seed0,federated_enc_fedavg,ucr_086_p3,none,9b3d6d4364cf4bb4,,2026-08-02 22:35:35,0.6811780385862737,0.516632755870342,0.999521181938911,0.030711906720513306,0.8692147008878243,0.09750566893424036,64,59.0,1,0.11538461538461538,0.061224489795918366,1.0,0.0796367446734195,0.041808231100102095,59749,251,0.0,0.0,0.0,0.0,1.0,0.0,0.07969431517784276,0.03338373265537131,0.043644716692189896,0.4541832669322709,7,61.16763730702726,0.99,True,0.032671055429650896,0.8793442562181139
ucr086_enc,ucr_split,ucr_086,seed0,federated_enc_fedavg,ucr_086_p4,none,9b3d6d4364cf4bb4,,2026-08-02 22:35:35,0.7147590271796758,0.5562185611186288,0.9997086653386456,0.12926399865939056,0.9302278409167061,0.31894934333958724,64,52.0,1,0.10344827586206896,0.05454545454545454,1.0,0.1792943898207056,0.02214263000217577,59749,251,0.0,0.0,0.0,0.0,1.0,1.0,0.1793663117526561,0.1465730168656711,0.10487144790257104,0.6175298804780877,7,54.525042677696085,0.99,True,0.1467152652184227,0.9380725433530058
ucr086_enc,ucr_split,ucr_086,seed0,federated_enc_fedproto_lam1_uniform,ucr_086_p0,none,9b3d6d4364cf4bb4,,2026-08-02 22:35:35,0.7175276988181644,0.5595661904961682,0.9997499003984064,0.010699587018629548,0.815600441128255,0.027970600244997958,64,55.0,1,0.037037037037037035,0.018867924528301886,1.0,0.026953734900156134,0.19672295770640513,59749,251,0.0,0.0,0.0,0.0,0.0,0.0,0.02701004008412256,0.010403868374864188,0.013760698103708675,0.6533864541832669,7,68.01480732884025,0.99,True,0.010977756362759756,0.8176514260803514
ucr086_enc,ucr_split,ucr_086,seed0,federated_enc_fedproto_lam1_uniform,ucr_086_p1,none,9b3d6d4364cf4bb4,,2026-08-02 22:35:35,0.7201177192925792,0.5627275356997139,0.9997353253652059,0.010999869989852251,0.8218552258355154,0.0275501935716215,64,55.0,1,0.012658227848101266,0.006369426751592357,1.0,0.02638733407964177,0.20234648278632278,59749,251,0.0,0.0,0.0,0.0,0.0,0.0,0.02644021542017879,0.010817640931854458,0.01346389228886169,0.6573705179282868,7,66.79572560203076,0.99,True,0.011370559156989991,0.8242131968385146
ucr086_enc,ucr_split,ucr_086,seed0,federated_enc_fedproto_lam1_uniform,ucr_086_p2,none,9b3d6d4364cf4bb4,,2026-08-02 22:35:35,0.717167029147317,0.5591063200551822,0.999817994687915,0.015566348263554623,0.8648758328249538,0.037967768369298,64,46.0,1,0.023255813953488372,0.011764705882352941,1.0,0.03630496167809601,0.15874742673517547,59749,251,0.0,0.0,0.0,0.0,0.0,0.0,0.036383279732822064,0.015261932923770547,0.018623900672529746,0.7171314741035857,7,58.953002134934856,0.99,True,0.016188035831967488,0.8712275558317283
ucr086_enc,ucr_split,ucr_086,seed0,federated_enc_fedproto_lam1_uniform,ucr_086_p3,none,9b3d6d4364cf4bb4,,2026-08-02 22:35:35,0.694812714389363,0.5324700975359342,0.999566401062417,0.264391940958346,0.9250806778076067,0.2909090909090909,64,61.0,1,0.03225806451612903,0.01639344262295082,1.0,0.12460209185993633,0.030310130713484745,59749,251,1.0,1.0,1.0,1.0,1.0,1.0,0.12669052473213321,0.29887864334991765,0.07032854209445585,0.545816733067729,7,67.59941955340274,0.99,True,0.13066782185871167,0.9278004208312415
ucr086_enc,ucr_split,ucr_086,seed0,federated_enc_fedproto_lam1_uniform,ucr_086_p4,none,9b3d6d4364cf4bb4,,2026-08-02 22:35:35,0.7989409173821166,0.6653723926380366,0.9996039176626826,0.36524110664419085,0.9623436662228223,0.4781783681214421,64,58.0,1,0.0625,0.03225806451612903,1.0,0.3837837837837838,0.005807628579557817,59749,251,1.0,1.0,1.0,1.0,1.0,1.0,0.4032926385164588,0.4059207931470116,0.2903885480572597,0.5657370517928287,7,72.13243942013015,0.99,True,0.27676498550218476,0.9647285618392353
ucr086_enc,ucr_split,ucr_086,seed0,federated_enc_fedprox_mu0.01,ucr_086_p0,none,9b3d6d4364cf4bb4,,2026-08-02 22:35:35,0.7214838393527303,0.5644089669707021,0.9997001328021249,0.009910103243296041,0.7884508760719394,0.026154116201509568,64,54.0,1,0.020202020202020204,0.01020408163265306,1.0,0.025505645357810088,0.19921672329244003,59749,251,0.0,0.0,0.0,0.0,0.0,0.0,0.025569237195043195,0.009811943294388746,0.013018242122719735,0.6254980079681275,7,74.79477572456001,0.99,True,0.010209280226181833,0.7941034915768377
ucr086_enc,ucr_split,ucr_086,seed0,federated_enc_fedprox_mu0.01,ucr_086_p1,none,9b3d6d4364cf4bb4,,2026-08-02 22:35:35,0.7151785539246701,0.5567150732644726,0.9997466135458167,0.01083597486603883,0.8101344142251394,0.028994742711486377,64,54.0,1,0.014285714285714287,0.007194244604316547,1.0,0.02621664050235479,0.20622939296055165,59749,251,0.0,0.0,0.0,0.0,0.0,0.0,0.026266982581488244,0.010830346111635969,0.013371767155096486,0.6653386454183267,7,83.74084118942419,0.99,True,0.011172622666403847,0.8120477156730352
ucr086_enc,ucr_split,ucr_086,seed0,federated_enc_fedprox_mu0.01,ucr_086_p2,none,9b3d6d4364cf4bb4,,2026-08-02 22:35:35,0.7175120403773069,0.5595424543991419,0.9997648738379815,0.011829439575228362,0.8139995208374688,0.0364333652924257,64,54.0,1,0.03225806451612903,0.01639344262295082,1.0,0.03594190784662,0.15310716497347235,59749,251,0.0,0.0,0.0,0.0,0.0,0.0,0.03602076508832605,0.011430272424225531,0.018454935622317595,0.6852589641434262,7,66.26162601068611,0.99,True,0.012406428779279407,0.8234109430794413
ucr086_enc,ucr_split,ucr_086,seed0,federated_enc_fedprox_mu0.01,ucr_086_p3,none,9b3d6d4364cf4bb4,,2026-08-02 22:35:35,0.6950463291956933,0.5328016417126344,0.9993654714475432,0.049002098609889806,0.9100973468091851,0.15292712066905614,64,73.0,1,0.16666666666666669,0.09090909090909091,1.0,0.14605263157894738,0.019381077507573348,59749,251,0.0,0.0,0.0,0.0,0.0,0.0,0.1496159990277135,0.05191195768508023,0.08747044917257683,0.44223107569721115,7,74.0782723069687,0.99,True,0.05439761689339433,0.9164027963379902
ucr086_enc,ucr_split,ucr_086,seed0,federated_enc_fedprox_mu0.01,ucr_086_p4,none,9b3d6d4364cf4bb4,,2026-08-02 22:35:35,0.7415879634084134,0.5894660146699265,0.9995354581673307,0.14457069440040715,0.9098887050669271,0.3616236162361624,64,63.0,1,0.1142857142857143,0.06060606060606061,1.0,0.245088868101029,0.01149810038661735,59749,251,0.0,0.0,1.0,1.0,1.0,1.0,0.2459064477671252,0.16638567688346192,0.16014669926650366,0.5219123505976095,7,58.550018142801456,0.99,True,0.16828711947049727,0.9246087400749334
ucr086_enc,ucr_split_w2p,ucr_086,seed0,federated_enc_commoninit,ucr_086_p0,none,9b3d6d4364cf4bb4,,2026-08-02 22:35:35,0.631992528892121,0.461980319727569,1.0,0.01736035697217608,0.8870019261853654,0.057796508127633955,64,0.0,1,0.008230452674897118,0.004132231404958678,1.0,0.01180149046712274,0.7035264188521984,59749,251,0.0,0.0,0.0,0.0,0.0,0.0,0.012299867810705797,0.01629813387400004,0.005935770704251999,1.0,7,24.731114330530072,0.99,True,0.019497244646871668,0.8875188388551335
ucr086_enc,ucr_split_w2p,ucr_086,seed0,federated_enc_commoninit,ucr_086_p1,none,9b3d6d4364cf4bb4,,2026-08-02 22:35:35,0.7275855319091918,0.5718148843441683,1.0,0.0133177973514553,0.8537488066779227,0.04191558123592204,64,0.0,1,0.015384615384615384,0.007751937984496124,1.0,0.011514289646314051,0.7212840382265812,59749,251,0.0,0.0,0.0,0.0,0.0,0.0,0.012000613179146307,0.012616356145235975,0.005790481463538422,1.0,7,21.61955720532131,0.99,True,0.014442922289363792,0.8549412913586728
ucr086_enc,ucr_split_w2p,ucr_086,seed0,federated_enc_commoninit,ucr_086_p2,none,9b3d6d4364cf4bb4,,2026-08-02 22:35:35,0.6252944294439668,0.45485698380566786,1.0,0.0336226160762942,0.9456777319249005,0.091672753834916,64,0.0,1,0.007017543859649122,0.0035211267605633804,1.0,0.01736843926236031,0.4753384993891111,59749,251,0.0,0.0,0.0,0.0,0.0,0.0,0.0180997256381163,0.032199497677871315,0.008760295965377635,1.0,7,34.92122077452223,0.99,True,0.035287374922861936,0.9459301520300103
ucr086_enc,ucr_split_w2p,ucr_086,seed0,federated_enc_commoninit,ucr_086_p3,none,9b3d6d4364cf4bb4,,2026-08-02 22:35:35,0.7055355711700078,0.5450405244489486,1.0,0.3300711480873517,0.9838611044783027,0.35,64,0.0,1,0.08333333333333333,0.043478260869565216,1.0,0.11958075273939972,0.06185877587909421,59749,251,1.0,1.0,1.0,1.0,1.0,1.0,0.12306754616732603,0.36308586129388565,0.06359260197618444,1.0,7,37.74314055613506,0.99,True,0.1806046990082899,0.9840813070391978
ucr086_enc,ucr_split_w2p,ucr_086,seed0,federated_enc_commoninit,ucr_086_p4,none,9b3d6d4364cf4bb4,,2026-08-02 22:35:35,0.7820578452480311,0.6421145501138952,0.9999989375830013,0.2474925445401998,0.9944474891276581,0.49294245385450597,64,0.0,1,0.14285714285714288,0.07692307692307693,1.0,0.437555358724535,0.010560846206631074,59749,251,0.0,0.0,1.0,1.0,1.0,1.0,0.4457996770590599,0.24334676289003004,0.28132118451025057,0.9840637450199203,7,36.1327460177757,0.99,True,0.28281397639067396,0.9945389183385642
ucr086_enc,ucr_split_w2p,ucr_086,seed0,federated_enc_fedavg,ucr_086_p0,none,9b3d6d4364cf4bb4,,2026-08-02 22:35:35,0.7080980979446195,0.5481051593917888,1.0,0.013145190999995853,0.8513585284629278,0.0449945789663896,64,0.0,1,0.012820512820512822,0.0064516129032258064,1.0,0.021233398189662467,0.3872868165157576,59749,251,0.0,0.0,0.0,0.0,0.0,0.0,0.022125563411799165,0.012576086758141166,0.010730622889145398,1.0,7,48.19258352158604,0.99,True,0.014391012134685091,0.8514987096026708
ucr086_enc,ucr_split_w2p,ucr_086,seed0,federated_enc_fedavg,ucr_086_p1,none,9b3d6d4364cf4bb4,,2026-08-02 22:35:35,0.7289699330070772,0.5735268991171206,1.0,0.012328122853762582,0.840448078979001,0.04108391608391609,64,0.0,1,0.014598540145985401,0.007352941176470588,1.0,0.018424722895103867,0.4476058176705886,59749,251,0.0,0.0,0.0,0.0,0.0,0.0,0.0192000439927759,0.011788125670823477,0.00929801815150954,1.0,7,50.35503807451324,0.99,True,0.013696151312185085,0.8414770842286674
ucr086_enc,ucr_split_w2p,ucr_086,seed0,federated_enc_fedavg,ucr_086_p2,none,9b3d6d4364cf4bb4,,2026-08-02 22:35:35,0.6790556623784678,0.5140683396252433,1.0,0.01447392277570511,0.864133417625753,0.0474120082815735,64,0.0,1,0.014598540145985401,0.007352941176470588,1.0,0.025627935470696344,0.3194363085574654,59749,251,0.0,0.0,0.0,0.0,0.0,0.0,0.026702204510026292,0.013558567930708297,0.012980296840254434,1.0,7,51.27727829296728,0.99,True,0.01578447947450249,0.8649286395117811
ucr086_enc,ucr_split_w2p,ucr_086,seed0,federated_enc_fedavg,ucr_086_p3,none,9b3d6d4364cf4bb4,,2026-08-02 22:35:35,0.7145124601067532,0.555829938395272,1.0,0.05932664702218905,0.9680903492758784,0.1545538178472861,64,0.0,1,0.046511627906976744,0.023809523809523808,1.0,0.04905217901113934,0.16288138713618638,59749,251,0.0,0.0,0.0,0.0,0.0,0.0,0.05108243420378748,0.05751478529990709,0.025142742662526293,1.0,7,34.02602092674896,0.99,True,0.06725634419758865,0.9684055251079645
ucr086_enc,ucr_split_w2p,ucr_086,seed0,federated_enc_fedavg,ucr_086_p4,none,9b3d6d4364cf4bb4,,2026-08-02 22:35:35,0.7225433832421987,0.5656108972812098,1.0,0.20871614225977475,0.9908633720653045,0.35628742514970063,64,0.0,1,0.038461538461538464,0.0196078431372549,1.0,0.058789085372994494,0.13451271150981606,59749,251,0.0,0.0,1.0,1.0,1.0,1.0,0.061209454490877065,0.21590946499739763,0.030284749034749033,1.0,7,31.997367992566186,0.99,True,0.2193490081605528,0.9915366791753684
ucr086_enc,ucr_split_w2p,ucr_086,seed0,federated_enc_fedproto_lam1_uniform,ucr_086_p0,none,9b3d6d4364cf4bb4,,2026-08-02 22:35:35,0.6693109551110565,0.5029807359441483,1.0,0.015972755223575025,0.8779125076957063,0.051052578053493336,64,0.0,1,0.02631578947368421,0.013333333333333334,1.0,0.008848309655585716,0.9411370901605047,59749,251,0.0,0.0,0.0,0.0,0.0,0.0,0.009222564308471336,0.01512208194472589,0.004443814953171751,1.0,7,38.68260647178082,0.99,True,0.017507114303404132,0.8780850246330645
ucr086_enc,ucr_split_w2p,ucr_086,seed0,federated_enc_fedproto_lam1_uniform,ucr_086_p1,none,9b3d6d4364cf4bb4,,2026-08-02 22:35:35,0.7101467939400757,0.5505640413992068,1.0,0.01266498810114953,0.8485773053662269,0.03936613844870726,64,0.0,1,0.010582010582010583,0.005319148936170213,1.0,0.013119724015367326,0.631993840901103,59749,251,0.0,0.0,0.0,0.0,0.0,0.0,0.013673379806320968,0.011865625227474669,0.006603177943807219,1.0,7,46.56025314457716,0.99,True,0.013484407071453734,0.849227106828261
ucr086_enc,ucr_split_w2p,ucr_086,seed0,federated_enc_fedproto_lam1_uniform,ucr_086_p2,none,9b3d6d4364cf4bb4,,2026-08-02 22:35:35,0.6145254970585322,0.4435487594711037,1.0,0.02065916385989116,0.9086478568145534,0.062492093611638204,64,0.0,1,0.010416666666666668,0.005235602094240838,1.0,0.014805639119919778,0.5590721183618136,59749,251,0.0,0.0,0.0,0.0,0.0,0.0,0.01542987728510737,0.019271454068710135,0.007458030010399644,1.0,7,46.439871867770385,0.99,True,0.022350092257192557,0.9086629051901716
ucr086_enc,ucr_split_w2p,ucr_086,seed0,federated_enc_fedproto_lam1_uniform,ucr_086_p3,none,9b3d6d4364cf4bb4,,2026-08-02 22:35:35,0.7204800621211664,0.5630862331974021,1.0,0.6205827834364593,0.9912176429430981,0.6595744680851064,64,0.0,1,0.07142857142857142,0.037037037037037035,1.0,0.07305005820721769,0.10661266297343888,59749,251,1.0,1.0,1.0,1.0,1.0,1.0,0.07603410946088933,0.6959141196549478,0.0379096813170216,1.0,7,44.532717030629556,0.99,True,0.3894277117527837,0.9915657285431457
ucr086_enc,ucr_split_w2p,ucr_086,seed0,federated_enc_fedproto_lam1_uniform,ucr_086_p4,none,9b3d6d4364cf4bb4,,2026-08-02 22:35:35,0.714514595488638,0.5558325228595179,1.0,0.9446184698147609,0.999760752134477,0.886029411764706,64,0.0,1,0.03225806451612903,0.01639344262295082,1.0,0.11781272001877494,0.06291318683157877,59749,251,1.0,1.0,1.0,1.0,1.0,1.0,0.12250682699521614,0.960270911275814,0.06259351620947631,1.0,7,50.06886247569222,0.99,True,0.8191881945823181,0.9994300363353447
ucr086_enc,ucr_split_w2p,ucr_086,seed0,federated_enc_fedprox_mu0.01,ucr_086_p0,none,9b3d6d4364cf4bb4,,2026-08-02 22:35:35,0.6683828341434123,0.5019331766525121,1.0,0.01515636312725291,0.8714576162870985,0.05010564443102928,64,0.0,1,0.007547169811320754,0.003787878787878788,1.0,0.012246291959406713,0.6776682454936485,59749,251,0.0,0.0,0.0,0.0,0.0,0.0,0.012763330258707673,0.01451825868164659,0.006160869885373457,1.0,7,41.55045910491057,0.99,True,0.01653507450457666,0.8715247491742467
ucr086_enc,ucr_split_w2p,ucr_086,seed0,federated_enc_fedprox_mu0.01,ucr_086_p1,none,9b3d6d4364cf4bb4,,2026-08-02 22:35:35,0.7298544375235938,0.5746226724601508,1.0,0.013153909265767396,0.8525985765552162,0.04398774112132684,64,0.0,1,0.009950248756218907,0.005,1.0,0.015164330594490091,0.5456492995698673,59749,251,0.0,0.0,0.0,0.0,0.0,0.0,0.01580356915193743,0.012560865688695591,0.007640093750951207,1.0,7,45.86263460637397,0.99,True,0.014498165649679448,0.852883073884447
ucr086_enc,ucr_split_w2p,ucr_086,seed0,federated_enc_fedprox_mu0.01,ucr_086_p2,none,9b3d6d4364cf4bb4,,2026-08-02 22:35:35,0.6725630550767647,0.5066629022560907,1.0,0.0137816536359293,0.85666085594858,0.047836859157613876,64,0.0,1,0.011363636363636362,0.005714285714285714,1.0,0.022382735865881933,0.36696848482819794,59749,251,0.0,0.0,0.0,0.0,0.0,0.0,0.023322612240054,0.012910688314165425,0.011318032195517878,1.0,7,47.948840442246905,0.99,True,0.015179433706658047,0.8567758671623551
ucr086_enc,ucr_split_w2p,ucr_086,seed0,federated_enc_fedprox_mu0.01,ucr_086_p3,none,9b3d6d4364cf4bb4,,2026-08-02 22:35:35,0.720666250632742,0.5633137177762834,1.0,0.04754815803238029,0.9594744921967387,0.11534195933456563,64,0.0,1,0.1,0.05263157894736842,1.0,0.0653135571168358,0.12023632194681083,59749,251,0.0,0.0,0.0,0.0,0.0,0.0,0.06792331164024255,0.047236973966300534,0.03375924680564896,1.0,7,40.10109509402886,0.99,True,0.05418330770485923,0.9598166824586694
ucr086_enc,ucr_split_w2p,ucr_086,seed0,federated_enc_fedprox_mu0.01,ucr_086_p4,none,9b3d6d4364cf4bb4,,2026-08-02 22:35:35,0.7228426077043824,0.5659777033472077,1.0,0.08550538205329741,0.9797744202023352,0.20524412296564196,64,0.0,1,0.06666666666666667,0.034482758620689655,1.0,0.12258852258852258,0.06013489765519088,59749,251,0.0,0.0,0.0,0.0,1.0,0.0,0.1263705961473782,0.08494813619854816,0.06529656607700313,1.0,7,41.69376566468023,0.99,True,0.09717112527465423,0.9804554315797539
ucr086_fedscaler,ucr_split_w2p,ucr_086,seed0,centralized,ucr_086_p0,none,,,,0.5836592050378177,0.41208952472021537,1.0,0.51049226613189,0.9974763617707783,0.6024759284731773,64,0.0,1,0.007067137809187279,0.0035460992907801418,1.0,0.04177762982689747,0.19270615407789252,59749,251,1.0,1.0,1.0,1.0,1.0,1.0,0.0435136429075072,0.5162151668716108,0.02133446663833404,1.0,7,59.54591974078367,0.99,True,0.453441535933579,0.9973812855052745
ucr086_fedscaler,ucr_split_w2p,ucr_086,seed0,centralized,ucr_086_p1,none,,,,0.6578924813104139,0.49019357402361496,1.0,0.51049226613189,0.9974763617707783,0.6024759284731773,64,0.0,1,0.01904761904761905,0.009615384615384616,1.0,0.11707089552238806,0.06336507723978645,59749,251,1.0,1.0,1.0,1.0,1.0,1.0,0.12173739365309535,0.5162151668716108,0.062174882338370076,1.0,7,64.34643958210945,0.99,True,0.453441535933579,0.9973812855052745
ucr086_fedscaler,ucr_split_w2p,ucr_086,seed0,centralized,ucr_086_p2,none,,,,0.7537463109540102,0.6048096929053064,1.0,0.51049226613189,0.9974763617707783,0.6024759284731773,64,0.0,1,0.044444444444444446,0.022727272727272728,1.0,0.19881188118811882,0.03385830725200422,59749,251,1.0,1.0,1.0,1.0,1.0,1.0,0.2063729822930979,0.5162151668716108,0.11037818821459983,1.0,7,67.54766701409903,0.99,True,0.453441535933579,0.9973812855052745
ucr086_fedscaler,ucr_split_w2p,ucr_086,seed0,centralized,ucr_086_p3,none,,,,0.6512909449914944,0.4828995123691722,1.0,0.51049226613189,0.9974763617707783,0.6024759284731773,64,0.0,1,0.018348623853211007,0.009259259259259259,1.0,0.11268237934904601,0.0661601030979598,59749,251,1.0,1.0,1.0,1.0,1.0,1.0,0.11718504465871027,0.5162151668716108,0.059705042816365364,1.0,7,64.16963682373363,0.99,True,0.453441535933579,0.9973812855052745
ucr086_fedscaler,ucr_split_w2p,ucr_086,seed0,centralized,ucr_086_p4,none,,,,0.7294582796119545,0.5741317013888888,1.0,0.51049226613189,0.9974763617707783,0.6024759284731773,64,0.0,1,0.03389830508474576,0.017241379310344827,1.0,0.1736423382912487,0.03998393278548595,59749,251,1.0,1.0,1.0,1.0,1.0,1.0,0.1803438222831,0.5162151668716108,0.09507575757575758,1.0,7,66.50581372380258,0.99,True,0.453441535933579,0.9973812855052745
ucr086_proto_count,ucr_split,ucr_086,seed0,federated_enc_fedproto_lam1_count,ucr_086_p0,none,9b3d6d4364cf4bb4,--fedproto-agg count,2026-08-02 21:38:40,0.7151117906773744,0.5566317998930813,0.9997542496679948,0.01099139401590278,0.8092175641273297,0.029350617585911707,64,55.0,1,0.014388489208633093,0.007246376811594203,1.0,0.028103818813026947,0.195434233208924,59749,251,0.0,0.0,0.0,0.0,0.0,0.0,0.02815410906087644,0.0108239446702037,0.01434962437747953,0.6772908366533864,7,67.98032269270333,0.99,True,0.01134621010088568,0.8130900056131527
ucr086_proto_count,ucr_split,ucr_086,seed0,federated_enc_fedproto_lam1_count,ucr_086_p1,none,9b3d6d4364cf4bb4,--fedproto-agg count,2026-08-02 21:38:40,0.7109200096404946,0.5515770586375848,0.9997273572377158,0.014101235176541558,0.8341518193073162,0.04230074800103173,64,59.0,1,0.011111111111111112,0.00558659217877095,1.0,0.025881441301821,0.20899094545515406,59749,251,0.0,0.0,0.0,0.0,0.0,0.0,0.025922986521988895,0.014361944791351914,0.01319740793425004,0.6653386454183267,7,79.59271731008265,0.99,True,0.014566854182461321,0.8366568433520524
ucr086_proto_count,ucr_split,ucr_086,seed0,federated_enc_fedproto_lam1_count,ucr_086_p2,none,9b3d6d4364cf4bb4,--fedproto-agg count,2026-08-02 21:38:40,0.7152707175787292,0.5568425129543476,0.9996958831341302,0.014240173753756748,0.8619879883968786,0.036025289275915535,64,56.0,1,0.022988505747126436,0.011627906976744186,1.0,0.03464254192409532,0.1448727175350215,59749,251,0.0,0.0,0.0,0.0,0.0,0.0,0.03475480666022852,0.013920146829541416,0.017814592079881994,0.6254980079681275,7,61.09956564062648,0.99,True,0.014525936507562781,0.862765398057997
ucr086_proto_count,ucr_split,ucr_086,seed0,federated_enc_fedproto_lam1_count,ucr_086_p3,none,9b3d6d4364cf4bb4,--fedproto-agg count,2026-08-02 21:38:40,0.6548799950989956,0.48690784215784216,0.9997821381142098,0.11777319998785482,0.9068815701061258,0.24778761061946905,64,40.0,1,0.008888888888888887,0.004464285714285714,1.0,0.06468797564687975,0.08092185643274365,59749,251,0.0,0.0,1.0,1.0,1.0,1.0,0.06508922837795172,0.13479363363445263,0.03396603396603397,0.6772908366533864,7,49.33382668341347,0.99,True,0.11053044800780118,0.9131445568285693
ucr086_proto_count,ucr_split,ucr_086,seed0,federated_enc_fedproto_lam1_count,ucr_086_p4,none,9b3d6d4364cf4bb4,--fedproto-agg count,2026-08-02 21:38:40,0.718211712531869,0.5604376408450703,0.9996257636122178,0.2714239755198638,0.9313880063604725,0.4251012145748988,64,56.0,1,0.03571428571428572,0.01818181818181818,1.0,0.17354877318970677,0.021339269276473248,59749,251,1.0,1.0,1.0,1.0,1.0,1.0,0.1773264751180187,0.30604462897523355,0.10211267605633803,0.5776892430278885,7,57.00624175391008,0.99,True,0.22359782404914785,0.9345698178400573
ucr086_proto_count,ucr_split_w2p,ucr_086,seed0,federated_enc_fedproto_lam1_count,ucr_086_p0,none,9b3d6d4364cf4bb4,--fedproto-agg count,2026-08-02 21:38:40,0.6617328686582644,0.49446994038837105,1.0,0.016691160312906732,0.8840821420338829,0.05414220482713634,64,0.0,1,0.012820512820512822,0.0064516129032258064,1.0,0.010524770949954923,0.7898876968652195,59749,251,0.0,0.0,0.0,0.0,0.0,0.0,0.010969535885612227,0.01641896613212241,0.005290224676474308,1.0,7,33.34593326143024,0.99,True,0.019124589202454488,0.8844403138006712
ucr086_proto_count,ucr_split_w2p,ucr_086,seed0,federated_enc_fedproto_lam1_count,ucr_086_p1,none,9b3d6d4364cf4bb4,--fedproto-agg count,2026-08-02 21:38:40,0.7379565303394154,0.5847314677186851,1.0,0.014151273855751312,0.8638010844702997,0.04316013707511345,64,0.0,1,0.013605442176870748,0.00684931506849315,1.0,0.014274340309372156,0.5801938107750757,59749,251,0.0,0.0,0.0,0.0,0.0,0.0,0.014876349011909092,0.013559653021109378,0.007188475527679926,1.0,7,44.84965779549484,0.99,True,0.01534006348200373,0.864102864041133
ucr086_proto_count,ucr_split_w2p,ucr_086,seed0,federated_enc_fedproto_lam1_count,ucr_086_p2,none,9b3d6d4364cf4bb4,--fedproto-agg count,2026-08-02 21:38:40,0.604592894011959,0.43327348084834866,1.0,0.02132903303274319,0.912276649481673,0.06356039503671816,64,0.0,1,0.013422818791946308,0.006756756756756757,1.0,0.016430465093444178,0.5029540243351354,59749,251,0.0,0.0,0.0,0.0,0.0,0.0,0.0171226066644161,0.01962560467941224,0.008283281631575474,1.0,7,39.84961092187634,0.99,True,0.0228223913730918,0.9125000715924386
ucr086_proto_count,ucr_split_w2p,ucr_086,seed0,federated_enc_fedproto_lam1_count,ucr_086_p3,none,9b3d6d4364cf4bb4,--fedproto-agg count,2026-08-02 21:38:40,0.7062539086274694,0.5458983902151983,1.0,0.06447878293407222,0.9713602701447137,0.14833924540470816,64,0.0,1,0.0625,0.03225806451612903,1.0,0.0809808033553799,0.09534887613181811,59749,251,0.0,0.0,0.0,0.0,0.0,0.0,0.08427437586887473,0.06425000168431508,0.042199058507061196,1.0,7,34.27247920883458,0.99,True,0.07362717110556397,0.9717251684235857
ucr086_proto_count,ucr_split_w2p,ucr_086,seed0,federated_enc_fedproto_lam1_count,ucr_086_p4,none,9b3d6d4364cf4bb4,--fedproto-agg count,2026-08-02 21:38:40,0.7215222093931261,0.5643603781733514,1.0,0.7099989798777288,0.994346802316917,0.6666666666666666,64,0.0,1,0.037037037037037035,0.018867924528301886,1.0,0.10705907442951589,0.07007648663575959,59749,251,1.0,1.0,1.0,1.0,1.0,1.0,0.11029074526802779,0.807586155729977,0.056557007661108605,1.0,7,42.503120758917504,0.99,True,0.49028513294143283,0.9950593320763413
ucr086_v1,ucr_split,ucr_086,seed0,centralized,ucr_086_p0,none,9b3d6d4364cf4bb4,,2026-08-02 06:23:09,0.7259198020657025,0.5698265787638825,0.9997946547144755,0.01705500188482576,0.8190828044997536,0.05293400661675082,64,55.0,1,0.05882352941176471,0.030303030303030304,1.0,0.05184331797235023,0.10900600846876099,59749,251,0.0,0.0,0.0,0.0,0.0,0.0,0.05197745562836659,0.01626509566279853,0.02689376961004034,0.7171314741035857,7,102.22376370032629,0.99,True,0.01879875412968733,0.8420367639248527
ucr086_v1,ucr_split,ucr_086,seed0,centralized,ucr_086_p1,none,9b3d6d4364cf4bb4,,2026-08-02 06:23:09,0.72776855382949,0.57210288340525,0.9998109561752989,0.016661005274533732,0.8194358751374192,0.053374655647382925,64,53.0,1,0.03896103896103896,0.019867549668874173,1.0,0.04878048780487805,0.12098947262715694,59749,251,0.0,0.0,0.0,0.0,0.0,0.0,0.0489727755171913,0.015994935256627242,0.025215749730312837,0.7450199203187251,7,103.37738317410151,0.99,True,0.01826452547332893,0.8408437374854478
ucr086_v1,ucr_split,ucr_086,seed0,centralized,ucr_086_p2,none,9b3d6d4364cf4bb4,,2026-08-02 06:23:09,0.7231103425391542,0.5663810072463767,0.9997663678618857,0.018688321224488477,0.8244406764313315,0.06035539215686274,64,56.0,1,0.05405405405405406,0.027777777777777776,1.0,0.05732377937010498,0.09335721099934727,59749,251,0.0,0.0,0.0,0.0,0.0,0.0,0.05750423414880573,0.01779617817204166,0.02991304347826087,0.6852589641434262,7,102.87100442727406,0.99,True,0.020554552073788875,0.8491572313388895
ucr086_v1,ucr_split,ucr_086,seed0,centralized,ucr_086_p3,none,9b3d6d4364cf4bb4,,2026-08-02 06:23:09,0.8180452956116634,0.6921941328560062,0.9998290504648075,0.32528688656273924,0.9332639816806014,0.5875706214689265,64,48.0,1,0.19354838709677416,0.10714285714285714,1.0,0.5373134328358209,0.004000066946727142,59749,251,0.0,0.0,1.0,1.0,1.0,1.0,0.5528084258673623,0.33787981169056336,0.4295942720763723,0.7171314741035857,7,84.21669069886205,0.99,True,0.3879226092985344,0.9526375979350189
ucr086_v1,ucr_split,ucr_086,seed0,centralized,ucr_086_p4,none,9b3d6d4364cf4bb4,,2026-08-02 06:23:09,0.8468353272135118,0.7346663841807909,0.9994281208499335,0.2465269124733554,0.8688198885657057,0.5359223300970873,64,74.0,1,0.8,0.6666666666666666,1.0,0.4928131416837782,0.0019414550871144287,59749,251,0.0,0.0,1.0,1.0,1.0,1.0,0.5303287474804103,0.2864183343125728,0.5084745762711864,0.47808764940239046,7,95.85205294330918,0.99,True,0.3090413301739028,0.8808334091996647
ucr086_v1,ucr_split,ucr_086,seed0,federated,ucr_086_p0,none,9b3d6d4364cf4bb4,,2026-08-02 06:23:09,0.7166620964298684,0.5590096854946757,0.9981656706507304,0.009249902784874815,0.7759762469811461,0.026779422128259338,64,101.0,1,0.03508771929824561,0.017857142857142856,1.0,0.007231820008035355,0.07881303452777452,59749,251,0.0,0.0,0.0,0.0,0.0,0.0,0.007255923594372942,0.009275746437189071,0.003807911994922784,0.07171314741035857,7,144.29901449410553,0.99,True,0.009638894667110052,0.7810551996961782
ucr086_v1,ucr_split,ucr_086,seed0,federated,ucr_086_p1,none,9b3d6d4364cf4bb4,,2026-08-02 06:23:09,0.7167624689063772,0.5588471395977692,0.9990742695883134,0.009063724696770532,0.7585476934418679,0.027105223085122587,64,98.0,1,0.05194805194805195,0.02666666666666667,1.0,0.023670557717250323,0.09780916835428208,59749,251,0.0,0.0,0.0,0.0,0.0,0.0,0.023727946141201158,0.00933338673141271,0.012337333107993917,0.2908366533864542,7,140.85266826629976,0.99,True,0.009398385677528607,0.7640488882631338
ucr086_v1,ucr_split,ucr_086,seed0,federated,ucr_086_p2,none,9b3d6d4364cf4bb4,,2026-08-02 06:23:09,0.7017644492164297,0.5408172058194266,0.9990952855245684,0.01718357890831294,0.8529719845950513,0.04743450627809642,64,85.0,1,0.034482758620689655,0.017543859649122806,1.0,0.04148576941630487,0.06375002092085223,59749,251,0.0,0.0,0.0,0.0,0.0,0.0,0.04186093234337833,0.017405796133024527,0.022079589216944803,0.3426294820717131,7,67.20256047648311,0.99,True,0.01808930059079411,0.8634180276964869
ucr086_v1,ucr_split,ucr_086,seed0,federated,ucr_086_p3,none,9b3d6d4364cf4bb4,,2026-08-02 06:23:09,0.9989793710652529,1.0,0.9979608233731742,0.2914122156699742,0.7675757663249828,0.3918575063613231,64,108.0,1,1.0,1.0,1.0,0.023622047244094488,0.0,59749,251,1.0,1.0,1.0,1.0,1.0,1.0,0.023806783763583778,0.33287625137725696,1.0,0.01195219123505976,7,73.93187420951031,0.99,True,0.13206674006413113,0.7935941806224454
ucr086_v1,ucr_split,ucr_086,seed0,federated,ucr_086_p4,none,9b3d6d4364cf4bb4,,2026-08-02 06:23:09,0.9994839635914473,1.0,0.998968459495352,0.47399921800234823,0.9070908119684478,0.5666666666666668,64,98.0,1,1.0,1.0,1.0,0.4553846153846154,0.0,59749,251,1.0,1.0,1.0,1.0,1.0,1.0,0.48827128935376163,0.5500749831192129,1.0,0.2948207171314741,7,72.51462480174388,0.99,True,0.24451353598760056,0.9198822666944855
ucr086_v1,ucr_split,ucr_086,seed0,federated_cb_only,ucr_086_p0,none,9b3d6d4364cf4bb4,,2026-08-02 06:23:09,0.716117009991039,0.5578621934948799,0.9997177954847278,0.011987035489632957,0.8054450093648735,0.03436563436563436,64,55.0,1,0.0273972602739726,0.013888888888888888,1.0,0.03391258557135334,0.15201928065741685,59749,251,0.0,0.0,0.0,0.0,0.0,0.0,0.0340113038286472,0.011865901731671489,0.017416702726092602,0.6414342629482072,7,47.21451267704203,0.99,True,0.012577322218517616,0.8137550828382302
ucr086_v1,ucr_split,ucr_086,seed0,federated_cb_only,ucr_086_p1,none,9b3d6d4364cf4bb4,,2026-08-02 06:23:09,0.721615315969199,0.5645289347990902,0.9998286188579018,0.011093504287363255,0.8163533250885727,0.0308673909294706,64,50.0,1,0.014388489208633093,0.007246376811594203,1.0,0.028569302879250056,0.21754338984752883,59749,251,0.0,0.0,0.0,0.0,0.0,0.0,0.028586965039159667,0.010741802945685445,0.014556482183472327,0.7649402390438247,7,53.00721205387752,0.99,True,0.011515814196741043,0.8210657545350408
ucr086_v1,ucr_split,ucr_086,seed0,federated_cb_only,ucr_086_p2,none,9b3d6d4364cf4bb4,,2026-08-02 06:23:09,0.7175251342782484,0.5595619374814439,0.9997535192563081,0.01546827769259133,0.8708225558993501,0.043379269023367285,64,56.0,1,0.046511627906976744,0.023809523809523808,1.0,0.04217016029593095,0.1286716095666873,59749,251,0.0,0.0,0.0,0.0,0.0,0.0,0.042275093057604136,0.014746930171271787,0.021758493447003435,0.6812749003984063,7,53.18886140600147,0.99,True,0.016128959374104298,0.8772197053136923
ucr086_v1,ucr_split,ucr_086,seed0,federated_cb_only,ucr_086_p3,none,9b3d6d4364cf4bb4,,2026-08-02 06:23:09,0.7059021661113437,0.5455855396174865,0.9996394754316069,0.4219472879743827,0.9131865648587427,0.49099099099099097,64,59.0,1,0.048192771084337345,0.024691358024691357,1.0,0.19442556084296397,0.01802540628295034,59749,251,1.0,1.0,1.0,1.0,1.0,1.0,0.19486933097356832,0.4665977266749439,0.11721311475409836,0.5697211155378487,7,38.77017558890776,0.99,True,0.2488326335994051,0.9179594827921133
ucr086_v1,ucr_split,ucr_086,seed0,federated_cb_only,ucr_086_p4,none,9b3d6d4364cf4bb4,,2026-08-02 06:23:09,0.9995574071198496,1.0,0.9991152058432935,0.5403094745765518,0.9332898535233616,0.6027397260273972,64,94.0,1,1.0,1.0,1.0,0.5278592375366569,0.0,59749,251,1.0,1.0,1.0,1.0,1.0,1.0,0.5860007304905078,0.6167874285440831,1.0,0.35856573705179284,7,57.213693738468216,0.99,True,0.31584760966634157,0.9364034790530203
ucr086_v1,ucr_split,ucr_086,seed0,federated_cb_only_ema,ucr_086_p0,none,9b3d6d4364cf4bb4,,2026-08-02 06:23:09,0.7097058458254314,0.5501715718837762,0.9995460823373175,0.01519040288011662,0.8281427504262685,0.044919786096256686,64,70.0,1,0.031746031746031744,0.016129032258064516,1.0,0.042659193523275726,0.1010058745753067,59749,251,0.0,0.0,0.0,0.0,0.0,0.0,0.04286584641778173,0.01515257637277356,0.02219701879455606,0.545816733067729,7,51.52168225035562,0.99,True,0.015894814586002275,0.8402931573391645
ucr086_v1,ucr_split,ucr_086,seed0,federated_cb_only_ema,ucr_086_p1,none,9b3d6d4364cf4bb4,,2026-08-02 06:23:09,0.716170310626915,0.5578927904336362,0.9998272908366533,0.012180890753275227,0.8215408962819828,0.03280777193820671,64,51.0,1,0.011235955056179775,0.005649717514124294,1.0,0.02877076889879882,0.22514184337813184,59749,251,0.0,0.0,0.0,0.0,0.0,0.0,0.02884015587488304,0.011958249408471167,0.01464986815118664,0.796812749003984,7,47.356764744978896,0.99,True,0.012904470136626038,0.8323294053124897
ucr086_v1,ucr_split,ucr_086,seed0,federated_cb_only_ema,ucr_086_p2,none,9b3d6d4364cf4bb4,,2026-08-02 06:23:09,0.7288525796013781,0.5734373340917711,0.9998306108897743,0.05974185919372332,0.9025623726453538,0.16851168511685116,64,50.0,1,0.06060606060606061,0.03125,1.0,0.1329639889196676,0.04092118696547223,59749,251,0.0,0.0,0.0,0.0,0.0,0.0,0.1333435525022253,0.05940489387645042,0.07281001137656427,0.7649402390438247,7,42.005894885753094,0.99,True,0.07154257539190226,0.9228600089047969
ucr086_v1,ucr_split,ucr_086,seed0,federated_cb_only_ema,ucr_086_p3,none,9b3d6d4364cf4bb4,,2026-08-02 06:23:09,0.6951667654279632,0.5328779592959296,0.9995949535192563,0.06583993417963967,0.9268662350380898,0.1968253968253968,64,59.0,1,0.0689655172413793,0.03571428571428571,1.0,0.15288788221970556,0.023096620863947512,59749,251,0.0,0.0,0.0,0.0,1.0,0.0,0.1531083087769626,0.07288050434320094,0.0891089108910891,0.5378486055776892,7,49.49906922551862,0.99,True,0.07423734459297257,0.9314080401852947
ucr086_v1,ucr_split,ucr_086,seed0,federated_cb_only_ema,ucr_086_p4,none,9b3d6d4364cf4bb4,,2026-08-02 06:23:09,0.8795629902313218,0.7852676680972818,0.9995948207171315,0.5742066529121211,0.9600853477419049,0.6272493573264781,64,59.0,1,0.375,0.23076923076923078,1.0,0.5495867768595041,0.0016736681785469213,59749,251,1.0,1.0,1.0,1.0,1.0,1.0,0.5520376926170519,0.6578915477246433,0.5708154506437768,0.5298804780876494,7,48.81437994268074,0.99,True,0.34610498470376594,0.9644845867946121
ucr086_v1,ucr_split,ucr_086,seed0,federated_fedavg_cb_only,ucr_086_p0,none,9b3d6d4364cf4bb4,,2026-08-02 06:23:09,0.7192170150880185,0.561646226917614,0.999678486055777,0.009828686078576817,0.749092201713156,0.02936241610738255,64,66.0,1,0.027972027972027972,0.014184397163120567,1.0,0.02796352583586626,0.18582737786406467,59749,251,0.0,0.0,0.0,0.0,0.0,0.0,0.028010984847595302,0.00962074784723044,0.014293323863636364,0.6414342629482072,7,109.16264345208803,0.99,True,0.010558471453491187,0.7699296864836892
ucr086_v1,ucr_split,ucr_086,seed0,federated_fedavg_cb_only,ucr_086_p1,none,9b3d6d4364cf4bb4,,2026-08-02 06:23:09,0.7166620885486613,0.5585112254787936,0.9997588645418327,0.01121159942713135,0.7872533698241895,0.0337669526709106,64,59.0,1,0.03508771929824561,0.017857142857142856,1.0,0.026620018253726802,0.21292406567473932,59749,251,0.0,0.0,0.0,0.0,0.0,0.0,0.026621273043592127,0.011092718731809168,0.013569047065208964,0.6972111553784861,7,111.37463205893835,0.99,True,0.011908969404134998,0.8070711910258247
ucr086_v1,ucr_split,ucr_086,seed0,federated_fedavg_cb_only,ucr_086_p2,none,9b3d6d4364cf4bb4,,2026-08-02 06:23:09,0.7122313519437942,0.5532170010288064,0.9995328353253652,0.01305354546789338,0.7933633255559994,0.04082642583199307,64,72.0,1,0.12,0.06382978723404255,1.0,0.03770375620127569,0.11165040419086512,59749,251,0.0,0.0,0.0,0.0,0.0,0.0,0.03785920444142326,0.012404336208342087,0.01954732510288066,0.5298804780876494,7,112.91188553333278,0.99,True,0.01427495202153801,0.8180132774840154
ucr086_v1,ucr_split,ucr_086,seed0,federated_fedavg_cb_only,ucr_086_p3,none,9b3d6d4364cf4bb4,,2026-08-02 06:23:09,0.7280729337829316,0.5725613127240143,0.9995604913678618,0.09625946706493053,0.8863323255539325,0.2785340314136126,64,59.0,1,0.1142857142857143,0.06060606060606061,1.0,0.2693467336683417,0.01020937588913622,59749,251,0.0,0.0,1.0,1.0,1.0,1.0,0.279898398395966,0.10778698602530618,0.18010752688172044,0.5338645418326693,7,105.11887208580963,0.99,True,0.10633336628324602,0.9034499585189695
ucr086_v1,ucr_split,ucr_086,seed0,federated_fedavg_cb_only,ucr_086_p4,none,9b3d6d4364cf4bb4,,2026-08-02 06:23:09,0.8280588726148499,0.7067296575342465,0.9996811088977424,0.3650995097475998,0.9128333608610629,0.4932562620423892,64,55.0,1,0.3636363636363636,0.2222222222222222,1.0,0.4772727272727273,0.0036485966292322883,59749,251,1.0,1.0,1.0,1.0,1.0,1.0,0.4781361034757179,0.38494923221010247,0.40273972602739727,0.5856573705179283,7,97.81326706628006,0.99,True,0.30357407877251935,0.9232702836645039
ucr086_v1,ucr_split,ucr_086,seed0,federated_fedavg_cb_sharedprior,ucr_086_p0,none,9b3d6d4364cf4bb4,,2026-08-02 06:23:09,0.5588929519364334,0.49960310718358014,0.63415,0.005384510221007318,0.5519028840369996,0.021536252692031584,64,251.0,1,0.0,0.0,0.0,0.0,0.0146780699258565,59749,251,0.0,0.0,0.0,0.0,0.0,0.0,0.0,0.005725304517521974,0.0,0.0,7,171.1055721569061,0.99,True,0.006047045571549376,0.5832131557229087
ucr086_v1,ucr_split,ucr_086,seed0,federated_fedavg_cb_sharedprior,ucr_086_p1,none,9b3d6d4364cf4bb4,,2026-08-02 06:23:09,0.46458550008479016,0.4615284355479839,0.46768333333333323,0.004583453297223554,0.46794822084071613,0.016952145505915592,64,251.0,1,0.0,0.0,0.0,0.0,0.009824432208070428,59749,251,0.0,0.0,0.0,0.0,0.0,0.0,0.0,0.0047104657610701345,0.0,0.0,7,174.1293024722735,0.99,True,0.005083443136578498,0.4980019595841385
ucr086_v1,ucr_split,ucr_086,seed0,federated_fedavg_cb_sharedprior,ucr_086_p2,none,9b3d6d4364cf4bb4,,2026-08-02 06:23:09,0.584469761638591,0.537184270244821,0.6408833333333334,0.006574553150892909,0.5701721057659602,0.02852308436064781,64,251.0,1,0.0,0.0,0.0,0.0,0.029623926760280507,59749,251,0.0,0.0,0.0,0.0,0.0,0.0,0.0,0.007129338693235245,0.0,0.0,7,151.9670191907882,0.99,True,0.007550169015848779,0.6027290657636494
ucr086_v1,ucr_split,ucr_086,seed0,federated_fedavg_cb_sharedprior,ucr_086_p3,none,9b3d6d4364cf4bb4,,2026-08-02 06:23:09,,,,0.11155900350488049,0.8606347176525118,0.22902796271637813,64,251.0,1,0.0,0.0,0.0,0.0,0.0,59749,251,0.0,0.0,1.0,1.0,1.0,1.0,0.0,0.11146153027192127,0.0,0.0,7,146.0141997035344,0.99,True,0.10510109077414438,0.8846276050042291
ucr086_v1,ucr_split,ucr_086,seed0,federated_fedavg_cb_sharedprior,ucr_086_p4,none,9b3d6d4364cf4bb4,,2026-08-02 06:23:09,,,,0.01879688977461325,0.6045958261382827,0.11382113821138212,64,251.0,1,0.0,0.0,0.0,0.0,0.0,59749,251,0.0,0.0,1.0,1.0,1.0,1.0,0.0,0.01850344220453506,0.0,0.0,7,135.2830722332001,0.99,True,0.02000713606891082,0.6227007313218229
ucr086_v1,ucr_split,ucr_086,seed0,federated_shared,ucr_086_p0,none,9b3d6d4364cf4bb4,,2026-08-02 06:23:09,0.7049633380321271,0.5445946045883939,0.9992019256308101,0.012462601504999966,0.8333219866187895,0.037089560379622556,64,93.0,1,0.12698412698412698,0.06779661016949153,1.0,0.029256146903205726,0.10177576193743829,59749,251,0.0,0.0,0.0,0.0,0.0,0.0,0.02939780159666171,0.012489152206826868,0.015222672064777327,0.3745019920318725,7,89.79920986319581,0.99,True,0.013102330390120319,0.838011228802008
ucr086_v1,ucr_split,ucr_086,seed0,federated_shared,ucr_086_p1,none,9b3d6d4364cf4bb4,,2026-08-02 06:23:09,0.7188973119872162,0.5614180050143265,0.9991662018592298,0.009124807150224958,0.7649141004810361,0.02742749054224464,64,94.0,1,0.028985507246376812,0.014705882352941176,1.0,0.026552344074125295,0.11521531741117007,59749,251,0.0,0.0,0.0,0.0,0.0,0.0,0.026671991501304636,0.009437503007719408,0.013753581661891117,0.38247011952191234,7,82.65491713577478,0.99,True,0.009633460948507953,0.7725431616479337
ucr086_v1,ucr_split,ucr_086,seed0,federated_shared,ucr_086_p2,none,9b3d6d4364cf4bb4,,2026-08-02 06:23:09,0.7208829888829594,0.5636458696883855,0.9997883134130146,0.01388067062313753,0.8508109522445123,0.03948264125255276,64,52.0,1,0.0273972602739726,0.013888888888888888,1.0,0.039003966505068315,0.14473882408073777,59749,251,0.0,0.0,0.0,0.0,0.0,0.0,0.039085128544862006,0.013155968901241214,0.020056657223796032,0.7051792828685259,7,54.40312458625893,0.99,True,0.014926941451535244,0.8602782056575595
ucr086_v1,ucr_split,ucr_086,seed0,federated_shared,ucr_086_p3,none,9b3d6d4364cf4bb4,,2026-08-02 06:23:09,0.6978532028991706,0.5360448695136417,0.9995833997343958,0.06989287466015891,0.9157212052891383,0.20296643247462923,64,55.0,1,0.1111111111111111,0.058823529411764705,1.0,0.20218181818181818,0.016485631558687174,59749,251,0.0,0.0,0.0,0.0,1.0,0.0,0.2080507016620084,0.07807211883771276,0.12366548042704627,0.5537848605577689,7,54.259937914783734,0.99,True,0.08192490087278258,0.9252454980935356
ucr086_v1,ucr_split,ucr_086,seed0,federated_shared,ucr_086_p4,none,9b3d6d4364cf4bb4,,2026-08-02 06:23:09,0.7761564206589673,0.6342451870748298,0.9998771580345286,0.6505440882165865,0.9873272646080725,0.6868686868686867,64,35.0,1,0.052631578947368425,0.02702702702702703,1.0,0.3103168155970755,0.01320524192873521,59749,251,1.0,1.0,1.0,1.0,1.0,1.0,0.31591155451732894,0.7273847340855077,0.19489795918367347,0.7609561752988048,7,47.96366407096388,0.99,True,0.4217698815053265,0.9875121738560726
ucr086_v1,ucr_split,ucr_086,seed0,local,ucr_086_p0,none,9b3d6d4364cf4bb4,,2026-08-02 06:23:09,0.7180976662206506,0.5603106788984554,0.9995878486055777,0.010383268919539449,0.7488312828453213,0.030570587676825217,64,69.0,1,0.028368794326241138,0.014388489208633094,1.0,0.028380133906265613,0.16090645868550102,59749,251,0.0,0.0,0.0,0.0,0.0,0.0,0.028382164150511875,0.010218671980972465,0.014555145551455515,0.5657370517928287,7,106.7227822959423,0.99,True,0.010856006015049956,0.7689643176488354
ucr086_v1,ucr_split,ucr_086,seed0,local,ucr_086_p1,none,9b3d6d4364cf4bb4,,2026-08-02 06:23:09,0.7074238863556775,0.5473870078155183,0.9997018592297476,0.010130683625547353,0.7678709587164739,0.02782913301547144,64,53.0,1,0.00909090909090909,0.0045662100456621,1.0,0.02738053714684339,0.1851077005472895,59749,251,0.0,0.0,0.0,0.0,0.0,0.0,0.0274554248180871,0.010176675851265471,0.013996612284924667,0.6254980079681275,7,100.30499044259388,0.99,True,0.010572742775799216,0.784226682527056
ucr086_v1,ucr_split,ucr_086,seed0,local,ucr_086_p2,none,9b3d6d4364cf4bb4,,2026-08-02 06:23:09,0.7150331156274784,0.5565723211893919,0.9996385790172643,0.01333961591242123,0.7825702328845925,0.04557672081336918,64,71.0,1,0.06153846153846154,0.031746031746031744,1.0,0.040948555138007,0.12231167048820901,59749,251,0.0,0.0,0.0,0.0,0.0,0.0,0.04104264300595796,0.012781061610223006,0.021162603803911065,0.6294820717131474,7,103.66040067394569,0.99,True,0.014996366647211089,0.8094531824335082
ucr086_v1,ucr_split,ucr_086,seed0,local,ucr_086_p3,none,9b3d6d4364cf4bb4,,2026-08-02 06:23:09,0.6890957981082854,0.5257294453734671,0.9997650398406376,0.06105811238408715,0.9380932145157841,0.15510204081632656,64,53.0,1,0.030303030303030307,0.015384615384615385,1.0,0.08856473039854129,0.05720597834273377,59749,251,0.0,0.0,1.0,0.0,1.0,1.0,0.08908702373736796,0.06432178649763678,0.04738015607580825,0.6772908366533864,7,82.06453295787169,0.99,True,0.06302183866547585,0.9430204592865868
ucr086_v1,ucr_split,ucr_086,seed0,local,ucr_086_p4,none,9b3d6d4364cf4bb4,,2026-08-02 06:23:09,0.7940572864916242,0.6585265139751552,0.9998318061088978,0.30191402005817414,0.9344499522871209,0.574108818011257,64,33.0,1,0.04878048780487806,0.025,1.0,0.4022346368715084,0.007765820348457715,59749,251,0.0,0.0,1.0,1.0,1.0,1.0,0.41667607369621884,0.34584752761416915,0.2795031055900621,0.7171314741035857,7,89.41767091592156,0.99,True,0.3462707270281802,0.9394812713324686
ucr086_v1,ucr_split_w2p,ucr_086,seed0,centralized,ucr_086_p0,none,9b3d6d4364cf4bb4,,2026-08-02 06:23:09,0.7025133964159835,0.5414417339458053,1.0,0.02309186075815929,0.9157632803736269,0.07427869858809086,64,0.0,1,0.010810810810810811,0.005434782608695652,1.0,0.034338874067993706,0.23627173676546886,59749,251,0.0,0.0,0.0,0.0,0.0,0.0,0.03577153924014646,0.02210630089176004,0.01746937639198218,1.0,7,73.17123053749403,0.99,True,0.025769023463756202,0.9158748970027999
ucr086_v1,ucr_split_w2p,ucr_086,seed0,centralized,ucr_086_p1,none,9b3d6d4364cf4bb4,,2026-08-02 06:23:09,0.7190689997937346,0.5613643511461154,1.0,0.022241695016332545,0.9120882117815703,0.07513914656771799,64,0.0,1,0.012121212121212121,0.006097560975609756,1.0,0.041628659092793764,0.19342583139466768,59749,251,0.0,0.0,0.0,0.0,0.0,0.0,0.04335862169140183,0.021078931692530653,0.02125677506775068,1.0,7,77.77005914752682,0.99,True,0.02476105907193149,0.9121565676053555
ucr086_v1,ucr_split_w2p,ucr_086,seed0,centralized,ucr_086_p2,none,9b3d6d4364cf4bb4,,2026-08-02 06:23:09,0.7365437507400532,0.582959442538255,1.0,0.024899909089759538,0.9225577063784561,0.07932462567696717,64,0.0,1,0.03076923076923077,0.015625,1.0,0.0576812593358612,0.13725752732263302,59749,251,0.0,0.0,0.0,0.0,0.0,0.0,0.06005745778970673,0.02380245858187649,0.02969711310932324,1.0,7,78.76336734235286,0.99,True,0.027600920082934664,0.9229560342086086
ucr086_v1,ucr_split_w2p,ucr_086,seed0,centralized,ucr_086_p3,none,9b3d6d4364cf4bb4,,2026-08-02 06:23:09,0.6535272168592983,0.4853623668017409,1.0,0.7460551290382219,0.9980537439523735,0.6633165829145728,64,0.0,1,0.012820512820512822,0.0064516129032258064,1.0,0.07260630604570437,0.1073156036084286,59749,251,1.0,1.0,1.0,1.0,1.0,1.0,0.07557295514318894,0.7664213746688237,0.03767071889539247,1.0,7,64.59116368802643,0.99,True,0.5024365162069413,0.9975239746501052
ucr086_v1,ucr_split_w2p,ucr_086,seed0,centralized,ucr_086_p4,none,9b3d6d4364cf4bb4,,2026-08-02 06:23:09,0.627922778943833,0.4576439061210305,1.0,0.4800669611811126,0.9969905312389499,0.5959079283887468,64,0.0,1,0.0053475935828877,0.002680965147453083,1.0,0.032185676732705004,0.2526402115516578,59749,251,1.0,1.0,1.0,1.0,1.0,1.0,0.033530070628654526,0.48720646768384235,0.016356053694773883,1.0,7,64.2684664337567,0.99,True,0.4006180829365013,0.9967607915039769
ucr086_v1,ucr_split_w2p,ucr_086,seed0,federated,ucr_086_p0,none,9b3d6d4364cf4bb4,,2026-08-02 06:23:09,0.7211750889746116,0.5639357528595204,1.0,0.018848054535588295,0.9000013269321415,0.05541972290138549,64,0.0,1,0.06666666666666667,0.034482758620689655,1.0,0.0519453642384106,0.15334147851846894,59749,251,0.0,0.0,0.0,0.0,0.0,0.0,0.05297775859448415,0.018031848120339547,0.0266652501859131,1.0,7,57.52728939498464,0.99,True,0.0207529542161434,0.9004144774428869
ucr086_v1,ucr_split_w2p,ucr_086,seed0,federated,ucr_086_p1,none,9b3d6d4364cf4bb4,,2026-08-02 06:23:09,0.7176825556581252,0.5596762009476228,1.0,0.013013387044418932,0.8536453859868898,0.04101025256314079,64,0.0,1,0.038461538461538464,0.0196078431372549,1.0,0.034711658138570044,0.23364407772515022,59749,251,0.0,0.0,0.0,0.0,0.0,0.0,0.035665030397046216,0.012263228142131162,0.017662374217155725,1.0,7,83.23894571448365,0.99,True,0.013802135250500829,0.8541721525061358
ucr086_v1,ucr_split_w2p,ucr_086,seed0,federated,ucr_086_p2,none,9b3d6d4364cf4bb4,,2026-08-02 06:23:09,0.6965953663900105,0.5344429108408777,1.0,0.020343082993179516,0.9074000071614328,0.05853391684901532,64,0.0,1,0.0125,0.006289308176100629,1.0,0.026535574585051274,0.308222731761201,59749,251,0.0,0.0,0.0,0.0,0.0,0.0,0.027647346470264907,0.019314336316856515,0.013446188460920341,1.0,7,58.140825961480516,0.99,True,0.02214186052065719,0.9093206570236618
ucr086_v1,ucr_split_w2p,ucr_086,seed0,federated,ucr_086_p3,none,9b3d6d4364cf4bb4,,2026-08-02 06:23:09,0.6903704012424444,0.5272372402234635,0.9996838977423639,0.02998391991023823,0.9364539532209076,0.07365638766519823,64,63.0,1,0.13333333333333333,0.07142857142857142,1.0,0.05924672027084215,0.07255351554000904,59749,251,0.0,0.0,0.0,0.0,0.0,0.0,0.06091195098213245,0.030198400005878315,0.03128491620111732,0.5577689243027888,7,53.228826747400056,0.99,True,0.03327084518274111,0.9385282420527244
ucr086_v1,ucr_split_w2p,ucr_086,seed0,federated,ucr_086_p4,none,9b3d6d4364cf4bb4,,2026-08-02 06:23:09,0.6686647977052786,0.5022512711695386,1.0,0.2109265570874732,0.9929539903283318,0.44915254237288127,64,0.0,1,0.07407407407407407,0.038461538461538464,1.0,0.008545117197473914,0.9748280305946543,59749,251,0.0,0.0,0.0,0.0,1.0,1.0,0.008906606324842161,0.21405055627854952,0.004290891684901532,1.0,7,21.140559414272456,0.99,True,0.2567342386451404,0.9929759081002643
ucr086_v1,ucr_split_w2p,ucr_086,seed0,federated_cb_only,ucr_086_p0,none,9b3d6d4364cf4bb4,,2026-08-02 06:23:09,0.6282442807785468,0.45798553778591866,1.0,0.024856789041854926,0.9220301341621747,0.08022519352568615,64,0.0,1,0.0076045627376425855,0.003816793893129771,1.0,0.014047459144839937,0.5897002460292222,59749,251,0.0,0.0,0.0,0.0,0.0,0.0,0.014639971290748609,0.023269868835561182,0.007073411300549528,1.0,7,27.978346288389815,0.99,True,0.027735555698967927,0.9223129033164088
ucr086_v1,ucr_split_w2p,ucr_086,seed0,federated_cb_only,ucr_086_p1,none,9b3d6d4364cf4bb4,,2026-08-02 06:23:09,0.7115597627859883,0.5522644684898933,1.0,0.017259616195735097,0.8914396806987852,0.04569190600522194,64,0.0,1,0.013422818791946308,0.006756756756756757,1.0,0.011867331741566393,0.6995765619508276,59749,251,0.0,0.0,0.0,0.0,0.0,0.0,0.012368471916868927,0.017007636915151392,0.005969084423305589,1.0,7,30.921038516813002,0.99,True,0.018782915620747492,0.8940140994073222
ucr086_v1,ucr_split_w2p,ucr_086,seed0,federated_cb_only,ucr_086_p2,none,9b3d6d4364cf4bb4,,2026-08-02 06:23:09,0.6363667545959455,0.4666700205064195,1.0,0.02481146779507632,0.9234756233563796,0.07419450192137157,64,0.0,1,0.007575757575757576,0.0038022813688212928,1.0,0.017744158919797817,0.46509565013640397,59749,251,0.0,0.0,0.0,0.0,0.0,0.0,0.018491114197836375,0.023409169541607378,0.008951497860199715,1.0,7,42.017829374765405,0.99,True,0.027192718201377086,0.9241297381523119
ucr086_v1,ucr_split_w2p,ucr_086,seed0,federated_cb_only,ucr_086_p3,none,9b3d6d4364cf4bb4,,2026-08-02 06:23:09,0.6043743527368672,0.43304904429211727,1.0,0.11039095925241234,0.9822971915914644,0.2267379679144385,64,0.0,1,0.011904761904761906,0.005988023952095809,1.0,0.0261240632805995,0.31321026293327087,59749,251,0.0,0.0,1.0,1.0,1.0,1.0,0.02721883648554583,0.11585342882743616,0.01323490640653836,1.0,7,24.630696013933925,0.99,True,0.11963939254600794,0.9834157906608917
ucr086_v1,ucr_split_w2p,ucr_086,seed0,federated_cb_only,ucr_086_p4,none,9b3d6d4364cf4bb4,,2026-08-02 06:23:09,0.7822344156236773,0.6423522110162917,1.0,0.6570557911240403,0.9977144093961732,0.6014388489208633,64,0.0,1,0.16666666666666669,0.09090909090909091,1.0,0.32597402597402597,0.017372675693317043,59749,251,1.0,1.0,1.0,1.0,1.0,1.0,0.33439350231247744,0.7028355777644425,0.1947245927075252,1.0,7,39.25804070964095,0.99,True,0.5029651772537165,0.9977309990822076
ucr086_v1,ucr_split_w2p,ucr_086,seed0,federated_cb_only_ema,ucr_086_p0,none,9b3d6d4364cf4bb4,,2026-08-02 06:23:09,0.6252939053632196,0.45485642916890706,1.0,0.01590163773226484,0.8803329919539236,0.052493987242497125,64,0.0,1,0.01,0.005025125628140704,1.0,0.017835571662047894,0.4626688312775109,59749,251,0.0,0.0,0.0,0.0,0.0,0.0,0.018586338226705978,0.014620273581596847,0.008998028320487543,1.0,7,22.97077183424544,0.99,True,0.01736288383499187,0.8808563690238662
ucr086_v1,ucr_split_w2p,ucr_086,seed0,federated_cb_only_ema,ucr_086_p1,none,9b3d6d4364cf4bb4,,2026-08-02 06:23:09,0.7052607011280226,0.5447125160582293,1.0,0.015640005866896168,0.8782227030887979,0.04807692307692307,64,0.0,1,0.03278688524590164,0.016666666666666666,1.0,0.009675056855413791,0.85999765686455,59749,251,0.0,0.0,0.0,0.0,0.0,0.0,0.010084099531053417,0.014876083802630386,0.0048610438655950425,1.0,7,9.771212686561933,0.99,True,0.017037940599769572,0.8788989119531211
ucr086_v1,ucr_split_w2p,ucr_086,seed0,federated_cb_only_ema,ucr_086_p2,none,9b3d6d4364cf4bb4,,2026-08-02 06:23:09,0.6873122730615789,0.5235916044287212,1.0,0.018055957751253803,0.8962403744909231,0.05425851049954351,64,0.0,1,0.021052631578947368,0.010638297872340425,1.0,0.02436538368198806,0.33642404056971664,59749,251,0.0,0.0,0.0,0.0,0.0,0.0,0.025387423418023868,0.017420933403529272,0.012332940251572328,1.0,7,21.189683178958386,0.99,True,0.01962811781713445,0.8974999020162785
ucr086_v1,ucr_split_w2p,ucr_086,seed0,federated_cb_only_ema,ucr_086_p3,none,9b3d6d4364cf4bb4,,2026-08-02 06:23:09,0.7249444858430363,0.5685591551065542,1.0,0.06873181279668447,0.9743346652220222,0.17153284671532848,64,0.0,1,0.03773584905660378,0.019230769230769232,1.0,0.049220511814883815,0.16229560327369497,59749,251,0.0,0.0,0.0,0.0,0.0,0.0,0.05125754756749489,0.06872557786131339,0.025231202251708888,1.0,7,12.906766674126162,0.99,True,0.0794019660604099,0.9752131112273567
ucr086_v1,ucr_split_w2p,ucr_086,seed0,federated_cb_only_ema,ucr_086_p4,none,9b3d6d4364cf4bb4,,2026-08-02 06:23:09,0.7360128698999354,0.5822945917508419,1.0,0.5101205488844434,0.9849875965184769,0.5219638242894056,64,0.0,1,0.018518518518518517,0.009345794392523364,1.0,0.042778014486578614,0.18800314649617567,59749,251,1.0,1.0,1.0,1.0,1.0,1.0,0.044554632545690254,0.5350481391703483,0.02185649599442703,1.0,7,12.113554055676614,0.99,True,0.30835527453193684,0.9863411829724231
ucr086_v1,ucr_split_w2p,ucr_086,seed0,federated_fedavg_cb_only,ucr_086_p0,none,9b3d6d4364cf4bb4,,2026-08-02 06:23:09,0.6596153372867845,0.49210898605150166,1.0,0.0150187180954332,0.8696430532535209,0.05126602063144733,64,0.0,1,0.0072992700729927005,0.003663003663003663,1.0,0.01139484734990353,0.7289327018025407,59749,251,0.0,0.0,0.0,0.0,0.0,0.0,0.011876156796151232,0.013970186740825279,0.005730070313213405,1.0,7,55.90357573163754,0.99,True,0.016678287003350473,0.8701634149305545
ucr086_v1,ucr_split_w2p,ucr_086,seed0,federated_fedavg_cb_only,ucr_086_p1,none,9b3d6d4364cf4bb4,,2026-08-02 06:23:09,0.6876712421068596,0.5240083614496657,1.0,0.013765373468196127,0.8610522678570559,0.04340040029495418,64,0.0,1,0.010050251256281409,0.005050505050505051,1.0,0.009470268638696046,0.8787762138278465,59749,251,0.0,0.0,0.0,0.0,0.0,0.0,0.009870697073920251,0.013203895822538982,0.004757662490285649,1.0,7,71.24242046952247,0.99,True,0.015837195215068763,0.8622158643851464
ucr086_v1,ucr_split_w2p,ucr_086,seed0,federated_fedavg_cb_only,ucr_086_p2,none,9b3d6d4364cf4bb4,,2026-08-02 06:23:09,0.6034147802144113,0.43206441802889106,1.0,0.036327750219757725,0.9478857070004473,0.0927088363109609,64,0.0,1,0.007782101167315175,0.00390625,1.0,0.01650772772114436,0.5005606788398133,59749,251,0.0,0.0,0.0,0.0,0.0,0.0,0.01720309522112425,0.0359371491087473,0.008322557113962665,1.0,7,49.9870277244846,0.99,True,0.04395512270463857,0.9481161555833686
ucr086_v1,ucr_split_w2p,ucr_086,seed0,federated_fedavg_cb_only,ucr_086_p3,none,9b3d6d4364cf4bb4,,2026-08-02 06:23:09,0.6951830298616178,0.5327820267296879,1.0,0.05035482977446968,0.962229443370637,0.11623246492985972,64,0.0,1,0.018181818181818184,0.009174311926605505,1.0,0.04008944258105734,0.20117491506133994,59749,251,0.0,0.0,0.0,0.0,0.0,0.0,0.041756831031783466,0.05097552516311289,0.020454730665797408,1.0,7,48.39930599557059,0.99,True,0.0554072751932818,0.9635881491070478
ucr086_v1,ucr_split_w2p,ucr_086,seed0,federated_fedavg_cb_only,ucr_086_p4,none,9b3d6d4364cf4bb4,,2026-08-02 06:23:09,0.714972290394915,0.5563866717042548,1.0,0.871246763860879,0.9991527638296168,0.7684964200477327,64,0.0,1,0.025974025974025976,0.013157894736842105,1.0,0.11028119507908611,0.06778356123115031,59749,251,1.0,1.0,1.0,1.0,1.0,1.0,0.11469385446240007,0.9078647369169047,0.0583585212741223,1.0,7,56.94895562961391,0.99,True,0.688398170551927,0.9988107587044696
ucr086_v1,ucr_split_w2p,ucr_086,seed0,federated_fedavg_cb_sharedprior,ucr_086_p0,none,9b3d6d4364cf4bb4,,2026-08-02 06:23:09,0.5707887144337944,0.5162033216328652,0.6382833333333333,0.012790776321893006,0.83985836099609,0.03975121687398594,64,251.0,1,0.0,0.0,0.0,0.0,0.021456426048971532,59749,251,0.0,0.0,0.0,0.0,0.0,0.0,0.0,0.013318321538388377,0.0,0.0,7,149.35348284244537,0.99,True,0.01402569521246066,0.8498383182517877
ucr086_v1,ucr_split_w2p,ucr_086,seed0,federated_fedavg_cb_sharedprior,ucr_086_p1,none,9b3d6d4364cf4bb4,,2026-08-02 06:23:09,0.5271513261788792,0.5244800032488629,0.5298499999999999,0.027365896823486873,0.9253557328369496,0.08082077051926298,64,251.0,1,0.0,0.0,0.0,0.0,0.008585917755945706,59749,251,0.0,0.0,0.0,0.0,0.0,0.0,0.0,0.02844828736143512,0.0,0.0,7,140.44370193481447,0.99,True,0.03143796516755685,0.9325461906213685
ucr086_v1,ucr_split_w2p,ucr_086,seed0,federated_fedavg_cb_sharedprior,ucr_086_p2,none,9b3d6d4364cf4bb4,,2026-08-02 06:23:09,0.541595148340515,0.47610062530062525,0.6279833333333332,0.028552410958917494,0.9331839656720655,0.07434241612852417,64,251.0,1,0.0,0.0,0.0,0.0,0.011598520477330164,59749,251,0.0,0.0,0.0,0.0,0.0,0.0,0.0,0.028698026446085434,0.0,0.0,7,126.66069491247335,0.99,True,0.03197530468090001,0.9381049067317707
ucr086_v1,ucr_split_w2p,ucr_086,seed0,federated_fedavg_cb_sharedprior,ucr_086_p3,none,9b3d6d4364cf4bb4,,2026-08-02 06:23:09,,,,0.018808125063727855,0.9007963526569549,0.05346326046879115,64,251.0,1,0.0,0.0,0.0,0.0,0.0,59749,251,0.0,0.0,0.0,0.0,0.0,0.0,0.0,0.01845989903019498,0.0,0.0,7,192.4831532486279,0.99,True,0.020484146074550538,0.903057638162687
ucr086_v1,ucr_split_w2p,ucr_086,seed0,federated_fedavg_cb_sharedprior,ucr_086_p4,none,9b3d6d4364cf4bb4,,2026-08-02 06:23:09,,,,0.020345720557527293,0.872975253249,0.06599450045829515,64,251.0,1,0.0,0.0,0.0,0.0,0.0,59749,251,0.0,0.0,0.0,0.0,0.0,0.0,0.0,0.021937593949606385,0.0,0.0,7,124.37250210126241,0.99,True,0.025415656470676767,0.8945897313126028
ucr086_v1,ucr_split_w2p,ucr_086,seed0,federated_shared,ucr_086_p0,none,9b3d6d4364cf4bb4,,2026-08-02 06:23:09,0.7039098022840781,0.54334041005291,0.9991943559096945,0.01126052377337669,0.8303055164569926,0.029703677258122098,64,85.0,1,0.07407407407407407,0.038461538461538464,1.0,0.024341844159280326,0.12077189576394584,59749,251,0.0,0.0,0.0,0.0,0.0,0.0,0.024446336942960115,0.011235454857621896,0.012588943623426382,0.3665338645418327,7,141.9786047233831,0.99,True,0.012220402014168345,0.8347576002931122
ucr086_v1,ucr_split_w2p,ucr_086,seed0,federated_shared,ucr_086_p1,none,9b3d6d4364cf4bb4,,2026-08-02 06:23:09,0.723088446802501,0.5662791952910315,1.0,0.010587271580441319,0.8146717886691863,0.03461863214185195,64,0.0,1,0.034482758620689655,0.017543859649122806,1.0,0.03086761360142655,0.26378684162078025,59749,251,0.0,0.0,0.0,0.0,0.0,0.0,0.031717140199769484,0.010312873935754547,0.015675743192605545,1.0,7,96.33962725228287,0.99,True,0.011556393172158046,0.8156349256470017
ucr086_v1,ucr_split_w2p,ucr_086,seed0,federated_shared,ucr_086_p2,none,9b3d6d4364cf4bb4,,2026-08-02 06:23:09,0.7180333540417113,0.5601029919970897,1.0,0.013164285986958521,0.8504564146466903,0.04320337197049525,64,0.0,1,0.02857142857142857,0.014492753623188406,1.0,0.029979098238280082,0.27185392224137644,59749,251,0.0,0.0,0.0,0.0,0.0,0.0,0.031232815702219807,0.012062811055711626,0.015217654904813872,1.0,7,57.14973234840637,0.99,True,0.014537448420133728,0.8507950144676224
ucr086_v1,ucr_split_w2p,ucr_086,seed0,federated_shared,ucr_086_p3,none,9b3d6d4364cf4bb4,,2026-08-02 06:23:09,0.6861164339538744,0.5223349678058444,0.9995233731739707,0.04144375893214295,0.9502839868162958,0.11237928007023706,64,73.0,1,0.08333333333333333,0.043478260869565216,1.0,0.07466814159292036,0.054059482167065555,59749,251,0.0,0.0,0.0,0.0,0.0,0.0,0.07529494821094138,0.04299873453432662,0.04011887072808321,0.5378486055776892,7,46.60505501027606,0.99,True,0.045958669654550276,0.9517870780631735
ucr086_v1,ucr_split_w2p,ucr_086,seed0,federated_shared,ucr_086_p4,none,9b3d6d4364cf4bb4,,2026-08-02 06:23:09,0.6581776409337945,0.4905102650039535,1.0,0.23688514896274732,0.9939844631582626,0.5315904139433552,64,0.0,1,0.009478672985781991,0.004761904761904762,1.0,0.010865800865800865,0.7648328842323721,59749,251,0.0,0.0,1.0,0.0,1.0,1.0,0.011324893641895465,0.23132689469239898,0.005462578075692615,1.0,7,15.274785051940858,0.99,True,0.31347407904059177,0.9942548132199752
ucr086_v1,ucr_split_w2p,ucr_086,seed0,local,ucr_086_p0,none,9b3d6d4364cf4bb4,,2026-08-02 06:23:09,0.6660883777573428,0.4993497070199242,1.0,0.015554128444613617,0.8727860153888122,0.05358295674628793,64,0.0,1,0.01886792452830189,0.009523809523809525,1.0,0.008694899107993419,0.9578905086277595,59749,251,0.0,0.0,0.0,0.0,0.0,0.0,0.009062695127525562,0.01449852825794646,0.004366432398580474,1.0,7,73.65225287715593,0.99,True,0.017063450175519954,0.8730773700386618
ucr086_v1,ucr_split_w2p,ucr_086,seed0,local,ucr_086_p1,none,9b3d6d4364cf4bb4,,2026-08-02 06:23:09,0.7114272337111179,0.5521048188532216,1.0,0.01393194227374428,0.8606034447291755,0.04475308641975309,64,0.0,1,0.007905138339920948,0.003968253968253968,1.0,0.017363633219189926,0.4754723928433949,59749,251,0.0,0.0,0.0,0.0,0.0,0.0,0.018094719123865555,0.013292568432100372,0.00875785066294487,1.0,7,79.66169937213262,0.99,True,0.01528767243968833,0.8613585580443615
ucr086_v1,ucr_split_w2p,ucr_086,seed0,local,ucr_086_p2,none,9b3d6d4364cf4bb4,,2026-08-02 06:23:09,0.6121949740716055,0.44112462675516523,1.0,0.017693745421576187,0.8922993193504913,0.055280255478471534,64,0.0,1,0.01,0.005025125628140704,1.0,0.02589631158111942,0.31603876215501514,59749,251,0.0,0.0,0.0,0.0,0.0,0.0,0.026981673552207836,0.016538929970597353,0.013118009825441623,1.0,7,83.21491545041403,0.99,True,0.019273067568714726,0.8931429680189219
ucr086_v1,ucr_split_w2p,ucr_086,seed0,local,ucr_086_p3,none,9b3d6d4364cf4bb4,,2026-08-02 06:23:09,0.6484811717481563,0.4798166020276246,1.0,0.03409773945110246,0.9461541605757258,0.08952654232424678,64,0.0,1,0.007782101167315175,0.00390625,1.0,0.020286106845550798,0.4057641132069156,59749,251,0.0,0.0,0.0,0.0,0.0,0.0,0.021138903436022743,0.033040101067212974,0.010246989181465604,1.0,7,63.728376381847774,0.99,True,0.03621547080140801,0.9464391204654439
ucr086_v1,ucr_split_w2p,ucr_086,seed0,local,ucr_086_p4,none,9b3d6d4364cf4bb4,,2026-08-02 06:23:09,0.6777652165598769,0.512590672283255,1.0,0.14949823163388448,0.9887659524415517,0.33553251649387367,64,0.0,1,0.004106776180698153,0.00205761316872428,1.0,0.01757703081232493,0.46959781753669516,59749,251,0.0,0.0,0.0,0.0,1.0,0.0,0.018317017015476104,0.15419706057238403,0.008866438235190222,1.0,7,76.58565531949202,0.99,True,0.20594309062835606,0.9891290119290447
ucr170_abl_fidelity_znorm,ucr_split_w2p,ucr_170,seed0,centralized,ucr_170_p0,zscore,,,,0.7063606461125937,0.5460259414573073,1.0,0.4478215855201902,0.9972632969173981,0.4855491329479769,64,0.0,1,0.07692307692307693,0.04,1.0,0.07338842975206611,0.06175505078322942,45389,111,0.0,0.0,1.0,1.0,1.0,1.0,0.08408840103495624,0.47441885324985233,0.03809196980096088,1.0,7,49.773531894613285,0.99,True,0.40113231903931645,0.997849076674007
ucr170_abl_fidelity_znorm,ucr_split_w2p,ucr_170,seed0,centralized,ucr_170_p1,zscore,,,,0.7073658932477059,0.5472282446770202,1.0,0.4478215855201902,0.9972632969173981,0.4855491329479769,64,0.0,1,0.07407407407407407,0.038461538461538464,1.0,0.07375415282392027,0.061424574236048385,45389,111,0.0,0.0,1.0,1.0,1.0,1.0,0.08450495946210133,0.47441885324985233,0.03828906519489479,1.0,7,49.854713362455364,0.99,True,0.40113231903931645,0.997849076674007
ucr170_abl_fidelity_znorm,ucr_split_w2p,ucr_170,seed0,centralized,ucr_170_p2,zscore,,,,0.7041303197848057,0.5433650702190027,1.0,0.4478215855201902,0.9972632969173981,0.4855491329479769,64,0.0,1,0.1,0.05263157894736842,1.0,0.0883054892601432,0.05049681640926216,45389,111,0.0,0.0,1.0,1.0,1.0,1.0,0.10105911782370479,0.47441885324985233,0.046192259675405745,1.0,7,52.515908615017885,0.99,True,0.40113231903931645,0.997849076674007
ucr170_abl_fidelity_znorm,ucr_split_w2p,ucr_170,seed0,centralized,ucr_170_p3,zscore,,,,0.7135769225289842,0.5546984775271661,1.0,0.4478215855201902,0.9972632969173981,0.4855491329479769,64,0.0,1,0.052631578947368425,0.02702702702702703,1.0,0.06306818181818181,0.07266077684020357,45389,111,0.0,0.0,1.0,1.0,1.0,1.0,0.0723235499469391,0.47441885324985233,0.03256086828982106,1.0,7,47.819924598249266,0.99,True,0.40113231903931645,0.997849076674007
ucr170_abl_fidelity_znorm,ucr_split_w2p,ucr_170,seed0,centralized,ucr_170_p4,zscore,,,,0.7055310386357976,0.5450351145478678,1.0,0.4478215855201902,0.9972632969173981,0.4855491329479769,64,0.0,1,0.09523809523809523,0.05,1.0,0.0799423838674829,0.0562911718698363,45389,111,0.0,0.0,1.0,1.0,1.0,1.0,0.09154964747592349,0.47441885324985233,0.041635408852213056,1.0,7,51.05228920909266,0.99,True,0.40113231903931645,0.997849076674007
ucr170_abl_znorm,ucr_split_w2p,ucr_170,seed0,centralized,ucr_170_p0,zscore,,,,0.7183779221479362,0.560522430568536,1.0,0.8024350815748299,0.999143142790282,0.7246376811594203,64,0.0,1,0.05882352941176471,0.030303030303030304,1.0,0.09466950959488273,0.046773447311022495,45389,111,1.0,1.0,1.0,1.0,1.0,1.0,0.10828695477669255,0.8247125366640282,0.049686660698299016,1.0,7,47.63922347296029,0.99,True,0.5709150360077586,0.9989405116798954
ucr170_abl_znorm,ucr_split_w2p,ucr_170,seed0,centralized,ucr_170_p1,zscore,,,,0.7080744089967684,0.5480767730956707,1.0,0.8024350815748299,0.999143142790282,0.7246376811594203,64,0.0,1,0.0392156862745098,0.02,1.0,0.056618209640397855,0.08149551653484324,45389,111,1.0,1.0,1.0,1.0,1.0,1.0,0.06496080729679532,0.8247123462969584,0.029133858267716535,1.0,7,43.46040703867872,0.99,True,0.5709150360077586,0.9989405116798954
ucr170_abl_znorm,ucr_split_w2p,ucr_170,seed0,centralized,ucr_170_p2,zscore,,,,0.7094948494232981,0.5497807188961924,1.0,0.8024350815748299,0.999143142790282,0.7246376811594203,64,0.0,1,0.037037037037037035,0.018867924528301886,1.0,0.05538922155688623,0.08341228050849325,45389,111,1.0,1.0,1.0,1.0,1.0,1.0,0.06355703123867319,0.8247124194184524,0.02848344880677444,1.0,7,43.25848583757877,0.99,True,0.5709150360077586,0.9989405116798954
ucr170_abl_znorm,ucr_split_w2p,ucr_170,seed0,centralized,ucr_170_p3,zscore,,,,0.70309925095385,0.5421380560316341,1.0,0.8024350815748299,0.999143142790282,0.7246376811594203,64,0.0,1,0.02631578947368421,0.013333333333333334,1.0,0.04425837320574163,0.1056203044790588,45389,111,1.0,1.0,1.0,1.0,1.0,1.0,0.050830472274977216,0.8247124194184524,0.022629969418960245,1.0,7,41.533258967262995,0.99,True,0.5709150360077586,0.9989405116798954
ucr170_abl_znorm,ucr_split_w2p,ucr_170,seed0,centralized,ucr_170_p4,zscore,,,,0.7074023425506203,0.5472718741781591,1.0,0.8024350815748299,0.999143142790282,0.7246376811594203,64,0.0,1,0.03333333333333333,0.01694915254237288,1.0,0.04845045831514622,0.09605851638062085,45389,111,1.0,1.0,1.0,1.0,1.0,1.0,0.055626213080003914,0.82471244870083,0.024826660702303736,1.0,7,42.171040508855775,0.99,True,0.5709150360077586,0.9989405116798954
ucr170_cb128,ucr_split,ucr_170,seed0,federated_cb_only,ucr_170_p0,none,e001d7c1291eaeb9,--codebook-size 128,2026-08-02 10:54:52,0.6668158160906256,0.5001678118737369,1.0,0.00306450334166983,0.6263390006587698,0.010253033581036592,64,0.0,1,1.0,1.0,1.0,0.004868848144574086,0.999669523452819,45389,111,1.0,1.0,1.0,1.0,1.0,1.0,0.005609725482283104,0.003144432014175893,0.0024403649554798285,1.0,7,42.10748093244474,0.99,True,0.0037095945532994354,0.6602780337708024
ucr170_cb128,ucr_split,ucr_170,seed0,federated_cb_only,ucr_170_p1,none,e001d7c1291eaeb9,--codebook-size 128,2026-08-02 10:54:52,0.6083487440543411,0.4371471114622214,0.9999714879714879,0.015540414551922867,0.921515888974965,0.04273029966703663,64,12.0,1,0.0072992700729927005,0.003663003663003663,1.0,0.027966101694915254,0.15135825860891405,45389,111,0.0,0.0,0.0,0.0,0.0,0.0,0.028457390658120307,0.015349247301836195,0.01420576840292725,0.8918918918918919,7,33.83972981597275,0.99,True,0.016957026563664167,0.9274049579310993
ucr170_cb128,ucr_split,ucr_170,seed0,federated_cb_only,ucr_170_p2,none,e001d7c1291eaeb9,--codebook-size 128,2026-08-02 10:54:52,0.6409987860721581,0.4716690312729867,1.0,0.5939497328483387,0.9970755306629637,0.5609756097560976,64,0.0,1,0.01923076923076923,0.009708737864077669,1.0,0.10657705232837254,0.04100112362026041,45389,111,1.0,1.0,1.0,1.0,1.0,1.0,0.11558038243451157,0.6091396966318792,0.05628803245436106,1.0,7,40.843404686922405,0.99,True,0.36674753259000725,0.996987121228029
ucr170_cb128,ucr_split,ucr_170,seed0,federated_cb_only,ucr_170_p3,none,e001d7c1291eaeb9,--codebook-size 128,2026-08-02 10:54:52,0.703134499683225,0.5421799712549034,1.0,0.3185772701765095,0.9891875616170049,0.3372093023255814,64,0.0,1,0.024096385542168676,0.012195121951219513,1.0,0.07285854939284542,0.06223974971909493,45389,111,1.0,1.0,1.0,1.0,1.0,1.0,0.07723963388439525,0.33537287309238545,0.03780653950953679,1.0,7,49.97955502558495,0.99,True,0.15834792654403082,0.990113463827886
ucr170_cb128,ucr_split,ucr_170,seed0,federated_cb_only,ucr_170_p4,none,e001d7c1291eaeb9,--codebook-size 128,2026-08-02 10:54:52,0.717640460981575,0.5596250030868011,1.0,0.6520406666868247,0.9978140911626998,0.6367713004484306,64,0.0,1,0.019801980198019802,0.01,1.0,0.11739820200951877,0.03677102381634317,45389,111,1.0,1.0,1.0,1.0,1.0,1.0,0.1279950963615034,0.6558232288526347,0.062359550561797754,1.0,7,37.910712506786936,0.99,True,0.39859427689945537,0.9976570325683571
ucr170_cb128,ucr_split,ucr_170,seed0,federated_fedavg_cb_only,ucr_170_p0,none,e001d7c1291eaeb9,--codebook-size 128,2026-08-02 10:54:52,0.6686259096723375,0.502207391994374,1.0,0.01108445784387547,0.8751981618755508,0.0332129963898917,64,0.0,1,0.007194244604316546,0.0036101083032490976,1.0,0.006926244852115313,0.7012712331181564,45389,111,0.0,0.0,0.0,0.0,0.0,0.0,0.007823620939005302,0.011386528255754098,0.0034751573213111673,1.0,7,42.064454924595964,0.99,True,0.011861662272620272,0.8837817035863555
ucr170_cb128,ucr_split,ucr_170,seed0,federated_fedavg_cb_only,ucr_170_p1,none,e001d7c1291eaeb9,--codebook-size 128,2026-08-02 10:54:52,0.6447629990085078,0.4758736974355187,0.9994832194832195,0.021437585929368223,0.9349334352749278,0.06714628297362109,64,47.0,1,0.0392156862745098,0.02,1.0,0.03228962818003914,0.04186036264293111,45389,111,0.0,0.0,0.0,0.0,1.0,1.0,0.032480948589122656,0.021326834024607576,0.017071908949818936,0.2972972972972973,7,37.10590011041058,0.99,True,0.021985976338547954,0.9376410415354534
ucr170_cb128,ucr_split,ucr_170,seed0,federated_fedavg_cb_only,ucr_170_p2,none,e001d7c1291eaeb9,--codebook-size 128,2026-08-02 10:54:52,0.8231103619636165,0.6993946886446886,1.0,0.6961895852148265,0.9988599055333286,0.6367713004484306,64,0.0,1,0.09523809523809523,0.05,1.0,0.45962732919254656,0.00575029192095001,45389,111,1.0,1.0,1.0,1.0,1.0,1.0,0.4715523358475115,0.7079099760326077,0.29838709677419356,1.0,7,34.483601502949355,0.99,True,0.4310906714044741,0.9982194170342888
ucr170_cb128,ucr_split,ucr_170,seed0,federated_fedavg_cb_only,ucr_170_p3,none,e001d7c1291eaeb9,--codebook-size 128,2026-08-02 10:54:52,0.7849248182768603,0.6460791093723031,0.9997833877833878,0.15949293425442965,0.9831296188563368,0.3183856502242153,64,33.0,1,0.16666666666666669,0.09090909090909091,1.0,0.3002028397565923,0.006785785102117253,45389,111,1.0,1.0,1.0,1.0,1.0,1.0,0.30710231734524485,0.1567858216833872,0.193717277486911,0.6666666666666666,7,32.19239509489913,0.99,True,0.1668422203845567,0.9882633945855909
ucr170_cb128,ucr_split,ucr_170,seed0,federated_fedavg_cb_only,ucr_170_p4,none,e001d7c1291eaeb9,--codebook-size 128,2026-08-02 10:54:52,0.6835767273782629,0.5192681879718506,1.0,0.19933003872830404,0.9951653166749335,0.3949579831932773,64,0.0,1,0.022727272727272724,0.011494252873563218,1.0,0.11604809200209096,0.03725572275220868,45389,111,0.0,0.0,0.0,0.0,1.0,1.0,0.12071430845158737,0.1960205244236293,0.061598224195338516,1.0,7,44.69723793322842,0.99,True,0.23803006323737047,0.9958948851566334
ucr170_cb128,ucr_split_w2p,ucr_170,seed0,federated_cb_only,ucr_170_p0,none,e001d7c1291eaeb9,--codebook-size 128,2026-08-02 10:54:52,0.6681936921440319,0.5017198733798875,1.0,0.2388000233437658,0.9870383723960583,0.37566137566137564,64,0.0,1,1.0,1.0,1.0,0.004889114013257868,0.9955055189583379,45389,111,1.0,1.0,1.0,1.0,1.0,1.0,0.0056330658630486035,0.2427212825721012,0.002450547509713882,1.0,7,51.00887030996848,0.99,True,0.22327651038892335,0.9912520174579238
ucr170_cb128,ucr_split_w2p,ucr_170,seed0,federated_cb_only,ucr_170_p1,none,e001d7c1291eaeb9,--codebook-size 128,2026-08-02 10:54:52,0.6852796357164348,0.5212360394903189,1.0,0.018923981439564173,0.9322999440869408,0.05387755102040816,64,0.0,1,0.009708737864077669,0.004878048780487805,1.0,0.006441691088993994,0.7543898301350548,45389,111,0.0,0.0,0.0,0.0,0.0,0.0,0.0074209540769035465,0.01862800086149688,0.0032312529110386586,1.0,7,17.42128028790804,0.99,True,0.021730752597332283,0.9373078505680988
ucr170_cb128,ucr_split_w2p,ucr_170,seed0,federated_cb_only,ucr_170_p2,none,e001d7c1291eaeb9,--codebook-size 128,2026-08-02 10:54:52,0.6853679753551041,0.5215158404329752,0.9993472923472925,0.003367799143532779,0.6536871754655799,0.011956697366295038,64,36.0,1,0.033613445378151266,0.017094017094017096,1.0,0.0012377195018179006,0.2821829077529798,45389,111,0.0,0.0,0.0,0.0,0.0,0.0,0.001297273247588332,0.0032724747044659574,0.0006242197253433209,0.07207207207207207,7,32.24778971281272,0.99,True,0.0038620948073492417,0.6614076951883078
ucr170_cb128,ucr_split_w2p,ucr_170,seed0,federated_cb_only,ucr_170_p3,none,e001d7c1291eaeb9,--codebook-size 128,2026-08-02 10:54:52,0.6523589790367988,0.48460490875213297,0.9977450747450747,0.002546246437396514,0.5405816268139738,0.00900060814919927,64,0.0,1,0.012269938650306747,0.006172839506172839,1.0,0.0004610951008645533,0.37971755271100927,45389,111,0.0,0.0,0.0,0.0,0.0,0.0,0.001059541784328167,0.002466011898912296,0.0002320320204188178,0.036036036036036036,7,18.196141225991393,0.99,True,0.002850008435012043,0.5596128484453132
ucr170_cb128,ucr_split_w2p,ucr_170,seed0,federated_cb_only,ucr_170_p4,none,e001d7c1291eaeb9,--codebook-size 128,2026-08-02 10:54:52,0.5911074635013811,0.4195546843980038,1.0,0.011062234644218797,0.8958887725108616,0.03677323173761802,64,0.0,1,0.014814814814814815,0.007462686567164179,1.0,0.014323504742241436,0.33657934741897816,45389,111,0.0,0.0,0.0,0.0,0.0,0.0,0.016287540483212577,0.011283152768153682,0.007213413049129191,1.0,7,24.71021432800842,0.99,True,0.012833123547567245,0.897564041879006
ucr170_cb128,ucr_split_w2p,ucr_170,seed0,federated_fedavg_cb_only,ucr_170_p0,none,e001d7c1291eaeb9,--codebook-size 128,2026-08-02 10:54:52,0.6729137125280487,0.5070610094313638,1.0,0.4181429722071819,0.9461720196920356,0.5209302325581394,64,0.0,1,0.11764705882352941,0.0625,1.0,0.005036640424711301,0.9662032651082861,45389,111,1.0,1.0,1.0,1.0,1.0,1.0,0.005802971022547769,0.43433030978997617,0.00252467816039667,1.0,7,57.636711799287205,0.99,True,0.23066565429561908,0.9619350761095742
ucr170_cb128,ucr_split_w2p,ucr_170,seed0,federated_fedavg_cb_only,ucr_170_p1,none,e001d7c1291eaeb9,--codebook-size 128,2026-08-02 10:54:52,0.6825256541176307,0.5180561247744933,1.0,0.0023796965056086237,0.49443975690423064,0.008959199322006537,64,0.0,1,0.015384615384615384,0.007751937984496124,1.0,0.007708065692163466,0.62964594945912,45389,111,0.0,0.0,0.0,0.0,0.0,0.0,0.008763150483345954,0.002434470625469796,0.003868943882886023,1.0,7,12.833560194118569,0.99,True,0.0027658466354772517,0.5131814127359484
ucr170_cb128,ucr_split_w2p,ucr_170,seed0,federated_fedavg_cb_only,ucr_170_p2,none,e001d7c1291eaeb9,--codebook-size 128,2026-08-02 10:54:52,0.7597410955630441,0.6125909409239807,0.9999349569349569,0.003543217119676375,0.682097440364862,0.010325581395348837,64,0.0,1,0.03278688524590164,0.016666666666666666,1.0,0.009570494864612512,0.37328427592588515,45389,111,0.0,0.0,0.0,0.0,0.0,0.0,0.011205495568125348,0.003718033035963455,0.0048164464023494865,0.7387387387387387,7,16.48919429660143,0.99,True,0.004306658422238699,0.7138213686569149
ucr170_cb128,ucr_split_w2p,ucr_170,seed0,federated_fedavg_cb_only,ucr_170_p3,none,e001d7c1291eaeb9,--codebook-size 128,2026-08-02 10:54:52,0.6523287097160113,0.4853445676790624,0.9944835164835165,0.003454912179928041,0.6678984609320153,0.010907288051561726,64,111.0,1,0.0,0.0,0.0,0.0,0.1707241842737227,45389,111,0.0,0.0,0.0,0.0,0.0,0.0,0.0,0.003603885364972149,0.0,0.0,7,14.485978625864034,0.99,True,0.004238682885227982,0.689703034439642
ucr170_cb128,ucr_split_w2p,ucr_170,seed0,federated_fedavg_cb_only,ucr_170_p4,none,e001d7c1291eaeb9,--codebook-size 128,2026-08-02 10:54:52,0.6338733437727107,0.4639934421597026,0.9999984159984161,0.01756443471306699,0.9364595819243421,0.054218533886583674,64,0.0,1,0.04081632653061225,0.020833333333333332,1.0,0.046300302899177845,0.0970279142523519,45389,111,0.0,0.0,0.0,0.0,0.0,0.0,0.05115278216097952,0.01726313944307273,0.02371979605409,0.963963963963964,7,23.13829248569485,0.99,True,0.01977736261938815,0.9380159571257534
ucr170_cb128base,ucr_split,ucr_170,seed0,centralized,ucr_170_p0,none,e001d7c1291eaeb9,--codebook-size 128,2026-08-03 03:38:00,0.6667948900073776,0.5001442651319176,1.0,0.654219363149378,0.857140050006163,0.7379679144385027,64,0.0,1,0.013888888888888888,0.006993006993006993,1.0,0.0070946917644051,0.6845050562911719,45389,111,1.0,1.0,1.0,1.0,1.0,1.0,0.007715454550382642,0.6679960765658656,0.003559974342527261,1.0,7,88.34769547333319,0.99,True,0.356484954845949,0.9003155720431167
ucr170_cb128base,ucr_split,ucr_170,seed0,centralized,ucr_170_p1,none,e001d7c1291eaeb9,--codebook-size 128,2026-08-03 03:38:00,0.9276294710183975,0.8651516483516484,0.9998334818334819,0.7906790061175085,0.9950849304877813,0.8315789473684211,64,29.0,1,0.2857142857142857,0.16666666666666666,1.0,0.6666666666666666,0.0011676838000396572,45389,111,1.0,1.0,1.0,1.0,1.0,1.0,0.6733624158804234,0.7927162644333929,0.6074074074074074,0.7387387387387387,7,87.41908847292264,0.99,True,0.4205590071725482,0.9967616910867019
ucr170_cb128base,ucr_split,ucr_170,seed0,centralized,ucr_170_p2,none,e001d7c1291eaeb9,--codebook-size 128,2026-08-03 03:38:00,0.9880854523396356,0.9766102949681896,0.9998334818334819,0.8579530367835925,0.9983805656766066,0.8200000000000001,64,29.0,1,0.6666666666666666,0.5,1.0,0.7961165048543689,0.00028641300755689707,45389,111,1.0,1.0,1.0,1.0,1.0,1.0,0.8075820619509939,0.8665913317973168,0.8631578947368421,0.7387387387387387,7,85.06188290397323,0.99,True,0.5710569521847597,0.9988316564814124
ucr170_cb128base,ucr_split,ucr_170,seed0,centralized,ucr_170_p3,none,e001d7c1291eaeb9,--codebook-size 128,2026-08-03 03:38:00,0.9387172661029184,0.8846091051805336,0.9998758538758539,0.8748421687112515,0.9991754957495556,0.8140703517587939,64,25.0,1,0.5,0.3333333333333333,1.0,0.7088607594936709,0.0009253343321068982,45389,111,1.0,1.0,1.0,1.0,1.0,1.0,0.7211260232818157,0.8816627761018403,0.6666666666666666,0.7567567567567568,7,80.10081208939346,0.99,True,0.6129475680208711,0.9991275795735799
ucr170_cb128base,ucr_split,ucr_170,seed0,centralized,ucr_170_p4,none,e001d7c1291eaeb9,--codebook-size 128,2026-08-03 03:38:00,0.9302929225621113,0.8696828487967727,0.999983961983962,0.9134556132133691,0.9995933054383339,0.8407079646017699,64,9.0,1,0.2857142857142857,0.16666666666666666,1.0,0.758364312267658,0.001233779109475864,45389,111,1.0,1.0,1.0,1.0,1.0,1.0,0.7695061222646427,0.9189016565425435,0.6455696202531646,0.918918918918919,7,74.27694518278044,0.99,True,0.6342851396731968,0.9992303505523435
ucr170_cb128base,ucr_split,ucr_170,seed0,local,ucr_170_p0,none,e001d7c1291eaeb9,--codebook-size 128,2026-08-03 03:38:00,0.6676997379608361,0.5011631063848042,1.0,0.8605671320481109,0.9967623222596894,0.7999999999999999,64,0.0,1,0.33333333333333337,0.2,1.0,0.004884273519317082,0.996496948599881,45389,111,1.0,1.0,1.0,1.0,1.0,1.0,0.005627491030221682,0.8663881968582112,0.00244811539224984,1.0,7,101.26724794874588,0.99,True,0.5424641824211488,0.9984552308231089
ucr170_cb128base,ucr_split,ucr_170,seed0,local,ucr_170_p1,none,e001d7c1291eaeb9,--codebook-size 128,2026-08-03 03:38:00,0.6678818948085954,0.5013683788290163,1.0,0.1676223951211707,0.9771419395777721,0.2117647058823529,64,0.0,1,0.00900900900900901,0.004524886877828055,1.0,0.02978666308868912,0.15931172751107098,45389,111,1.0,1.0,1.0,1.0,1.0,1.0,0.03225378291168763,0.1704943528643768,0.015118496322527921,1.0,7,82.8201405703028,0.99,True,0.11484430557651942,0.9814634920664962
ucr170_cb128base,ucr_split,ucr_170,seed0,local,ucr_170_p2,none,e001d7c1291eaeb9,--codebook-size 128,2026-08-03 03:38:00,0.7406855006807288,0.5881656258870284,1.0,0.9714164585274393,0.9999255683452295,0.9391304347826087,64,0.0,1,0.046511627906976744,0.023809523809523808,1.0,0.33996937212863704,0.00949569278900174,45389,111,1.0,1.0,1.0,1.0,1.0,1.0,0.3632372875638117,0.9768472323298436,0.2047970479704797,1.0,7,93.37370950420693,0.99,True,0.676610497199983,0.9993479913408475
ucr170_cb128base,ucr_split,ucr_170,seed0,local,ucr_170_p3,none,e001d7c1291eaeb9,--codebook-size 128,2026-08-03 03:38:00,0.707638032313221,0.5475540521978022,1.0,0.8785656036889802,0.9994769935724792,0.8140703517587939,64,0.0,1,0.02247191011235955,0.011363636363636364,1.0,0.15959741193386054,0.025755138910308666,45389,111,1.0,1.0,1.0,1.0,1.0,1.0,0.17232593424079531,0.8835571557061426,0.08671875,1.0,7,73.9322245191534,0.99,True,0.5717719214518756,0.9989849452277128
ucr170_cb128base,ucr_split,ucr_170,seed0,local,ucr_170_p4,none,e001d7c1291eaeb9,--codebook-size 128,2026-08-03 03:38:00,0.649168913100867,0.48057001308065156,1.0,0.7678343340899159,0.9983579384535564,0.7383177570093458,64,0.0,1,0.007999999999999998,0.004016064257028112,1.0,0.041666666666666664,0.11249421666042433,45389,111,1.0,1.0,1.0,1.0,1.0,1.0,0.04575139688061869,0.7764517815039539,0.02127659574468085,1.0,7,79.65378479942684,0.99,True,0.4258542529331074,0.9978822771033138
ucr170_cb128base,ucr_split_w2p,ucr_170,seed0,centralized,ucr_170_p0,none,e001d7c1291eaeb9,--codebook-size 128,2026-08-03 03:38:00,0.6681936921440319,0.5017198733798875,1.0,0.8416757010584935,0.999094712593578,0.8064516129032258,64,0.0,1,1.0,1.0,1.0,0.004889114013257868,0.9955055189583379,45389,111,1.0,1.0,1.0,1.0,1.0,1.0,0.0056330658630486035,0.8583167683289623,0.002450547509713882,1.0,7,59.21420657937094,0.99,True,0.5602656446545179,0.9988470740946801
ucr170_cb128base,ucr_split_w2p,ucr_170,seed0,centralized,ucr_170_p1,none,e001d7c1291eaeb9,--codebook-size 128,2026-08-03 03:38:00,0.6727351777268118,0.5068582896475983,1.0,0.4169223284409805,0.9956291747474634,0.4727272727272727,64,0.0,1,0.009302325581395347,0.004672897196261682,1.0,0.012816811962357831,0.3767212320165679,45389,111,1.0,1.0,1.0,1.0,1.0,1.0,0.01475757236584932,0.4329749921967558,0.006449738524113888,1.0,7,47.1985745094247,0.99,True,0.28915861890173866,0.9956472285876524
ucr170_cb128base,ucr_split_w2p,ucr_170,seed0,centralized,ucr_170_p2,none,e001d7c1291eaeb9,--codebook-size 128,2026-08-03 03:38:00,0.7206793945613604,0.563329779492031,1.0,0.2786703272860519,0.9967823691853742,0.42436974789915966,64,0.0,1,0.03225806451612903,0.01639344262295082,1.0,0.07090386458000639,0.06409041838330873,45389,111,0.0,0.0,1.0,1.0,1.0,1.0,0.08125783480293837,0.2760424132550183,0.036754966887417216,1.0,7,55.05852757293726,0.99,True,0.29440777645045285,0.9969496064800084
ucr170_cb128base,ucr_split_w2p,ucr_170,seed0,centralized,ucr_170_p3,none,e001d7c1291eaeb9,--codebook-size 128,2026-08-03 03:38:00,0.6997226907435247,0.538133431816664,1.0,0.3441382891408472,0.9971753683225626,0.48,64,0.0,1,0.05405405405405406,0.027777777777777776,1.0,0.07634112792297111,0.05917733371521734,45389,111,0.0,0.0,1.0,1.0,1.0,1.0,0.08745082501865438,0.34286573272194093,0.039685377189846265,1.0,7,50.85372574953203,0.99,True,0.32763796505377385,0.9972752972460457
ucr170_cb128base,ucr_split_w2p,ucr_170,seed0,centralized,ucr_170_p4,none,e001d7c1291eaeb9,--codebook-size 128,2026-08-03 03:38:00,0.7247600861206206,0.5683323414147569,1.0,0.2523097749053931,0.9961819538368922,0.42352941176470593,64,0.0,1,0.05714285714285715,0.029411764705882353,1.0,0.08090379008746355,0.05556412346603803,45389,111,0.0,0.0,1.0,1.0,1.0,1.0,0.09264348590538163,0.2484205108698413,0.04215723509304975,1.0,7,53.20565129079856,0.99,True,0.2856110184802332,0.9963994645574004
ucr170_cb128base,ucr_split_w2p,ucr_170,seed0,local,ucr_170_p0,none,e001d7c1291eaeb9,--codebook-size 128,2026-08-03 03:38:00,0.6690327764276736,0.5026666055922733,1.0,0.05672153685054957,0.9602058600934982,0.1521997621878716,64,0.0,1,1.0,1.0,1.0,0.0049035849181631435,0.9925532618035207,45389,111,0.0,0.0,1.0,1.0,1.0,1.0,0.00564973208555547,0.06814964721064935,0.002457818519994686,1.0,7,69.72370413675709,0.99,True,0.0860132203475179,0.9702275771126075
ucr170_cb128base,ucr_split_w2p,ucr_170,seed0,local,ucr_170_p1,none,e001d7c1291eaeb9,--codebook-size 128,2026-08-03 03:38:00,0.6803381390455324,0.515539744820288,1.0,0.2299053874454607,0.9928190324321546,0.36123348017621143,64,0.0,1,0.009049773755656108,0.004545454545454545,1.0,0.010095497953615279,0.47958756526911805,45389,111,0.0,0.0,1.0,1.0,1.0,1.0,0.011626758357901312,0.23556371724120495,0.005073358014534485,1.0,7,68.58680640776952,0.99,True,0.22132722954733347,0.9942249546465369
ucr170_cb128base,ucr_split_w2p,ucr_170,seed0,local,ucr_170_p2,none,e001d7c1291eaeb9,--codebook-size 128,2026-08-03 03:38:00,0.6796063735173281,0.5146998288136971,1.0,0.5354370282011243,0.9972218136751393,0.4940239043824702,64,0.0,1,0.011764705882352941,0.005917159763313609,1.0,0.00705590693830849,0.6882945206988478,45389,111,1.0,1.0,1.0,1.0,1.0,1.0,0.00812813694698895,0.5566006977784953,0.0035404439908139833,1.0,7,51.98466491906593,0.99,True,0.3331985274979455,0.9971973879029183
ucr170_cb128base,ucr_split_w2p,ucr_170,seed0,local,ucr_170_p3,none,e001d7c1291eaeb9,--codebook-size 128,2026-08-03 03:38:00,0.6683876319117614,0.5019385880827678,1.0,0.6545462988321752,0.9980762890719047,0.6391752577319586,64,0.0,1,0.011627906976744186,0.005847953216374269,1.0,0.006941621587817767,0.6997069774614995,45389,111,1.0,1.0,1.0,1.0,1.0,1.0,0.007996558839703656,0.6642172582806749,0.0034828992783181674,1.0,7,70.67583108941709,0.99,True,0.4089103833850093,0.9977715494758825
ucr170_cb128base,ucr_split_w2p,ucr_170,seed0,local,ucr_170_p4,none,e001d7c1291eaeb9,--codebook-size 128,2026-08-03 03:38:00,0.6498404563587115,0.48130641998510476,1.0,0.2154695812981946,0.9930278380343374,0.3887147335423198,64,0.0,1,0.010204081632653062,0.005128205128205128,1.0,0.010643908519921369,0.4546255700720439,45389,111,0.0,0.0,1.0,1.0,1.0,1.0,0.01225780439237159,0.21595695638229748,0.00535042899836113,1.0,7,53.65663694529484,0.99,True,0.23137731092246933,0.9940627330838886
ucr170_enc,ucr_split,ucr_170,seed0,federated_enc_commoninit,ucr_170_p0,none,e001d7c1291eaeb9,,2026-08-02 06:21:20,0.667348117544201,0.5007670242542395,1.0,0.0016763352768329764,0.30848864242417745,0.005531169918554791,64,0.0,1,0.4,0.25,1.0,0.0048774057474294755,0.9979069818678534,45389,111,0.0,0.0,0.0,0.0,0.0,0.0,0.00561958135879664,0.0018144727104474224,0.0024446646845061116,1.0,7,67.79104511630514,0.99,True,0.0019036684943627479,0.34752074913868053
ucr170_enc,ucr_split,ucr_170,seed0,federated_enc_commoninit,ucr_170_p1,none,e001d7c1291eaeb9,,2026-08-02 06:21:20,0.6526825885952682,0.48443224414842434,0.999995544995545,0.04871410729991658,0.9704180816124238,0.08964451313755796,64,4.0,1,0.048387096774193554,0.024793388429752067,1.0,0.07418181818181818,0.05589460001321906,45389,111,0.0,0.0,1.0,1.0,1.0,1.0,0.07490807737493457,0.04710745521398205,0.038651004168245545,0.918918918918919,7,35.2135832897123,0.99,True,0.04512575657048612,0.9718185488149217
ucr170_enc,ucr_split,ucr_170,seed0,federated_enc_commoninit,ucr_170_p2,none,e001d7c1291eaeb9,,2026-08-02 06:21:20,0.6723603903920455,0.5064329349895387,0.9999999009999009,0.6484091288847368,0.9964886122545467,0.6113989637305699,64,0.0,1,0.042553191489361694,0.021739130434782608,1.0,0.17227877838684416,0.02326554892154487,45389,111,1.0,1.0,1.0,1.0,1.0,1.0,0.1826241682803625,0.6676964396244487,0.09433962264150944,0.990990990990991,7,31.697950068744973,0.99,True,0.3835373381862862,0.9969300531684446
ucr170_enc,ucr_split,ucr_170,seed0,federated_enc_commoninit,ucr_170_p3,none,e001d7c1291eaeb9,,2026-08-02 06:21:20,0.7443831041361327,0.5928431617887066,0.999998217998218,0.8076135703705938,0.9982862855805639,0.8105263157894738,64,3.0,1,0.05882352941176471,0.030303030303030304,1.0,0.301255230125523,0.010971821366410364,45389,111,1.0,1.0,1.0,1.0,1.0,1.0,0.31612166754828136,0.8166400967866843,0.1782178217821782,0.972972972972973,7,35.3937016303149,0.99,True,0.4625144764282569,0.9981813932490282
ucr170_enc,ucr_split,ucr_170,seed0,federated_enc_commoninit,ucr_170_p4,none,e001d7c1291eaeb9,,2026-08-02 06:21:20,0.6848377790330886,0.5207254579739788,0.999998118998119,0.050999880470661986,0.9787907495942483,0.1187683284457478,64,3.0,1,0.047619047619047616,0.024390243902439025,1.0,0.10862944162436548,0.038599660710744894,45389,111,0.0,0.0,0.0,0.0,1.0,1.0,0.11032161685482991,0.049703162398033546,0.05755782678859602,0.963963963963964,7,32.2393452855466,0.99,True,0.05470617059130965,0.979759156776155
ucr170_enc,ucr_split,ucr_170,seed0,federated_enc_fedavg,ucr_170_p0,none,e001d7c1291eaeb9,,2026-08-02 06:21:20,0.6669790702778787,0.5003515364285509,1.0,0.43354073036766744,0.9781950978716715,0.4625850340136054,64,0.0,1,1.0,1.0,1.0,0.004871626069782752,0.9990966974377051,45389,111,1.0,1.0,1.0,1.0,1.0,1.0,0.005612924847940341,0.454184729029555,0.00244176070745067,1.0,7,57.03946848410724,0.99,True,0.1747804269330752,0.9793091720523598
ucr170_enc,ucr_split,ucr_170,seed0,federated_enc_fedavg,ucr_170_p1,none,e001d7c1291eaeb9,,2026-08-02 06:21:20,0.6380315877477089,0.46846283805701056,1.0,0.7477759520087165,0.997482820677868,0.7419354838709677,64,0.0,1,0.01,0.005025125628140704,1.0,0.041402461767997015,0.11324329683403468,45389,111,1.0,1.0,1.0,1.0,1.0,1.0,0.04522097788950834,0.7598416241201696,0.021138830698914493,1.0,7,24.015303396844057,0.99,True,0.45471808103806277,0.9980153537573907
ucr170_enc,ucr_split,ucr_170,seed0,federated_enc_fedavg,ucr_170_p2,none,e001d7c1291eaeb9,,2026-08-02 06:21:20,0.6845650693219484,0.5204096784696782,1.0,0.7316566137861255,0.9973166892244202,0.7789473684210526,64,0.0,1,0.031746031746031744,0.016129032258064516,1.0,0.15195071868583163,0.027297362797153495,45389,111,1.0,1.0,1.0,1.0,1.0,1.0,0.16116886196450403,0.7445427946616522,0.08222222222222222,1.0,7,27.039172097181368,0.99,True,0.42662354589409457,0.997476826493107
ucr170_enc,ucr_split,ucr_170,seed0,federated_enc_fedavg,ucr_170_p3,none,e001d7c1291eaeb9,,2026-08-02 06:21:20,0.6349493750662203,0.4651471474445857,0.9999999009999009,0.6656250867352778,0.9939805632153998,0.7243243243243245,64,0.0,1,0.048192771084337345,0.024691358024691357,1.0,0.09914375844975214,0.04401947608451387,45389,111,1.0,1.0,1.0,1.0,1.0,1.0,0.10407180559674398,0.6773625657678087,0.05218216318785579,0.990990990990991,7,24.041602052235675,0.99,True,0.34717019971701274,0.995022091445779
ucr170_enc,ucr_split,ucr_170,seed0,federated_enc_fedavg,ucr_170_p4,none,e001d7c1291eaeb9,,2026-08-02 06:21:20,0.693676409477926,0.5310147278336155,0.999998217998218,0.7752187469183093,0.9985328032211639,0.7643979057591623,64,3.0,1,0.039999999999999994,0.02040816326530612,1.0,0.24434389140271492,0.014651126925025888,45389,111,1.0,1.0,1.0,1.0,1.0,1.0,0.253877336341784,0.7918872015492778,0.13971539456662355,0.972972972972973,7,25.054191549646394,0.99,True,0.4756268999502519,0.9984194283197271
ucr170_enc,ucr_split,ucr_170,seed0,federated_enc_fedproto_lam1_uniform,ucr_170_p0,none,e001d7c1291eaeb9,,2026-08-02 06:21:20,0.6670898660588009,0.5004762504778356,1.0,0.0023804128926019396,0.5133291214940954,0.007449680483887503,64,0.0,1,0.2857142857142857,0.16666666666666666,1.0,0.004875798906239705,0.9982374584150345,45389,111,0.0,0.0,0.0,0.0,0.0,0.0,0.005617730744826506,0.0024813176145771013,0.002443857331571995,1.0,7,87.95520431687352,0.99,True,0.0027060323824312847,0.5446781681209976
ucr170_enc,ucr_split,ucr_170,seed0,federated_enc_fedproto_lam1_uniform,ucr_170_p1,none,e001d7c1291eaeb9,,2026-08-02 06:21:20,0.6402990714086013,0.4709116967890344,1.0,0.6760919975966316,0.9949741761854829,0.6822429906542056,64,0.0,1,0.008403361344537815,0.004219409282700422,1.0,0.04366640440597954,0.1071184648262795,45389,111,1.0,1.0,1.0,1.0,1.0,1.0,0.04588535352448267,0.6877479760250859,0.022320530866680073,1.0,7,30.721981865250502,0.99,True,0.3338814954763105,0.9948897803069907
ucr170_enc,ucr_split,ucr_170,seed0,federated_enc_fedproto_lam1_uniform,ucr_170_p2,none,e001d7c1291eaeb9,,2026-08-02 06:21:20,0.739011749247859,0.5860576010974416,1.0,0.8019622933295123,0.998699331643437,0.793969849246231,64,0.0,1,0.037037037037037035,0.018867924528301886,1.0,0.2569444444444444,0.0141443962193483,45389,111,1.0,1.0,1.0,1.0,1.0,1.0,0.27500267246716775,0.8134223887118204,0.14741035856573706,1.0,7,27.498166994878204,0.99,True,0.4686019885624844,0.9983682584628644
ucr170_enc,ucr_split,ucr_170,seed0,federated_enc_fedproto_lam1_uniform,ucr_170_p3,none,e001d7c1291eaeb9,,2026-08-02 06:21:20,0.6009219850999629,0.42951284967686254,1.0,0.6968934077031306,0.9962500339904558,0.686868686868687,64,0.0,1,0.01904761904761905,0.009615384615384616,1.0,0.11127819548872181,0.03906232787679834,45389,111,1.0,1.0,1.0,1.0,1.0,1.0,0.11672166087939957,0.7014692761366659,0.0589171974522293,1.0,7,24.514996095618404,0.99,True,0.3753483223177454,0.9964848093886018
ucr170_enc,ucr_split,ucr_170,seed0,federated_enc_fedproto_lam1_uniform,ucr_170_p4,none,e001d7c1291eaeb9,,2026-08-02 06:21:20,0.6600464740245263,0.49258907956827724,1.0,0.19747935988769588,0.9943473624101089,0.3472222222222222,64,0.0,1,0.03508771929824561,0.017857142857142856,1.0,0.1523678792038435,0.02720923571790522,45389,111,0.0,0.0,1.0,1.0,1.0,1.0,0.1597212139211702,0.1929029864990257,0.0824665676077266,1.0,7,28.9345426212921,0.99,True,0.19653104920683948,0.9944264791689023
ucr170_enc,ucr_split,ucr_170,seed0,federated_enc_fedprox_mu0.01,ucr_170_p0,none,e001d7c1291eaeb9,,2026-08-02 06:21:20,0.6666693117525918,0.5000029757275691,1.0,0.006452948574494912,0.8259462397028768,0.016527028577986914,64,0.0,1,1.0,1.0,1.0,0.004867246936046129,1.0,45389,111,0.0,0.0,0.0,0.0,0.0,0.0,0.005607881352937195,0.006213085564341321,0.0024395604395604396,1.0,7,36.372380056607454,0.99,True,0.006699453284010871,0.8292466132140027
ucr170_enc,ucr_split,ucr_170,seed0,federated_enc_fedprox_mu0.01,ucr_170_p1,none,e001d7c1291eaeb9,,2026-08-02 06:21:20,0.6450496977941839,0.476068898426801,1.0,0.8137319485263605,0.998379573254543,0.7960199004975124,64,0.0,1,0.011363636363636362,0.005714285714285714,1.0,0.08093328472475392,0.05554209169622596,45389,111,1.0,1.0,1.0,1.0,1.0,1.0,0.08481929577333994,0.8143945735122848,0.04217325227963526,1.0,7,30.782746639645026,0.99,True,0.43648696323284314,0.997826244465447
ucr170_enc,ucr_split,ucr_170,seed0,federated_enc_fedprox_mu0.01,ucr_170_p2,none,e001d7c1291eaeb9,,2026-08-02 06:21:20,0.6822438435514522,0.5177323279557322,0.999996831996832,0.5674821012904888,0.9952941330587897,0.6216216216216216,64,4.0,1,0.024096385542168676,0.012195121951219513,1.0,0.17271993543179984,0.022494436978122454,45389,111,1.0,1.0,1.0,1.0,1.0,1.0,0.17599854798784323,0.5724791077026157,0.09485815602836879,0.963963963963964,7,31.2696717549865,0.99,True,0.39070148383309405,0.9962479879685083
ucr170_enc,ucr_split,ucr_170,seed0,federated_enc_fedprox_mu0.01,ucr_170_p3,none,e001d7c1291eaeb9,,2026-08-02 06:21:20,0.6540069065518227,0.4858923331004255,0.999997425997426,0.6446010851663664,0.9968405251183017,0.6376811594202898,64,3.0,1,0.18181818181818182,0.1,1.0,0.2590286425902864,0.012954680649496574,45389,111,1.0,1.0,1.0,1.0,1.0,1.0,0.265284729670366,0.6540126342173618,0.15028901734104047,0.9369369369369369,7,30.691691365657288,0.99,True,0.3716032804884898,0.9968549815025547
ucr170_enc,ucr_split,ucr_170,seed0,federated_enc_fedprox_mu0.01,ucr_170_p4,none,e001d7c1291eaeb9,,2026-08-02 06:21:20,0.6169471533573746,0.4460763410848833,1.0,0.5879928435471756,0.998107451124702,0.6696035242290749,64,0.0,1,0.02173913043478261,0.01098901098901099,1.0,0.11890733797536154,0.03624226134085351,45389,111,1.0,1.0,1.0,1.0,1.0,1.0,0.12445065330400637,0.595808950826787,0.0632118451025057,1.0,7,26.357347887972793,0.99,True,0.43502026140211175,0.9980377140825222
ucr170_enc,ucr_split_w2p,ucr_170,seed0,federated_enc_commoninit,ucr_170_p0,none,e001d7c1291eaeb9,,2026-08-02 06:21:20,0.6684475148313775,0.5020061336498712,1.0,0.003549699735154865,0.6091252414810986,0.017204301075268817,64,0.0,1,1.0,1.0,1.0,0.004891915118661995,0.9949326929432242,45389,111,0.0,0.0,0.0,0.0,0.0,0.0,0.0056362919149452635,0.004549287882475781,0.0024519549370444,1.0,7,37.781162747271004,0.99,True,0.005035921633014962,0.6715409590651876
ucr170_enc,ucr_split_w2p,ucr_170,seed0,federated_enc_commoninit,ucr_170_p1,none,e001d7c1291eaeb9,,2026-08-02 06:21:20,0.6986229931851771,0.5368345818884158,0.999996831996832,0.00522230395251923,0.7849568266629668,0.014036550621916475,64,0.0,1,0.011904761904761906,0.005988023952095809,1.0,0.012843596206937943,0.36229042278966267,45389,111,0.0,0.0,0.0,0.0,0.0,0.0,0.013855243931082468,0.005543122042078033,0.006464866171228325,0.963963963963964,7,16.185398937215464,0.99,True,0.0064364203286276424,0.8054227191020195
ucr170_enc,ucr_split_w2p,ucr_170,seed0,federated_enc_commoninit,ucr_170_p2,none,e001d7c1291eaeb9,,2026-08-02 06:21:20,0.7075749819892636,0.547478555528384,1.0,0.009913979204599145,0.8846245836045126,0.030287022363092095,64,0.0,1,0.00966183574879227,0.0048543689320388345,1.0,0.009715961311217122,0.4985128555376853,45389,111,0.0,0.0,0.0,0.0,0.0,0.0,0.011189999555195371,0.010373968378435752,0.004881695839563726,1.0,7,11.71606437562855,0.99,True,0.012040382934461035,0.8923256939471091
ucr170_enc,ucr_split_w2p,ucr_170,seed0,federated_enc_commoninit,ucr_170_p3,none,e001d7c1291eaeb9,,2026-08-02 06:21:20,0.7086204960396244,0.5487314099894275,1.0,0.027259722175207404,0.9589429037753522,0.09274873524451938,64,0.0,1,0.017699115044247787,0.008928571428571428,1.0,0.028993078229071437,0.16380620855273303,45389,111,0.0,0.0,0.0,0.0,0.0,0.0,0.033339527977326075,0.02824537376075459,0.014709780015902466,1.0,7,12.103459208095758,0.99,True,0.035507997138934586,0.9600335212129602
ucr170_enc,ucr_split_w2p,ucr_170,seed0,federated_enc_commoninit,ucr_170_p4,none,e001d7c1291eaeb9,,2026-08-02 06:21:20,0.6068669535917645,0.43561306305695924,1.0,0.016523653053887928,0.9313142704933668,0.05092592592592593,64,0.0,1,0.020833333333333332,0.010526315789473684,1.0,0.022554099359951233,0.2119676573619159,45389,111,0.0,0.0,0.0,0.0,0.0,0.0,0.025505198813128523,0.016944872855778267,0.011405672009864365,1.0,7,21.660688336764693,0.99,True,0.020249133467546487,0.9335025287324087
ucr170_enc,ucr_split_w2p,ucr_170,seed0,federated_enc_fedavg,ucr_170_p0,none,e001d7c1291eaeb9,,2026-08-02 06:21:20,0.6716272922248459,0.5056015441251661,1.0,0.8731148047720881,0.9995782206229672,0.7668393782383419,64,0.0,1,0.6666666666666666,0.5,1.0,0.004953698538435792,0.982462711229593,45389,111,1.0,1.0,1.0,1.0,1.0,1.0,0.005707447920656252,0.8917684339397783,0.0024829992841803867,1.0,7,71.20484695043497,0.99,True,0.6597838328725333,0.9993013963823805
ucr170_enc,ucr_split_w2p,ucr_170,seed0,federated_enc_fedavg,ucr_170_p1,none,e001d7c1291eaeb9,,2026-08-02 06:21:20,0.7047473914819067,0.5441003452509643,1.0,0.010349539393650223,0.8898411509396551,0.034049079754601225,64,0.0,1,0.009615384615384614,0.004830917874396135,1.0,0.015326199516741457,0.3142391328295402,45389,111,0.0,0.0,0.0,0.0,0.0,0.0,0.01739946888447233,0.010333890558818098,0.007722276332266593,1.0,7,38.95011863708353,0.99,True,0.011886142616422162,0.8914318589393047
ucr170_enc,ucr_split_w2p,ucr_170,seed0,federated_enc_fedavg,ucr_170_p2,none,e001d7c1291eaeb9,,2026-08-02 06:21:20,0.6873991955509663,0.5236924990606746,1.0,0.012908453220741412,0.9120346855480919,0.03630034808552959,64,0.0,1,0.010695187165775402,0.005376344086021506,1.0,0.008807776234874033,0.5504197052149199,45389,111,0.0,0.0,0.0,0.0,0.0,0.0,0.010144779489773706,0.013206913812934887,0.004423368135809356,1.0,7,37.76551398701079,0.99,True,0.014863019660835492,0.9183908952547862
ucr170_enc,ucr_split_w2p,ucr_170,seed0,federated_enc_fedavg,ucr_170_p3,none,e001d7c1291eaeb9,,2026-08-02 06:21:20,0.6772164321574704,0.5119631424375916,1.0,0.012749684646478944,0.9128832064124757,0.035063113604488085,64,0.0,1,0.012048192771084336,0.006060606060606061,1.0,0.010807652986709508,0.44766353081143007,45389,111,0.0,0.0,0.0,0.0,0.0,0.0,0.012376799831520477,0.013216960058994656,0.005433186490455213,1.0,7,34.219690419471284,0.99,True,0.01484778978712224,0.9190696278630851
ucr170_enc,ucr_split_w2p,ucr_170,seed0,federated_enc_fedavg,ucr_170_p4,none,e001d7c1291eaeb9,,2026-08-02 06:21:20,0.6082582464637283,0.4370482130885325,1.0,0.01067869636062082,0.8937973422540167,0.031928663886092334,64,0.0,1,0.014925373134328356,0.007518796992481203,1.0,0.017920568291895384,0.2680385115336315,45389,111,0.0,0.0,0.0,0.0,0.0,0.0,0.020271975127753413,0.011138441834797765,0.00904129673372974,1.0,7,35.81112723274433,0.99,True,0.01296592267589715,0.8984320805033922
ucr170_enc,ucr_split_w2p,ucr_170,seed0,federated_enc_fedproto_lam1_uniform,ucr_170_p0,none,e001d7c1291eaeb9,,2026-08-02 06:21:20,0.6666693117525918,0.5000029757275691,1.0,0.0018295724484068702,0.3927315801999095,0.006075575618204015,64,0.0,1,1.0,1.0,1.0,0.004867246936046129,1.0,45389,111,0.0,0.0,0.0,0.0,0.0,0.0,0.005607881352937195,0.001911942293891239,0.0024395604395604396,1.0,7,51.47936732768877,0.99,True,0.002210906067792748,0.4503203580930319
ucr170_enc,ucr_split_w2p,ucr_170,seed0,federated_enc_fedproto_lam1_uniform,ucr_170_p1,none,e001d7c1291eaeb9,,2026-08-02 06:21:20,0.6627087392569664,0.4957541194116919,0.9992125532125532,0.00351974043557237,0.6776220138268212,0.009793814432989692,64,0.0,1,0.04166666666666667,0.02127659574468085,1.0,0.0071661237785016286,0.2671352089713367,45389,111,0.0,0.0,0.0,0.0,0.0,0.0,0.008091628744065242,0.0033822221833697277,0.003615744925630701,0.3963963963963964,7,28.872383431715523,0.99,True,0.004041520817127504,0.6956466316645041
ucr170_enc,ucr_split_w2p,ucr_170,seed0,federated_enc_fedproto_lam1_uniform,ucr_170_p2,none,e001d7c1291eaeb9,,2026-08-02 06:21:20,0.6892959952288638,0.5258975273743995,1.0,0.020098760664012852,0.9455215862715478,0.05513654096228869,64,0.0,1,0.014598540145985401,0.007352941176470588,1.0,0.006586169045005488,0.7377338121571306,45389,111,0.0,0.0,0.0,0.0,0.0,0.0,0.007587306403761837,0.02139066630200202,0.003303964757709251,1.0,7,16.529640858894062,0.99,True,0.024499460773867224,0.949994807483898
ucr170_enc,ucr_split_w2p,ucr_170,seed0,federated_enc_fedproto_lam1_uniform,ucr_170_p3,none,e001d7c1291eaeb9,,2026-08-02 06:21:20,0.6738260823125704,0.5080978243695082,1.0,0.03583629447071857,0.9695699577168655,0.1072463768115942,64,0.0,1,0.013513513513513513,0.006802721088435374,1.0,0.012788755112621696,0.3775584392694265,45389,111,0.0,0.0,0.0,0.0,0.0,0.0,0.014725300612829397,0.037333350104490695,0.006435528756957329,1.0,7,13.033740668338815,0.99,True,0.045744651501878786,0.9714475108709139
ucr170_enc,ucr_split_w2p,ucr_170,seed0,federated_enc_fedproto_lam1_uniform,ucr_170_p4,none,e001d7c1291eaeb9,,2026-08-02 06:21:20,0.6046390108910649,0.4333208507406974,1.0,0.010897091829901714,0.8960987690195207,0.03468390351568658,64,0.0,1,0.02531645569620253,0.01282051282051282,1.0,0.02549672677156311,0.1869395668554055,45389,111,0.0,0.0,0.0,0.0,0.0,0.0,0.029198485930195413,0.010469957899181915,0.012912982782689623,1.0,7,17.837797314399264,0.99,True,0.013262493231054313,0.9000060794084933
ucr170_enc,ucr_split_w2p,ucr_170,seed0,federated_enc_fedprox_mu0.01,ucr_170_p0,none,e001d7c1291eaeb9,,2026-08-02 06:21:20,0.6723758712714172,0.5064504754936378,1.0,0.5575234873140311,0.9724180105550041,0.6851851851851851,64,0.0,1,1.0,1.0,1.0,0.004967887752590239,0.9796426446936483,45389,111,1.0,1.0,1.0,1.0,1.0,1.0,0.005723789547128702,0.6001732407060266,0.002490129217516152,1.0,7,76.16841664131353,0.99,True,0.38222830493437104,0.983080917547904
ucr170_enc,ucr_split_w2p,ucr_170,seed0,federated_enc_fedprox_mu0.01,ucr_170_p1,none,e001d7c1291eaeb9,,2026-08-02 06:21:20,0.6752664231702492,0.5097375313655477,1.0,0.007014896890737683,0.8389819019927636,0.021187705162638015,64,0.0,1,0.02469135802469136,0.0125,1.0,0.005294538516575244,0.918901055321774,45389,111,0.0,0.0,0.0,0.0,0.0,0.0,0.006099980703552108,0.0076188425830828275,0.0026542958942107654,1.0,7,27.034410100344672,0.99,True,0.008614364893743544,0.8533395882917983
ucr170_enc,ucr_split_w2p,ucr_170,seed0,federated_enc_fedprox_mu0.01,ucr_170_p2,none,e001d7c1291eaeb9,,2026-08-02 06:21:20,0.7346624151899183,0.580605858870608,1.0,0.04806112798287034,0.9734638249256328,0.141643059490085,64,0.0,1,0.017543859649122806,0.008849557522123894,1.0,0.02148664343786295,0.2227411928000176,45389,111,0.0,0.0,0.0,0.0,0.0,0.0,0.024570667784192708,0.04773687724458299,0.010859994129732903,1.0,7,40.02532600957122,0.99,True,0.05753399060076885,0.9767084053415399
ucr170_enc,ucr_split_w2p,ucr_170,seed0,federated_enc_fedprox_mu0.01,ucr_170_p3,none,e001d7c1291eaeb9,,2026-08-02 06:21:20,0.6707055981301753,0.5045576037834366,1.0,0.030981835540625315,0.964617771619468,0.09098428453267163,64,0.0,1,0.02985074626865672,0.015151515151515152,1.0,0.05883912006360986,0.07823481460265704,45389,111,0.0,0.0,0.0,0.0,0.0,0.0,0.06636937674950831,0.03174390604105661,0.030311305297651556,1.0,7,36.916692906074616,0.99,True,0.0394124674581842,0.9662486330052495
ucr170_enc,ucr_split_w2p,ucr_170,seed0,federated_enc_fedprox_mu0.01,ucr_170_p4,none,e001d7c1291eaeb9,,2026-08-02 06:21:20,0.605069858874711,0.4337635563502854,1.0,0.016225548727752493,0.9306100477970315,0.044559250887956085,64,0.0,1,0.015748031496062992,0.007936507936507936,1.0,0.014696147226267707,0.32792086188283504,45389,111,0.0,0.0,0.0,0.0,0.0,0.0,0.01691890039567044,0.01668861891360769,0.007402467489163054,1.0,7,30.46698213858595,0.99,True,0.02003068757452892,0.9351279326299153
ucr170_fedscaler,ucr_split_w2p,ucr_170,seed0,centralized,ucr_170_p0,none,,,,0.7525501889819651,0.6032709150581491,1.0,0.6788412473783163,0.9976948020306544,0.6463414634146342,64,0.0,1,0.125,0.06666666666666667,1.0,0.1608695652173913,0.025512789442375908,45389,111,1.0,1.0,1.0,1.0,1.0,1.0,0.18017972328745346,0.697190665491818,0.08747044917257683,1.0,7,61.40362169682993,0.99,True,0.34821972657551453,0.997333970100545
ucr170_fedscaler,ucr_split_w2p,ucr_170,seed0,centralized,ucr_170_p1,none,,,,0.6523138593066239,0.48402505569361454,1.0,0.6788412473783163,0.9976948020306544,0.6463414634146342,64,0.0,1,0.009174311926605503,0.004608294930875576,1.0,0.015629400168966488,0.3080482055123488,45389,111,1.0,1.0,1.0,1.0,1.0,1.0,0.01799194227426492,0.697190665491818,0.007876250620875613,1.0,7,42.892452432780225,0.99,True,0.34821972657551453,0.997333970100545
ucr170_fedscaler,ucr_split_w2p,ucr_170,seed0,centralized,ucr_170_p2,none,,,,0.6706010047131186,0.5044392293740257,1.0,0.6788412473783163,0.9976948020306544,0.6463414634146342,64,0.0,1,0.028169014084507043,0.014285714285714285,1.0,0.04665825977301387,0.099936107867545,45389,111,1.0,1.0,1.0,1.0,1.0,1.0,0.053576336770571,0.697190665491818,0.023886378308586184,1.0,7,49.830349490431445,0.99,True,0.34821972657551453,0.997333970100545
ucr170_fedscaler,ucr_split_w2p,ucr_170,seed0,centralized,ucr_170_p3,none,,,,0.6540856921771324,0.485978704866562,1.0,0.6788412473783163,0.9976948020306544,0.6463414634146342,64,0.0,1,0.015625,0.007874015748031496,1.0,0.031219237800590636,0.15177686223534337,45389,111,1.0,1.0,1.0,1.0,1.0,1.0,0.03589294643938375,0.697190665491818,0.015857142857142858,1.0,7,47.112720201884684,0.99,True,0.34821972657551453,0.997333970100545
ucr170_fedscaler,ucr_split_w2p,ucr_170,seed0,centralized,ucr_170_p4,none,,,,0.6437385344117975,0.4746419114197954,1.0,0.6788412473783163,0.9976948020306544,0.6463414634146342,64,0.0,1,0.015267175572519085,0.007692307692307693,1.0,0.023241206030150754,0.2055564123466038,45389,111,1.0,1.0,1.0,1.0,1.0,1.0,0.026737833990477602,0.697190665491818,0.011757229107086114,1.0,7,45.46702330679323,0.99,True,0.34821972657551453,0.997333970100545
ucr170_proto_count,ucr_split,ucr_170,seed0,federated_enc_fedproto_lam1_count,ucr_170_p0,none,e001d7c1291eaeb9,--fedproto-agg count,2026-08-02 14:38:13,0.6671495930944145,0.5005434890801462,1.0,0.19050086895860183,0.9664718145186981,0.24309392265193372,64,0.0,1,0.037037037037037035,0.018867924528301886,1.0,0.004933333333333333,0.9865385886448258,45389,111,1.0,1.0,1.0,1.0,1.0,1.0,0.005683993379341104,0.19887051357536023,0.0024727661565194146,1.0,7,52.84479236844968,0.99,True,0.08608852633935368,0.9730518782019021
ucr170_proto_count,ucr_split,ucr_170,seed0,federated_enc_fedproto_lam1_count,ucr_170_p1,none,e001d7c1291eaeb9,--fedproto-agg count,2026-08-02 14:38:13,0.6918388278674852,0.5288636007592824,1.0,0.48762775206445286,0.98974153161291,0.48,64,0.0,1,0.015037593984962407,0.007575757575757576,1.0,0.0561314791403287,0.08224459670845359,45389,111,1.0,1.0,1.0,1.0,1.0,1.0,0.05974069991926677,0.5134106876905083,0.028876170655567118,1.0,7,33.98579302175132,0.99,True,0.2469876277165806,0.9914551551074329
ucr170_proto_count,ucr_split,ucr_170,seed0,federated_enc_fedproto_lam1_count,ucr_170_p2,none,e001d7c1291eaeb9,--fedproto-agg count,2026-08-02 14:38:13,0.6942669710801657,0.5317066779374472,1.0,0.8771261267795591,0.999596878157763,0.7731958762886598,64,0.0,1,0.0392156862745098,0.02,1.0,0.2420937840785169,0.015312080019387957,45389,111,1.0,1.0,1.0,1.0,1.0,1.0,0.25975381505935774,0.8821667388726311,0.13771712158808933,1.0,7,27.060369931449817,0.99,True,0.632021531079742,0.9992441315522889
ucr170_proto_count,ucr_split,ucr_170,seed0,federated_enc_fedproto_lam1_count,ucr_170_p3,none,e001d7c1291eaeb9,--fedproto-agg count,2026-08-02 14:38:13,0.71479707851966,0.5561744893143665,1.0,0.891862964613152,0.9996226811314167,0.7940074906367041,64,0.0,1,0.05714285714285715,0.029411764705882353,1.0,0.23974082073434125,0.015510365947696579,45389,111,1.0,1.0,1.0,1.0,1.0,1.0,0.2597250086860886,0.9070111941241596,0.1361963190184049,1.0,7,26.031138533269196,0.99,True,0.6567897221206418,0.9992953383180428
ucr170_proto_count,ucr_split,ucr_170,seed0,federated_enc_fedproto_lam1_count,ucr_170_p4,none,e001d7c1291eaeb9,--fedproto-agg count,2026-08-02 14:38:13,0.6313577909634521,0.46130229419703106,1.0,0.2618318739742165,0.9939958465151794,0.3465346534653465,64,0.0,1,0.05882352941176471,0.030303030303030304,1.0,0.16263736263736264,0.02518231289519487,45389,111,0.0,0.0,1.0,1.0,1.0,1.0,0.16833489340514352,0.27576535249057094,0.08851674641148326,1.0,7,26.30045868488897,0.99,True,0.1900138323843514,0.9940118431015134
ucr170_proto_count,ucr_split_w2p,ucr_170,seed0,federated_enc_fedproto_lam1_count,ucr_170_p0,none,e001d7c1291eaeb9,--fedproto-agg count,2026-08-02 14:38:13,0.6681936921440319,0.5017198733798875,1.0,0.0018425254699091763,0.389476832800105,0.005519504736331767,64,0.0,1,1.0,1.0,1.0,0.004889114013257868,0.9955055189583379,45389,111,0.0,0.0,0.0,0.0,0.0,0.0,0.0056330658630486035,0.0017264673163325255,0.002450547509713882,1.0,7,47.7206327706358,0.99,True,0.0019928781095651382,0.4065940579299861
ucr170_proto_count,ucr_split_w2p,ucr_170,seed0,federated_enc_fedproto_lam1_count,ucr_170_p1,none,e001d7c1291eaeb9,--fedproto-agg count,2026-08-02 14:38:13,0.6685876146413956,0.5021641844358519,1.0,0.07770927674164892,0.9867404472925635,0.1934900542495479,64,0.0,1,0.010101010101010102,0.005076142131979695,1.0,0.007813049904976421,0.6211196545418494,45389,111,0.0,0.0,0.0,0.0,0.0,0.0,0.008999783089095983,0.07655641143852668,0.003921845740734198,1.0,7,15.280245579805937,0.99,True,0.09312863986679057,0.9868713589645035
ucr170_proto_count,ucr_split_w2p,ucr_170,seed0,federated_enc_fedproto_lam1_count,ucr_170_p2,none,e001d7c1291eaeb9,--fedproto-agg count,2026-08-02 14:38:13,0.6903781943978825,0.5271584448614699,1.0,0.004977888910498853,0.7684457023063292,0.016093953892996955,64,0.0,1,0.016,0.008064516129032258,1.0,0.007313216497562261,0.6639053515168873,45389,111,0.0,0.0,0.0,0.0,0.0,0.0,0.00842437161226047,0.005105461164157358,0.003670028103818813,1.0,7,15.94213879756945,0.99,True,0.005856916896752651,0.7756710438709503
ucr170_proto_count,ucr_split_w2p,ucr_170,seed0,federated_enc_fedproto_lam1_count,ucr_170_p3,none,e001d7c1291eaeb9,--fedproto-agg count,2026-08-02 14:38:13,0.6523503915980811,0.48406586481426034,0.999997524997525,0.004217879235482646,0.7322604059919269,0.012696291346475107,64,0.0,1,0.017241379310344827,0.008695652173913044,1.0,0.01240491515506144,0.3717420520390403,45389,111,0.0,0.0,0.0,0.0,0.0,0.0,0.014071106431803641,0.004164921451428691,0.006243006066317215,0.954954954954955,7,15.081990985464472,0.99,True,0.004985247933930774,0.7485194210602908
ucr170_proto_count,ucr_split_w2p,ucr_170,seed0,federated_enc_fedproto_lam1_count,ucr_170_p4,none,e001d7c1291eaeb9,--fedproto-agg count,2026-08-02 14:38:13,0.6089184801807648,0.4377302634714685,1.0,0.01125644065231226,0.9004483564398962,0.03398208217485326,64,0.0,1,0.0196078431372549,0.009900990099009901,1.0,0.02117108525653252,0.22613408535107626,45389,111,0.0,0.0,0.0,0.0,0.0,0.0,0.024331945866262614,0.011770455388467407,0.010698795180722892,1.0,7,18.925068019968,0.99,True,0.013962367198481786,0.9063599079863524
ucr170_v1,ucr_split,ucr_170,seed0,centralized,ucr_170_p0,none,e001d7c1291eaeb9,,2026-08-01 17:45:19,0.6670381505701186,0.5004180358615787,1.0,0.5172700364605581,0.8286771867375098,0.6740331491712707,64,0.0,1,0.012820512820512822,0.0064516129032258064,1.0,0.006797721844571008,0.7146224856242702,45389,111,1.0,1.0,1.0,1.0,1.0,1.0,0.007464352484627278,0.5510611652475077,0.003410452576274311,1.0,7,83.29507037688823,0.99,True,0.27751451842913033,0.869149452920559
ucr170_v1,ucr_split,ucr_170,seed0,centralized,ucr_170_p1,none,e001d7c1291eaeb9,,2026-08-01 17:45:19,0.8421840655720272,0.7275837990580848,0.9996344916344918,0.22384530081336698,0.9910372378591551,0.4197530864197531,64,42.0,1,0.6666666666666666,0.5,1.0,0.35664335664335667,0.0027319394566965565,45389,111,1.0,1.0,1.0,1.0,1.0,1.0,0.3581135248225563,0.2216584191450014,0.2914285714285714,0.4594594594594595,7,74.0794512153616,0.99,True,0.25102268325623533,0.9948115023606133
ucr170_v1,ucr_split,ucr_170,seed0,centralized,ucr_170_p2,none,e001d7c1291eaeb9,,2026-08-01 17:45:19,0.9998222137199023,1.0,0.9996444906444906,0.797612348853506,0.995503335629798,0.782608695652174,64,42.0,1,1.0,1.0,1.0,0.6626506024096386,0.0,45389,111,1.0,1.0,1.0,1.0,1.0,1.0,0.6673258275118499,0.8027181195114034,1.0,0.4954954954954955,7,77.64545253766916,0.99,True,0.44520538839681906,0.9975780392734748
ucr170_v1,ucr_split,ucr_170,seed0,centralized,ucr_170_p3,none,e001d7c1291eaeb9,,2026-08-01 17:45:19,0.9972847779183678,0.9949926739926739,0.9995874665874667,0.6540482966736859,0.9939881056230833,0.6288659793814434,64,43.0,1,0.888888888888889,0.8,1.0,0.46258503401360546,4.4063539624138005e-05,45389,111,1.0,1.0,1.0,1.0,1.0,1.0,0.4658046389716707,0.6630223725956537,0.9444444444444444,0.3063063063063063,7,71.59039541132827,0.99,True,0.40073966888255835,0.9967792304887634
ucr170_v1,ucr_split,ucr_170,seed0,centralized,ucr_170_p4,none,e001d7c1291eaeb9,,2026-08-01 17:45:19,0.9997922051225078,1.0,0.9995844965844968,0.735817191474149,0.9947145585736433,0.7083333333333333,64,43.0,1,1.0,1.0,1.0,0.44755244755244755,0.0,45389,111,1.0,1.0,1.0,1.0,1.0,1.0,0.45260096122102167,0.7453018295811586,1.0,0.2882882882882883,7,71.58257047186297,0.99,True,0.4133821446155055,0.9970159280147222
ucr170_v1,ucr_split,ucr_170,seed0,federated,ucr_170_p0,none,e001d7c1291eaeb9,,2026-08-01 17:45:19,0.667788063076484,0.501262632895041,1.0,0.00263871095821282,0.5709578798212609,0.00741389074808217,64,0.0,1,0.02197802197802198,0.011111111111111112,1.0,0.005144128278802484,0.9459120051113706,45389,111,0.0,0.0,0.0,0.0,0.0,0.0,0.005920359730978455,0.0026691366712503516,0.002578696712742479,1.0,7,140.92085441921836,0.99,True,0.0029341535768191884,0.5957232506277855
ucr170_v1,ucr_split,ucr_170,seed0,federated,ucr_170_p1,none,e001d7c1291eaeb9,,2026-08-01 17:45:19,,,,0.010983403003451898,0.7551444678722213,0.07792207792207792,64,111.0,1,0.0,0.0,0.0,0.0,0.0,45389,111,0.0,0.0,0.0,0.0,0.0,0.0,0.0,0.010148592813817938,0.0,0.0,7,87.90729100609646,0.99,True,0.008008642067353293,0.7913378311770402
ucr170_v1,ucr_split,ucr_170,seed0,federated,ucr_170_p2,none,e001d7c1291eaeb9,,2026-08-01 17:45:19,0.9996626423909816,1.0,0.9993255123255124,0.7612681879779634,0.9902869667790684,0.7677725118483413,64,54.0,1,1.0,1.0,1.0,0.27906976744186046,0.0,45389,111,1.0,1.0,1.0,1.0,1.0,1.0,0.2990533650647214,0.7668416726787864,1.0,0.16216216216216217,7,68.04152052929821,0.99,True,0.44791172206668967,0.9946066134863772
ucr170_v1,ucr_split,ucr_170,seed0,federated,ucr_170_p3,none,e001d7c1291eaeb9,,2026-08-01 17:45:19,0.925370835730281,0.8612870638133796,0.9997574497574497,0.7265469650594292,0.9971924379820566,0.6981132075471698,64,35.0,1,0.4,0.25,1.0,0.6755555555555556,0.0008372072528586221,45389,111,1.0,1.0,1.0,1.0,1.0,1.0,0.6815844466649397,0.7334229674696728,0.6666666666666666,0.6846846846846847,7,58.882966443011014,0.99,True,0.42440140821513833,0.9975321054083695
ucr170_v1,ucr_split,ucr_170,seed0,federated,ucr_170_p4,none,e001d7c1291eaeb9,,2026-08-01 17:45:19,0.7239686538812592,0.5673749450549451,0.999952380952381,0.38403964440776744,0.993385705430474,0.39805825242718446,64,6.0,1,0.29411764705882354,0.1724137931034483,1.0,0.23323615160349853,0.010905726056974157,45389,111,1.0,1.0,1.0,1.0,1.0,1.0,0.23850267670035957,0.38943050205839963,0.1391304347826087,0.7207207207207207,7,47.11599808842567,0.99,True,0.20031027493708375,0.9935150813717631
ucr170_v1,ucr_split,ucr_170,seed0,federated_cb_only,ucr_170_p0,none,e001d7c1291eaeb9,,2026-08-01 17:45:19,0.6674726401091883,0.5009072685486033,1.0,0.004583733720149988,0.7361346232438347,0.011631885049606569,64,0.0,1,0.2857142857142857,0.16666666666666666,1.0,0.00488105184468581,0.9971579016942431,45389,111,0.0,0.0,0.0,0.0,0.0,0.0,0.005623780601186461,0.004903070427671846,0.0024464966608626656,1.0,7,63.540513342288214,0.99,True,0.005854960918316907,0.7683396248940392
ucr170_v1,ucr_split,ucr_170,seed0,federated_cb_only,ucr_170_p1,none,e001d7c1291eaeb9,,2026-08-01 17:45:19,0.6408026311636651,0.471458229191393,0.9999928719928719,0.07612279785172021,0.9842611784932611,0.18082191780821916,64,6.0,1,0.034482758620689655,0.017543859649122806,1.0,0.12462908011869436,0.03236466985392936,45389,111,0.0,0.0,0.0,0.0,0.0,0.0,0.12735680758793994,0.07469923862196828,0.06670902160101652,0.9459459459459459,7,47.9590540557062,0.99,True,0.08202834373576942,0.9856910402851482
ucr170_v1,ucr_split,ucr_170,seed0,federated_cb_only,ucr_170_p2,none,e001d7c1291eaeb9,,2026-08-01 17:45:19,0.8689726650776812,0.7683038581356338,1.0,0.9554458468489577,0.9998370442971557,0.905829596412556,64,0.0,1,0.19999999999999998,0.1111111111111111,1.0,0.5138888888888888,0.0046266716605344906,45389,111,1.0,1.0,1.0,1.0,1.0,1.0,0.5389467268697645,0.9589069440283624,0.34579439252336447,1.0,7,37.39408047037559,0.99,True,0.653462809484397,0.9992939075907353
ucr170_v1,ucr_split,ucr_170,seed0,federated_cb_only,ucr_170_p3,none,e001d7c1291eaeb9,,2026-08-01 17:45:19,0.8745350554480148,0.7770444300797242,0.999998217998218,0.8958148858986852,0.9995613494478858,0.836734693877551,64,3.0,1,0.19999999999999998,0.1111111111111111,1.0,0.5901639344262295,0.0032386701623741436,45389,111,1.0,1.0,1.0,1.0,1.0,1.0,0.6070665495006731,0.8997085721546606,0.4235294117647059,0.972972972972973,7,43.40547143204106,0.99,True,0.5901053587164047,0.999066827107471
ucr170_v1,ucr_split,ucr_170,seed0,federated_cb_only,ucr_170_p4,none,e001d7c1291eaeb9,,2026-08-01 17:45:19,0.6704764341975602,0.5042982700294532,1.0,0.7976281915073438,0.9984069641034985,0.8042328042328043,64,0.0,1,0.016949152542372885,0.008547008547008548,1.0,0.08466819221967964,0.05287624754896561,45389,111,1.0,1.0,1.0,1.0,1.0,1.0,0.09365901452645035,0.801588036394167,0.04420549581839905,1.0,7,32.03853092266451,0.99,True,0.4357094768720504,0.9980286642723452
ucr170_v1,ucr_split,ucr_170,seed0,federated_cb_only_ema,ucr_170_p0,none,e001d7c1291eaeb9,,2026-08-01 17:45:19,0.6673299436200001,0.5007465579535137,1.0,0.014919878795579954,0.8276424874939934,0.06521739130434782,64,0.0,1,0.00816326530612245,0.004098360655737705,1.0,0.005592080405047986,0.8697481768710481,45389,111,0.0,0.0,0.0,0.0,0.0,0.0,0.0064048935677941165,0.015220416838357505,0.002803879963625341,1.0,7,36.467156413524755,0.99,True,0.015524708489849827,0.840565991901054
ucr170_v1,ucr_split,ucr_170,seed0,federated_cb_only_ema,ucr_170_p1,none,e001d7c1291eaeb9,,2026-08-01 17:45:19,0.631728500168511,0.4719740764744007,0.9549670329670329,0.0038385558233032012,0.7076743402725469,0.011001335113484646,64,111.0,1,0.0,0.0,0.0,0.0,0.06799004164004495,45389,111,0.0,0.0,0.0,0.0,0.0,0.0,0.0,0.003706360117143713,0.0,0.0,7,26.764584138303178,0.99,True,0.003897653253292706,0.708020127622904
ucr170_v1,ucr_split,ucr_170,seed0,federated_cb_only_ema,ucr_170_p2,none,e001d7c1291eaeb9,,2026-08-01 17:45:19,0.8049378256902234,0.6735839987350779,0.9999318879318879,0.4317294179318376,0.9954044903922628,0.44252873563218387,64,12.0,1,0.19999999999999998,0.1111111111111111,1.0,0.40616966580976865,0.004384322192601732,45389,111,1.0,1.0,1.0,1.0,1.0,1.0,0.4116471907105935,0.44114064258832153,0.2841726618705036,0.7117117117117117,7,20.658810536948327,0.99,True,0.30374449752294913,0.9965641563901558
ucr170_v1,ucr_split,ucr_170,seed0,federated_cb_only_ema,ucr_170_p3,none,e001d7c1291eaeb9,,2026-08-01 17:45:19,0.7021574511203889,0.5410189793257592,1.0,0.2505446417209855,0.9961519826905714,0.46200607902735563,64,0.0,1,0.023529411764705882,0.011904761904761904,1.0,0.17195972114639815,0.023551961929101764,45389,111,0.0,0.0,1.0,1.0,1.0,1.0,0.17766920652464252,0.2456938379215855,0.0940677966101695,1.0,7,22.679599721777834,0.99,True,0.26474919436638267,0.9962489303642498
ucr170_v1,ucr_split,ucr_170,seed0,federated_cb_only_ema,ucr_170_p4,none,e001d7c1291eaeb9,,2026-08-01 17:45:19,0.6411415828725533,0.4718236828733725,1.0,0.9083897778657873,0.999761421735909,0.8381742738589212,64,0.0,1,0.01941747572815534,0.00980392156862745,1.0,0.1423076923076923,0.029478508008548326,45389,111,1.0,1.0,1.0,1.0,1.0,1.0,0.15543369536581306,0.9251809811880949,0.07660455486542443,1.0,7,20.670071527947197,0.99,True,0.6745261233184886,0.9993426875641345
ucr170_v1,ucr_split,ucr_170,seed0,federated_fedavg_cb_only,ucr_170_p0,none,e001d7c1291eaeb9,,2026-08-01 17:45:19,0.6754169730609261,0.5099091256074149,1.0,0.8038969228392779,0.9930185092669395,0.8,64,0.0,1,0.004842615012106537,0.0024271844660194173,1.0,0.012706043956043956,0.3800480292581903,45389,111,1.0,1.0,1.0,1.0,1.0,1.0,0.013947795111367609,0.809703373846711,0.006393640919301884,1.0,7,73.21524004289829,0.99,True,0.4820747826089364,0.9964356299853536
ucr170_v1,ucr_split,ucr_170,seed0,federated_fedavg_cb_only,ucr_170_p1,none,e001d7c1291eaeb9,,2026-08-01 17:45:19,0.6223380254720337,0.45196662139358773,0.9988664488664487,0.015413933949272929,0.9285791552860666,0.03877847794474067,64,37.0,1,0.037037037037037035,0.018867924528301886,1.0,0.011065006915629323,0.029236158540615568,45389,111,0.0,0.0,0.0,0.0,0.0,0.0,0.01112590692714137,0.015129479332475751,0.00599250936329588,0.07207207207207207,7,46.09790153565658,0.99,True,0.016509578688213636,0.9311943599065001
ucr170_v1,ucr_split,ucr_170,seed0,federated_fedavg_cb_only,ucr_170_p2,none,e001d7c1291eaeb9,,2026-08-01 17:45:19,0.7095522708597248,0.5499000371609067,0.9998334818334819,0.19728802417457164,0.9936046337377057,0.4021447721179624,64,29.0,1,0.08695652173913045,0.045454545454545456,1.0,0.31238095238095237,0.00731454757760691,45389,111,0.0,0.0,1.0,1.0,1.0,1.0,0.31406587555149856,0.1943247599646662,0.19806763285024154,0.7387387387387387,7,53.48665733204526,0.99,True,0.22280661398882498,0.9947929410335755
ucr170_v1,ucr_split,ucr_170,seed0,federated_fedavg_cb_only,ucr_170_p3,none,e001d7c1291eaeb9,,2026-08-01 17:45:19,0.7209705815578848,0.563685691010956,1.0,0.3662402826955932,0.9972065303753598,0.47547169811320755,64,0.0,1,0.06666666666666667,0.034482758620689655,1.0,0.28756476683937826,0.012117473396637952,45389,111,1.0,1.0,1.0,1.0,1.0,1.0,0.29470164944725735,0.3708831957539134,0.16792738275340394,1.0,7,35.46579448452325,0.99,True,0.3242993164753874,0.9972280787092783
ucr170_v1,ucr_split,ucr_170,seed0,federated_fedavg_cb_only,ucr_170_p4,none,e001d7c1291eaeb9,,2026-08-01 17:45:19,0.6923203647754977,0.529426585936425,1.0,0.7501058185746229,0.998603860640918,0.6863905325443787,64,0.0,1,0.07407407407407407,0.038461538461538464,1.0,0.18063466232709519,0.022185992200753485,45389,111,1.0,1.0,1.0,1.0,1.0,1.0,0.1940440490658454,0.7602136015483745,0.09928443649373882,1.0,7,44.47941834539292,0.99,True,0.4256615480520778,0.9981299406730856
ucr170_v1,ucr_split,ucr_170,seed0,federated_fedavg_cb_sharedprior,ucr_170_p0,none,e001d7c1291eaeb9,,2026-08-01 17:45:19,,,,0.0028161109319507186,0.6045138531203437,0.008866995073891625,64,111.0,1,0.0,0.0,0.0,0.0,0.0,45389,111,0.0,0.0,0.0,0.0,0.0,0.0,0.0,0.003061824877871872,0.0,0.0,7,205.62920397281644,0.99,True,0.003985797936217928,0.6491734076411978
ucr170_v1,ucr_split,ucr_170,seed0,federated_fedavg_cb_sharedprior,ucr_170_p1,none,e001d7c1291eaeb9,,2026-08-01 17:45:19,,,,0.1910293157317776,0.9900853066157436,0.30097087378640774,64,111.0,1,0.0,0.0,0.0,0.0,0.0,45389,111,0.0,0.0,1.0,1.0,1.0,1.0,0.0,0.18869214551218486,0.0,0.0,7,152.85792936245602,0.99,True,0.16848373959260504,0.9925870807577525
ucr170_v1,ucr_split,ucr_170,seed0,federated_fedavg_cb_sharedprior,ucr_170_p2,none,e001d7c1291eaeb9,,2026-08-01 17:45:19,0.998924495458342,1.0,0.9978513018513018,0.5894308556317819,0.9740058858567748,0.6592178770949721,64,104.0,1,1.0,1.0,1.0,0.017857142857142856,0.0,45389,111,1.0,1.0,1.0,1.0,1.0,1.0,0.018173212595331226,0.6033465094440411,1.0,0.009009009009009009,7,139.86628519455587,0.99,True,0.2716946803643468,0.981849187226433
ucr170_v1,ucr_split,ucr_170,seed0,federated_fedavg_cb_sharedprior,ucr_170_p3,none,e001d7c1291eaeb9,,2026-08-01 17:45:19,0.9995906155637494,1.0,0.9991815661815662,0.5418437972821297,0.9906563462711429,0.5591397849462365,64,59.0,1,1.0,1.0,1.0,0.20967741935483872,0.0,45389,111,1.0,1.0,1.0,1.0,1.0,1.0,0.21243365212433654,0.5510563658431153,1.0,0.11711711711711711,7,132.53299543937035,0.99,True,0.2895678319839745,0.9948994219712052
ucr170_v1,ucr_split,ucr_170,seed0,federated_fedavg_cb_sharedprior,ucr_170_p4,none,e001d7c1291eaeb9,,2026-08-01 17:45:19,0.9513260398160546,0.9075978835978836,0.9994811404811405,0.5955090933270901,0.9886254537601781,0.5957446808510638,64,51.0,1,0.923076923076923,0.8571428571428571,1.0,0.5575757575757576,0.00017625415849655202,45389,111,1.0,1.0,1.0,1.0,1.0,1.0,0.5614045609247793,0.6029239789814165,0.8518518518518519,0.4144144144144144,7,115.79044605016709,0.99,True,0.3335853026437998,0.9948312761378962
ucr170_v1,ucr_split,ucr_170,seed0,federated_shared,ucr_170_p0,none,e001d7c1291eaeb9,,2026-08-01 17:45:19,0.6680535238948812,0.5015618389174352,1.0,0.001598345175329894,0.26931377388536615,0.005791249369072602,64,0.0,1,0.11764705882352941,0.0625,1.0,0.004897635015884222,0.9937650091431844,45389,111,0.0,0.0,0.0,0.0,0.0,0.0,0.0056428795544085,0.0016931678299214855,0.0024548289360196386,1.0,7,67.23256034389759,0.99,True,0.001798501900749135,0.311557003349943
ucr170_v1,ucr_split,ucr_170,seed0,federated_shared,ucr_170_p1,none,e001d7c1291eaeb9,,2026-08-01 17:45:19,0.01995042687964748,0.01990109890109891,0.01999999999999999,0.0063412815899264036,0.8247999922194109,0.018814139110604332,64,111.0,1,0.0,0.0,0.0,0.0,0.00019828592830862103,45389,111,0.0,0.0,0.0,0.0,0.0,0.0,0.0,0.0064424738833347515,0.0,0.0,7,101.0238351313149,0.99,True,0.006999274242167632,0.8312219680912147
ucr170_v1,ucr_split,ucr_170,seed0,federated_shared,ucr_170_p2,none,e001d7c1291eaeb9,,2026-08-01 17:45:19,0.7201964030625367,0.5627397866250322,1.0,0.6607599993807635,0.9982922401129455,0.5914396887159533,64,0.0,1,0.05128205128205127,0.02631578947368421,1.0,0.33636363636363636,0.009649915177686224,45389,111,1.0,1.0,1.0,1.0,1.0,1.0,0.35439981543488475,0.6757365767820989,0.20218579234972678,1.0,7,38.66307232637248,0.99,True,0.4042171338322483,0.9979839675209575
ucr170_v1,ucr_split,ucr_170,seed0,federated_shared,ucr_170_p3,none,e001d7c1291eaeb9,,2026-08-01 17:45:19,0.7906132198569111,0.6537451320609217,0.9999661419661419,0.8369403104226982,0.998032622501106,0.8497409326424871,64,13.0,1,0.23529411764705882,0.13333333333333333,1.0,0.423841059602649,0.005419815373768975,45389,111,1.0,1.0,1.0,1.0,1.0,1.0,0.4366437210050539,0.8405213833265466,0.2807017543859649,0.8648648648648649,7,76.74116523652017,0.99,True,0.4905714582665748,0.9982054825998847
ucr170_v1,ucr_split,ucr_170,seed0,federated_shared,ucr_170_p4,none,e001d7c1291eaeb9,,2026-08-01 17:45:19,0.6331096945644441,0.4631752029016736,1.0,0.7004371226235659,0.9952451074088475,0.7244897959183674,64,0.0,1,0.03125,0.015873015873015872,1.0,0.07000946073793755,0.06497168917579149,45389,111,1.0,1.0,1.0,1.0,1.0,1.0,0.07576293936458184,0.726058285906726,0.03627450980392157,1.0,7,53.97810741275552,0.99,True,0.4451407170870942,0.9966364125557188
ucr170_v1,ucr_split,ucr_170,seed0,local,ucr_170_p0,none,e001d7c1291eaeb9,,2026-08-01 17:45:19,0.6686994014637943,0.5022903183541297,1.0,0.646099308132512,0.9925947450457795,0.6555555555555556,64,0.0,1,0.07142857142857142,0.037037037037037035,1.0,0.004916943521594684,0.9898433541166362,45389,111,1.0,1.0,1.0,1.0,1.0,1.0,0.005665117229398962,0.6588066787583351,0.0024645307400253114,1.0,7,99.26998116861563,0.99,True,0.31310040469957157,0.9938716541439008
ucr170_v1,ucr_split,ucr_170,seed0,local,ucr_170_p1,none,e001d7c1291eaeb9,,2026-08-01 17:45:19,0.6626737276474857,0.4955217933746547,0.999998217998218,0.5272187970135223,0.986814085009683,0.5327102803738318,64,3.0,1,0.010582010582010583,0.005319148936170213,1.0,0.0632688927943761,0.07039150454956046,45389,111,1.0,1.0,1.0,1.0,1.0,1.0,0.06581261871684552,0.5460451922877155,0.0326975476839237,0.972972972972973,7,88.83090250730514,0.99,True,0.26106444178318433,0.9900685873800305
ucr170_v1,ucr_split,ucr_170,seed0,local,ucr_170_p2,none,e001d7c1291eaeb9,,2026-08-01 17:45:19,0.6980464457803767,0.5361531089323521,1.0,0.7797523911188844,0.9975900022607375,0.7979797979797979,64,0.0,1,0.02247191011235955,0.011363636363636364,1.0,0.1196765498652291,0.035977880103108685,45389,111,1.0,1.0,1.0,1.0,1.0,1.0,0.12617802391879873,0.7857130247196766,0.06364678899082568,1.0,7,78.55460674573975,0.99,True,0.42733345316849713,0.997572192040333
ucr170_v1,ucr_split,ucr_170,seed0,local,ucr_170_p3,none,e001d7c1291eaeb9,,2026-08-01 17:45:19,0.6945358759775687,0.5320221852114527,1.0,0.8552214084443598,0.9991792669533972,0.8210526315789474,64,0.0,1,0.02173913043478261,0.01098901098901099,1.0,0.14899328859060404,0.027936284121703497,45389,111,1.0,1.0,1.0,1.0,1.0,1.0,0.1604877990354526,0.8592590585799753,0.08049311094996374,1.0,7,71.52420404394464,0.99,True,0.5425333158241763,0.9988316190244002
ucr170_v1,ucr_split,ucr_170,seed0,local,ucr_170_p4,none,e001d7c1291eaeb9,,2026-08-01 17:45:19,0.7110333957341619,0.5516305801725158,1.0,0.7673049995536432,0.9985911576385039,0.7200000000000001,64,0.0,1,0.03773584905660378,0.019230769230769232,1.0,0.14741035856573706,0.0282887924386966,45389,111,1.0,1.0,1.0,1.0,1.0,1.0,0.15953087413130496,0.7730569349267092,0.07956989247311828,1.0,7,75.03321242521208,0.99,True,0.44535703828249795,0.9982854009162131
ucr170_v1,ucr_split_w2p,ucr_170,seed0,centralized,ucr_170_p0,none,e001d7c1291eaeb9,,2026-08-01 17:45:19,0.6724986166925787,0.5065897671737809,1.0,0.9276511211612181,0.9998003246808023,0.830188679245283,64,0.0,1,0.5,0.3333333333333333,1.0,0.004967887752590239,0.9796426446936483,45389,111,1.0,1.0,1.0,1.0,1.0,1.0,0.005723789547128702,0.9399628263426065,0.002490129217516152,1.0,7,95.32980048664575,0.99,True,0.7203934584489274,0.9994362253553758
ucr170_v1,ucr_split_w2p,ucr_170,seed0,centralized,ucr_170_p1,none,e001d7c1291eaeb9,,2026-08-01 17:45:19,0.7018333550015329,0.54077527792241,0.9995178695178695,0.032179441671096,0.9644496553218932,0.08996539792387542,64,49.0,1,0.14814814814814814,0.08,1.0,0.0791476407914764,0.02535856705369142,45389,111,0.0,0.0,0.0,0.0,0.0,0.0,0.07953190764969133,0.03179859469342386,0.043225270157938485,0.46846846846846846,7,55.66611681597849,0.99,True,0.038558099318474884,0.9667477228581892
ucr170_v1,ucr_split_w2p,ucr_170,seed0,centralized,ucr_170_p2,none,e001d7c1291eaeb9,,2026-08-01 17:45:19,0.7428850037087671,0.5910339975917469,0.9997433917433918,0.059239672301548564,0.9810350128488885,0.16299559471365638,64,36.0,1,0.10526315789473684,0.05555555555555555,1.0,0.13345195729537365,0.020665800083720726,45389,111,0.0,0.0,0.0,0.0,0.0,0.0,0.14348805245879548,0.05995929723656856,0.07403751233958539,0.6756756756756757,7,54.32374262608886,0.99,True,0.07303905942594036,0.9828945179754643
ucr170_v1,ucr_split_w2p,ucr_170,seed0,centralized,ucr_170_p3,none,e001d7c1291eaeb9,,2026-08-01 17:45:19,0.7363610083036496,0.5828177280133118,0.9997432927432928,0.052617123332601226,0.9787536330090694,0.1444557477110885,64,36.0,1,0.2666666666666667,0.15384615384615385,1.0,0.1393596986817326,0.019321862125184518,45389,111,0.0,0.0,0.0,0.0,0.0,0.0,0.14409874679943302,0.05320550718003766,0.07781282860147214,0.6666666666666666,7,54.35579606487096,0.99,True,0.06691113700607401,0.9806449257484394
ucr170_v1,ucr_split_w2p,ucr_170,seed0,centralized,ucr_170_p4,none,e001d7c1291eaeb9,,2026-08-01 17:45:19,0.7294473668362228,0.5741181811727396,1.0,0.05404309999424334,0.9798512518114183,0.1503131524008351,64,0.0,1,0.06451612903225806,0.03333333333333333,1.0,0.07663099758370728,0.058934984247284584,45389,111,0.0,0.0,0.0,0.0,0.0,0.0,0.08480820740942166,0.05445999840033052,0.03984206748025843,1.0,7,46.70698111685751,0.99,True,0.06755060101450686,0.9811480875356402
ucr170_v1,ucr_split_w2p,ucr_170,seed0,federated,ucr_170_p0,none,e001d7c1291eaeb9,,2026-08-01 17:45:19,0.6675996535699228,0.5010503452349243,1.0,0.0014004342752781944,0.1706318890218073,0.005098408469788485,64,0.0,1,1.0,1.0,1.0,0.004884273519317082,0.996496948599881,45389,111,0.0,0.0,0.0,0.0,0.0,0.0,0.005627491030221682,0.0012993537021543707,0.00244811539224984,1.0,7,57.312515495605766,0.99,True,0.0015743019134998252,0.20879256697099904
ucr170_v1,ucr_split_w2p,ucr_170,seed0,federated,ucr_170_p1,none,e001d7c1291eaeb9,,2026-08-01 17:45:19,,,,0.0013826707527969885,0.16071421837135996,0.005093028057537452,64,111.0,1,0.0,0.0,0.0,0.0,0.0,45389,111,0.0,0.0,0.0,0.0,0.0,0.0,0.0,0.0013538853857911132,0.0,0.0,7,86.45468620200951,0.99,True,0.001607075119868203,0.2082629844733511
ucr170_v1,ucr_split_w2p,ucr_170,seed0,federated,ucr_170_p2,none,e001d7c1291eaeb9,,2026-08-01 17:45:19,,,,0.00950940984565953,0.8799004560973319,0.025113008538422906,64,111.0,1,0.0,0.0,0.0,0.0,0.0,45389,111,0.0,0.0,0.0,0.0,0.0,0.0,0.0,0.010013928176227052,0.0,0.0,7,73.9815631219894,0.99,True,0.01150174970598319,0.8933890231113847
ucr170_v1,ucr_split_w2p,ucr_170,seed0,federated,ucr_170_p3,none,e001d7c1291eaeb9,,2026-08-01 17:45:19,0.4865079398592192,0.42717081557897885,0.564989010989011,0.010943353890588689,0.8968617431020215,0.027051952044266834,64,111.0,1,0.0,0.0,0.0,0.0,0.0032386701623741436,45389,111,0.0,0.0,0.0,0.0,0.0,0.0,0.0,0.0106775891979503,0.0,0.0,7,35.81474467093617,0.99,True,0.011544952185516853,0.8989262154839299
ucr170_v1,ucr_split_w2p,ucr_170,seed0,federated,ucr_170_p4,none,e001d7c1291eaeb9,,2026-08-01 17:45:19,0.6445966001713489,0.4756548809588164,0.9996490446490447,0.01580136790624767,0.9290368603418021,0.051354534746760896,64,0.0,1,0.16,0.08695652173913043,1.0,0.018938112952316538,0.06208552733041045,45389,111,0.0,0.0,0.0,0.0,0.0,0.0,0.019406150951396077,0.015701535710574248,0.009838369641602248,0.25225225225225223,7,19.673590381130825,0.99,True,0.019379660084676783,0.9314245208842405
ucr170_v1,ucr_split_w2p,ucr_170,seed0,federated_cb_only,ucr_170_p0,none,e001d7c1291eaeb9,,2026-08-01 17:45:19,0.6673527233302023,0.5007722110818964,1.0,0.0017066224988423894,0.33342165889699427,0.005875085792724778,64,0.0,1,1.0,1.0,1.0,0.0048747282668364774,0.9984577761131551,45389,111,0.0,0.0,0.0,0.0,0.0,0.0,0.005616497679181658,0.0016399739983283595,0.002443319392471935,1.0,7,35.07503737855907,0.99,True,0.00193851317283294,0.37541677619036123
ucr170_v1,ucr_split_w2p,ucr_170,seed0,federated_cb_only,ucr_170_p1,none,e001d7c1291eaeb9,,2026-08-01 17:45:19,0.6986666351025892,0.5368852086242082,1.0,0.003714024425730211,0.6903186647397799,0.012605042016806721,64,0.0,1,0.013513513513513513,0.006802721088435374,1.0,0.009759528729063173,0.4962656150168543,45389,111,0.0,0.0,0.0,0.0,0.0,0.0,0.011240136934120992,0.003934939459149337,0.004903693232019791,1.0,7,16.94681396361604,0.99,True,0.0045343734343089755,0.7137694898533018
ucr170_v1,ucr_split_w2p,ucr_170,seed0,federated_cb_only,ucr_170_p2,none,e001d7c1291eaeb9,,2026-08-01 17:45:19,0.7727275276445944,0.629629968120739,1.0,0.012950558997605343,0.912085894526574,0.03475513428120063,64,0.0,1,0.01904761904761905,0.009615384615384616,1.0,0.017968433832456495,0.2673114631298332,45389,111,0.0,0.0,0.0,0.0,0.0,0.0,0.02068061844225697,0.01292624711223796,0.009065664815419797,1.0,7,14.60329401568911,0.99,True,0.01468368591689542,0.9168427654467967
ucr170_v1,ucr_split_w2p,ucr_170,seed0,federated_cb_only,ucr_170_p3,none,e001d7c1291eaeb9,,2026-08-01 17:45:19,0.7091204343475087,0.5493312104519021,1.0,0.04062024476604078,0.9721214748423984,0.13097345132743363,64,0.0,1,0.015151515151515152,0.007633587786259542,1.0,0.02271796970937372,0.21040340170525898,45389,111,0.0,0.0,0.0,0.0,0.0,0.0,0.026136985838403314,0.03787022745479635,0.011489493841217266,1.0,7,10.12519647730912,0.99,True,0.05470366929023377,0.9721524049284557
ucr170_v1,ucr_split_w2p,ucr_170,seed0,federated_cb_only,ucr_170_p4,none,e001d7c1291eaeb9,,2026-08-01 17:45:19,0.585798021889494,0.41422514673057526,1.0,0.009946094762865669,0.8831607610606926,0.03543495610534717,64,0.0,1,0.03389830508474576,0.017241379310344827,1.0,0.023129818712231714,0.206569873757959,45389,111,0.0,0.0,0.0,0.0,0.0,0.0,0.026015652396588502,0.01026776190873065,0.011700221355539159,1.0,7,13.771663205505972,0.99,True,0.011839011306714957,0.8869551762482356
ucr170_v1,ucr_split_w2p,ucr_170,seed0,federated_cb_only_ema,ucr_170_p0,none,e001d7c1291eaeb9,,2026-08-01 17:45:19,0.6666693117525918,0.5000029757275691,1.0,0.0015794456676463142,0.2927651042172182,0.005070461137884567,64,0.0,1,1.0,1.0,1.0,0.004867246936046129,1.0,45389,111,0.0,0.0,0.0,0.0,0.0,0.0,0.005607881352937195,0.0015627628862884344,0.0024395604395604396,1.0,7,42.58447213920275,0.99,True,0.001832218170933443,0.3492663894743074
ucr170_v1,ucr_split_w2p,ucr_170,seed0,federated_cb_only_ema,ucr_170_p1,none,e001d7c1291eaeb9,,2026-08-01 17:45:19,0.6620328275414409,0.4948049856297547,1.0,0.02775819139059743,0.9588619221349618,0.07063711911357341,64,0.0,1,0.023255813953488372,0.011764705882352941,1.0,0.033580396309181665,0.14076097732930887,45389,111,0.0,0.0,0.0,0.0,0.0,0.0,0.03765050963749646,0.028290165988890593,0.017076923076923076,1.0,7,16.37305686945427,0.99,True,0.032606254955221445,0.9625286987878267
ucr170_v1,ucr_split_w2p,ucr_170,seed0,federated_cb_only_ema,ucr_170_p2,none,e001d7c1291eaeb9,,2026-08-01 17:45:19,0.7359819405792777,0.5822559080691188,0.9999999009999009,0.003119445454880445,0.63284273941041,0.010046005069946485,64,0.0,1,0.02259887005649718,0.011428571428571429,1.0,0.009678838539375276,0.4959131066998612,45389,111,0.0,0.0,0.0,0.0,0.0,0.0,0.011160612943211023,0.0034929430105720086,0.004863168132985543,0.990990990990991,7,10.45270432192582,0.99,True,0.0038851376364573893,0.6645459895936244
ucr170_v1,ucr_split_w2p,ucr_170,seed0,federated_cb_only_ema,ucr_170_p3,none,e001d7c1291eaeb9,,2026-08-01 17:45:19,0.6576657952214097,0.5146805431464947,0.9106593406593406,0.0037586698239498043,0.7012277650317704,0.010033444816053512,64,111.0,1,0.0,0.0,0.0,0.0,0.05338297825464319,45389,111,0.0,0.0,0.0,0.0,0.0,0.0,0.0,0.004080302200390457,0.0,0.0,7,13.083208768115263,0.99,True,0.004809119966235773,0.7375080197518781
ucr170_v1,ucr_split_w2p,ucr_170,seed0,federated_cb_only_ema,ucr_170_p4,none,e001d7c1291eaeb9,,2026-08-01 17:45:19,0.6080116031023335,0.445941399568677,0.9551428571428571,0.005238333315691569,0.7764051257408678,0.014537902388369679,64,111.0,1,0.0,0.0,0.0,0.0,0.08464605961796912,45389,111,0.0,0.0,0.0,0.0,0.0,0.0,0.0,0.0057806982345456346,0.0,0.0,7,14.33503180954149,0.99,True,0.006529959099295625,0.8007069138345344
ucr170_v1,ucr_split_w2p,ucr_170,seed0,federated_fedavg_cb_only,ucr_170_p0,none,e001d7c1291eaeb9,,2026-08-01 17:45:19,0.6705878706058734,0.5044243660628331,1.0,0.0016174322167513936,0.27934061096281015,0.0058818853827199745,64,0.0,1,1.0,1.0,1.0,0.004931470333429593,0.9869131287316311,45389,111,0.0,0.0,0.0,0.0,0.0,0.0,0.0056818477644579495,0.001698570038628468,0.002471830044982853,1.0,7,45.04583483316528,0.99,True,0.0018066501552213327,0.3015640382344801
ucr170_v1,ucr_split_w2p,ucr_170,seed0,federated_fedavg_cb_only,ucr_170_p1,none,e001d7c1291eaeb9,,2026-08-01 17:45:19,0.6757082528181978,0.5107898515012327,0.997899415899416,0.0028489887638871022,0.5905016475198677,0.010638807686778166,64,103.0,1,0.023529411764705882,0.011904761904761904,1.0,0.001055269753330695,0.331423913282954,45389,111,0.0,0.0,0.0,0.0,0.0,0.0,0.0021717996227616104,0.0030390617055926442,0.0005315261444422297,0.07207207207207207,7,16.913302956468737,0.99,True,0.0033240230404728067,0.6162956273367881
ucr170_v1,ucr_split_w2p,ucr_170,seed0,federated_fedavg_cb_only,ucr_170_p2,none,e001d7c1291eaeb9,,2026-08-01 17:45:19,0.7417642648305431,0.589527259556528,1.0,0.007554506832081263,0.8529980772814939,0.021875,64,0.0,1,0.018518518518518517,0.009345794392523364,1.0,0.014527845036319613,0.33177642159994714,45389,111,0.0,0.0,0.0,0.0,0.0,0.0,0.01672537146987862,0.007145351648551517,0.007317073170731708,1.0,7,18.384446659305468,0.99,True,0.00831028860973993,0.8559533685559888
ucr170_v1,ucr_split_w2p,ucr_170,seed0,federated_fedavg_cb_only,ucr_170_p3,none,e001d7c1291eaeb9,,2026-08-01 17:45:19,0.6880501421552843,0.524448505437258,1.0,0.007281372663703791,0.8429347190721092,0.022853957636566332,64,0.0,1,0.012048192771084336,0.006060606060606061,1.0,0.01305651943774628,0.36971512921632993,45389,111,0.0,0.0,0.0,0.0,0.0,0.0,0.015033284442944788,0.00800931976970837,0.0065711579445891545,1.0,7,12.024596128366964,0.99,True,0.009612666171708526,0.8664616716687547
ucr170_v1,ucr_split_w2p,ucr_170,seed0,federated_fedavg_cb_only,ucr_170_p4,none,e001d7c1291eaeb9,,2026-08-01 17:45:19,0.6020141145973048,0.439444010968818,0.9554945054945054,0.0030602323570690544,0.6244301760616285,0.010242214532871972,64,111.0,1,0.0,0.0,0.0,0.0,0.11989689131727951,45389,111,0.0,0.0,0.0,0.0,0.0,0.0,0.0,0.0033517722942046366,0.0,0.0,7,31.160477578173957,0.99,True,0.00360793128253592,0.647109626394315
ucr170_v1,ucr_split_w2p,ucr_170,seed0,federated_fedavg_cb_sharedprior,ucr_170_p0,none,e001d7c1291eaeb9,,2026-08-01 17:45:19,0.6700228982289763,0.5037852887367463,1.0,0.002850075648183915,0.6018089075437772,0.008495343898055873,64,0.0,1,1.0,1.0,1.0,0.004924360055010869,0.9883451937694155,45389,111,0.0,0.0,0.0,0.0,0.0,0.0,0.005673658858867544,0.003063841992619856,0.0024682573213848924,1.0,7,83.4407931017348,0.99,True,0.0034030885426412356,0.6392443931618759
ucr170_v1,ucr_split_w2p,ucr_170,seed0,federated_fedavg_cb_sharedprior,ucr_170_p1,none,e001d7c1291eaeb9,,2026-08-01 17:45:19,0.6614874344820995,0.5063339503984665,0.9537362637362637,0.01194745953507217,0.9083801905410666,0.032776451869530626,64,111.0,1,0.0,0.0,0.0,0.0,0.018440591332701754,45389,111,0.0,0.0,0.0,0.0,0.0,0.0,0.0,0.012709361732963725,0.0,0.0,7,77.60415921289784,0.99,True,0.014337382173961426,0.917072782075949
ucr170_v1,ucr_split_w2p,ucr_170,seed0,federated_fedavg_cb_sharedprior,ucr_170_p2,none,e001d7c1291eaeb9,,2026-08-01 17:45:19,0.7347858163353244,0.580779323091563,0.9999427779427779,0.12011688385092126,0.9888088533575325,0.29959514170040485,64,17.0,1,0.0625,0.03225806451612903,1.0,0.14329268292682926,0.024389169181960386,45389,111,0.0,0.0,1.0,0.0,1.0,1.0,0.15358302675205526,0.11990582428607052,0.07826810990840966,0.8468468468468469,7,64.222927894686,0.99,True,0.14901733912025594,0.9910945440784565
ucr170_v1,ucr_split_w2p,ucr_170,seed0,federated_fedavg_cb_sharedprior,ucr_170_p3,none,e001d7c1291eaeb9,,2026-08-01 17:45:19,0.7125129630199636,0.553413698588572,1.0,0.04974964073513939,0.9783129976128279,0.14391392064559516,64,0.0,1,0.04545454545454545,0.023255813953488372,1.0,0.09719789842381786,0.04542950935248628,45389,111,0.0,0.0,0.0,0.0,0.0,0.0,0.1088155476632673,0.051258428253412654,0.051081454210768526,1.0,7,102.31716358602044,0.99,True,0.06726210661279718,0.9790512412378144
ucr170_v1,ucr_split_w2p,ucr_170,seed0,federated_fedavg_cb_sharedprior,ucr_170_p4,none,e001d7c1291eaeb9,,2026-08-01 17:45:19,0.6677364222274912,0.501204441349301,1.0,0.1045676940118353,0.988854901741284,0.2520325203252033,64,0.0,1,0.007462686567164179,0.003745318352059925,1.0,0.010283967202482976,0.47070876203485423,45389,111,0.0,0.0,1.0,0.0,1.0,1.0,0.011843632823464222,0.10440343819325706,0.005168560253306016,1.0,7,50.69444706887007,0.99,True,0.12948011836271064,0.9900436008802991
ucr170_v1,ucr_split_w2p,ucr_170,seed0,federated_shared,ucr_170_p0,none,e001d7c1291eaeb9,,2026-08-01 17:45:19,0.6701063979852826,0.5038797065946534,1.0,0.0047448134876559665,0.7558040315756942,0.014750198255352892,64,0.0,1,1.0,1.0,1.0,0.0049263270015977275,0.9879486219127983,45389,111,0.0,0.0,0.0,0.0,0.0,0.0,0.005675924191627658,0.0051368688067684265,0.0024692456565746446,1.0,7,130.44919507821402,0.99,True,0.0056520118317648065,0.7780510998231744
ucr170_v1,ucr_split_w2p,ucr_170,seed0,federated_shared,ucr_170_p1,none,e001d7c1291eaeb9,,2026-08-01 17:45:19,0.1075934054710482,0.1075824175824176,0.10760439560439558,0.0017785210498115303,0.36326776003790257,0.005339619010967867,64,111.0,1,0.0,0.0,0.0,0.0,4.4063539624138005e-05,45389,111,0.0,0.0,0.0,0.0,0.0,0.0,0.0,0.0018955306490388924,0.0,0.0,7,217.72000427246095,0.99,True,0.0021530523000005655,0.41940052656722776
ucr170_v1,ucr_split_w2p,ucr_170,seed0,federated_shared,ucr_170_p2,none,e001d7c1291eaeb9,,2026-08-01 17:45:19,,,,0.0029985322162562715,0.6270747823767278,0.008910726182544971,64,111.0,1,0.0,0.0,0.0,0.0,0.0,45389,111,0.0,0.0,0.0,0.0,0.0,0.0,0.0,0.002809217499028012,0.0,0.0,7,165.00465322176615,0.99,True,0.003082928906179137,0.6311591466763395
ucr170_v1,ucr_split_w2p,ucr_170,seed0,federated_shared,ucr_170_p3,none,e001d7c1291eaeb9,,2026-08-01 17:45:19,,,,0.0018749604248413435,0.4119043805311403,0.005859375,64,111.0,1,0.0,0.0,0.0,0.0,0.0,45389,111,0.0,0.0,0.0,0.0,0.0,0.0,0.0,0.0019517762516722769,0.0,0.0,7,68.38292126814524,0.99,True,0.0023298276139268738,0.4738335157948201
ucr170_v1,ucr_split_w2p,ucr_170,seed0,federated_shared,ucr_170_p4,none,e001d7c1291eaeb9,,2026-08-01 17:45:19,0.37630476910732985,0.2667411250459578,0.6386153846153847,0.008817260062982144,0.8460146017043062,0.02991107518189167,64,111.0,1,0.0,0.0,0.0,0.0,0.005926546079446562,45389,111,0.0,0.0,0.0,0.0,0.0,0.0,0.0,0.00930626462707187,0.0,0.0,7,51.84449806362391,0.99,True,0.011459172472836154,0.871848912024652
ucr170_v1,ucr_split_w2p,ucr_170,seed0,local,ucr_170_p0,none,e001d7c1291eaeb9,,2026-08-01 17:45:19,0.6713815991264372,0.505323122640034,1.0,0.7419968074853359,0.9992852576297905,0.7047619047619048,64,0.0,1,1.0,1.0,1.0,0.0049478470179192295,0.9836303950296327,45389,111,1.0,1.0,1.0,1.0,1.0,1.0,0.005700708751219901,0.7872255330105731,0.0024800589851866747,1.0,7,69.11083905194869,0.99,True,0.5857017121796138,0.9990098509205028
ucr170_v1,ucr_split_w2p,ucr_170,seed0,local,ucr_170_p1,none,e001d7c1291eaeb9,,2026-08-01 17:45:19,0.6985144817487293,0.5367055352926876,1.0,0.049541280293301064,0.9772298681726075,0.12452543659832953,64,0.0,1,0.010101010101010102,0.005076142131979695,1.0,0.015721266199277672,0.3062195686179471,45389,111,0.0,0.0,0.0,0.0,0.0,0.0,0.017841583070990465,0.04783720464597627,0.007922912205567453,1.0,7,55.38668904567758,0.99,True,0.05385142442802492,0.9781439419190868
ucr170_v1,ucr_split_w2p,ucr_170,seed0,local,ucr_170_p2,none,e001d7c1291eaeb9,,2026-08-01 17:45:19,0.709638267591915,0.5499529703717898,1.0,0.03368388062786395,0.9629544722408632,0.09045226130653268,64,0.0,1,0.01129943502824859,0.005681818181818182,1.0,0.011032700526786602,0.4384322192601732,45389,111,0.0,0.0,0.0,0.0,0.0,0.0,0.012705146216793497,0.033713273508383476,0.005546949177952126,1.0,7,63.42543992539245,0.99,True,0.037818231693160786,0.9644511538519478
ucr170_v1,ucr_split_w2p,ucr_170,seed0,local,ucr_170_p3,none,e001d7c1291eaeb9,,2026-08-01 17:45:19,0.6695506460447297,0.5032515097656547,1.0,0.11940915249832336,0.9910844771493827,0.2567811934900543,64,0.0,1,0.03389830508474576,0.017241379310344827,1.0,0.005272532953330958,0.9227566150388861,45389,111,0.0,0.0,1.0,0.0,1.0,1.0,0.00607463836793588,0.11811694154026735,0.0026432347478211175,1.0,7,46.33895570933817,0.99,True,0.13438775247089876,0.9918563300600436
ucr170_v1,ucr_split_w2p,ucr_170,seed0,local,ucr_170_p4,none,e001d7c1291eaeb9,,2026-08-01 17:45:19,0.6083224519758381,0.43711451179154653,1.0,0.02535628439445784,0.956973541432331,0.06992125984251969,64,0.0,1,0.015384615384615384,0.007751937984496124,1.0,0.01926414439430753,0.24900306241600387,45389,111,0.0,0.0,0.0,0.0,0.0,0.0,0.021897715080206263,0.02570716331953405,0.009725751336195566,1.0,7,45.60842264040868,0.99,True,0.029785903945433595,0.958543948912787
ucr222_abl_fidelity_znorm,ucr_split_w2p,ucr_222,seed0,centralized,ucr_222_p0,zscore,,,,0.900563161535566,0.8191131577376459,0.9999999743078796,0.07820692984438599,0.9799564470794976,0.1728578504210005,64,0.0,1,0.010695187165775402,0.005376344086021506,1.0,0.08001282770784895,0.0740776611268224,154878,501,0.0,0.0,0.0,0.0,0.0,0.0,0.08100590700963525,0.08136672666983996,0.0416805880387571,0.9960079840319361,7,75.07787773033003,0.99,True,0.08438969502214387,0.9813798944172764
ucr222_abl_fidelity_znorm,ucr_split_w2p,ucr_222,seed0,centralized,ucr_222_p1,zscore,,,,0.8550305632618972,0.7467715170614415,1.0,0.07820692984438599,0.9799564470794976,0.1728578504210005,64,0.0,1,0.0025252525252525255,0.0012642225031605564,1.0,0.022723149492017418,0.2782448120456101,154878,501,0.0,0.0,0.0,0.0,0.0,0.0,0.023010978345833114,0.08136672666983996,0.011492143594448905,1.0,7,49.80786034331724,0.99,True,0.08438969502214387,0.9813798944172764
ucr222_abl_fidelity_znorm,ucr_split_w2p,ucr_222,seed0,centralized,ucr_222_p2,zscore,,,,0.8995779066707651,0.8174844108674404,1.0,0.07820692984438599,0.9799564470794976,0.1728578504210005,64,0.0,1,0.004608294930875576,0.0023094688221709007,1.0,0.062348329288781035,0.09729593615620036,154878,501,0.0,0.0,0.0,0.0,0.0,0.0,0.06312195969269496,0.08136672666983996,0.032177263969171484,1.0,7,70.6635159377785,0.99,True,0.08438969502214387,0.9813798944172764
ucr222_abl_fidelity_znorm,ucr_split_w2p,ucr_222,seed0,centralized,ucr_222_p3,zscore,,,,0.897987513924262,0.8148614696027555,1.0,0.07820692984438599,0.9799564470794976,0.1728578504210005,64,0.0,1,0.004282655246252677,0.002145922746781116,1.0,0.05254050652823659,0.11666602099717197,154878,501,0.0,0.0,0.0,0.0,0.0,0.0,0.053195801147879564,0.08136672666983996,0.026978998384491113,1.0,7,67.46176155538615,0.99,True,0.08438969502214387,0.9813798944172764
ucr222_abl_fidelity_znorm,ucr_split_w2p,ucr_222,seed0,centralized,ucr_222_p4,zscore,,,,0.8986708012363788,0.8159874470278717,1.0,0.07820692984438599,0.9799564470794976,0.1728578504210005,64,0.0,1,0.004434589800443459,0.0022222222222222222,1.0,0.05757958855303988,0.10588979713064477,154878,501,0.0,0.0,0.0,0.0,0.0,0.0,0.05829583863307805,0.08136672666983996,0.02964321637772913,1.0,7,69.23261066234359,0.99,True,0.08438969502214387,0.9813798944172764
ucr222_abl_znorm,ucr_split_w2p,ucr_222,seed0,centralized,ucr_222_p0,zscore,,,,0.8958166106178264,0.8113044034221679,0.9999831652381398,0.07170624417793398,0.9785584244159056,0.1500595474394601,64,0.0,1,0.041025641025641026,0.020942408376963352,1.0,0.12723085780080598,0.03877245315667816,154878,501,0.0,0.0,0.0,0.0,0.0,0.0,0.12888742818514237,0.07283260070177712,0.06855901969908484,0.8822355289421158,7,83.86517247001336,0.99,True,0.07708402423659225,0.9794121712571016
ucr222_abl_znorm,ucr_split_w2p,ucr_222,seed0,centralized,ucr_222_p1,zscore,,,,0.8448697482082996,0.7314064772330552,1.0,0.07170624417793398,0.9785584244159056,0.1500595474394601,64,0.0,1,0.0029585798816568047,0.0014814814814814814,1.0,0.021508146049327066,0.2943284391585635,154878,501,0.0,0.0,0.0,0.0,0.0,0.0,0.021780755328537113,0.07283260070177712,0.010870980341101419,1.0,7,48.52864989211323,0.99,True,0.07708402423659225,0.9794121712571016
ucr222_abl_znorm,ucr_split_w2p,ucr_222,seed0,centralized,ucr_222_p2,zscore,,,,0.8920640633466199,0.8051585239135572,1.0,0.0717063167253412,0.9785584501911349,0.1500595474394601,64,0.0,1,0.005555555555555556,0.002785515320334262,1.0,0.07011405779861452,0.08580301915055721,154878,501,0.0,0.0,0.0,0.0,0.0,0.0,0.07098049552986484,0.07283264561354645,0.03633067440174039,1.0,7,70.74921763082348,0.99,True,0.07708402423659225,0.9794121712571016
ucr222_abl_znorm,ucr_split_w2p,ucr_222,seed0,centralized,ucr_222_p3,zscore,,,,0.8924289109100244,0.8057531653731406,1.0,0.07170624417793398,0.9785584244159056,0.1500595474394601,64,0.0,1,0.005747126436781608,0.002881844380403458,1.0,0.07308000875209686,0.0820581360813027,154878,501,0.0,0.0,0.0,0.0,0.0,0.0,0.07398168476163175,0.07283260070177712,0.03792581377744133,1.0,7,71.46779096220935,0.99,True,0.07708402423659225,0.9794121712571016
ucr222_abl_znorm,ucr_split_w2p,ucr_222,seed0,centralized,ucr_222_p4,zscore,,,,0.8795574564338908,0.7850089783581968,1.0,0.07170624417793398,0.9785584244159056,0.1500595474394601,64,0.0,1,0.00408997955010225,0.0020491803278688526,1.0,0.0459253827115226,0.13440256201655496,154878,501,0.0,0.0,0.0,0.0,0.0,0.0,0.04650015449228745,0.07283260070177712,0.023502369001266593,1.0,7,62.86598856074113,0.99,True,0.07708402423659225,0.9794121712571016
ucr222_cb128,ucr_split,ucr_222,seed0,federated_cb_only,ucr_222_p0,none,9788d435385124ff,--codebook-size 128,2026-08-02 09:32:44,0.8118841075922176,0.6834983278643028,0.9996557127412325,0.10023965950645133,0.8249071788885199,0.2704626334519573,64,0.0,1,0.00849256900212314,0.0042643923240938165,1.0,0.036183434279870995,0.07736411885484058,154878,501,0.0,0.0,1.0,1.0,1.0,1.0,0.03682214646506858,0.11674564661111113,0.018833933835571567,0.4590818363273453,7,36.55257108012871,0.99,True,0.07244940318272902,0.8340057631222949
ucr222_cb128,ucr_split,ucr_222,seed0,federated_cb_only,ucr_222_p1,none,9788d435385124ff,--codebook-size 128,2026-08-02 09:32:44,0.8056754052508969,0.6747666235538062,0.9996047331514254,0.005852882442713009,0.7269995578774914,0.01473721590909091,64,0.0,1,0.008113590263691682,0.004073319755600814,1.0,0.011254776736638224,0.24206149356267515,154878,501,0.0,0.0,0.0,0.0,0.0,0.0,0.011431641505145985,0.005960495353552229,0.0057021615170401805,0.4291417165668663,7,33.271422684817445,0.99,True,0.006219685464752424,0.7347336516596047
ucr222_cb128,ucr_split,ucr_222,seed0,federated_cb_only,ucr_222_p2,none,9788d435385124ff,--codebook-size 128,2026-08-02 09:32:44,0.8404470197987778,0.724998782173497,0.9996268091058373,0.157297826796056,0.7999432377899711,0.2614503816793893,64,0.0,1,0.013513513513513513,0.006802721088435374,1.0,0.054309055344609364,0.051356551608362715,154878,501,1.0,1.0,1.0,1.0,1.0,1.0,0.05528255081934292,0.17267718538474858,0.028815628815628817,0.47105788423153694,7,47.68349025400162,0.99,True,0.09040620729345804,0.8193617461826873
ucr222_cb128,ucr_split,ucr_222,seed0,federated_cb_only,ucr_222_p3,none,9788d435385124ff,--codebook-size 128,2026-08-02 09:32:44,0.8069658931173752,0.6766167463511831,0.999522280714188,0.08423617837578083,0.808819273087498,0.2837022132796781,64,0.0,1,0.029629629629629624,0.015037593984962405,1.0,0.08027923211169284,0.025174653598316093,154878,501,0.0,0.0,1.0,1.0,1.0,1.0,0.08245403369206562,0.09882183813045263,0.04506490325740877,0.36726546906187624,7,58.588758220269476,0.99,True,0.08923731832188288,0.822665295474585
ucr222_cb128,ucr_split,ucr_222,seed0,federated_cb_only,ucr_222_p4,none,9788d435385124ff,--codebook-size 128,2026-08-02 09:32:44,0.834879550104821,0.7167829581260838,0.9995674988460063,0.12308801909672996,0.811515787366627,0.24258064516129035,64,0.0,1,0.0070052539404553416,0.0035149384885764497,1.0,0.03916166486273738,0.06109970428337143,154878,501,1.0,1.0,1.0,1.0,1.0,1.0,0.03990585234433505,0.13762337307315947,0.020596149865452287,0.3972055888223553,7,29.02661996269558,0.99,True,0.07740388327056484,0.8195983088580939
ucr222_cb128,ucr_split,ucr_222,seed0,federated_fedavg_cb_only,ucr_222_p0,none,9788d435385124ff,--codebook-size 128,2026-08-02 09:32:44,0.8413376518579697,0.7262242572201021,0.9998182796327554,0.015506933395886725,0.7016591180041292,0.06495327102803738,64,0.0,1,0.0048192771084337345,0.0024154589371980675,1.0,0.013159304742922052,0.296045920014463,154878,501,0.0,0.0,0.0,0.0,0.0,0.0,0.013311717859217235,0.01755042493356822,0.006651068070540318,0.6127744510978044,7,54.35208234269488,0.99,True,0.01662060135004356,0.7198213887080778
ucr222_cb128,ucr_split,ucr_222,seed0,federated_fedavg_cb_only,ucr_222_p1,none,9788d435385124ff,--codebook-size 128,2026-08-02 09:32:44,0.8069679501155793,0.6764706090898903,0.9998476714184372,0.008237150959213704,0.7265810583664861,0.032743596514391335,64,0.0,1,0.007782101167315175,0.00390625,1.0,0.01093343836155967,0.4043634344451762,154878,501,0.0,0.0,0.0,0.0,0.0,0.0,0.011141189459925482,0.008704723485969958,0.005510210563089529,0.6926147704590818,7,51.00780621531112,0.99,True,0.009152937742647665,0.7446879645348439
ucr222_cb128,ucr_split,ucr_222,seed0,federated_fedavg_cb_only,ucr_222_p2,none,9788d435385124ff,--codebook-size 128,2026-08-02 09:32:44,0.8869139239435614,0.7969205030066842,0.9998200780811798,0.013520800377554537,0.8321206087933894,0.040923887769338085,64,0.0,1,0.010619469026548674,0.005338078291814947,1.0,0.022270674349789753,0.16075233409522333,154878,501,0.0,0.0,0.0,0.0,0.0,0.0,0.02253693405098607,0.014534142253042823,0.011356867728229362,0.5708582834331337,7,62.55904523928964,0.99,True,0.014587807985469735,0.8422867193266854
ucr222_cb128,ucr_split,ucr_222,seed0,federated_fedavg_cb_only,ucr_222_p3,none,9788d435385124ff,--codebook-size 128,2026-08-02 09:32:44,0.837721156226112,0.7208247808001701,0.9998704539061587,0.023382234791481483,0.7976124997902541,0.08533653846153846,64,0.0,1,0.007662835249042146,0.0038461538461538464,1.0,0.013558031038750832,0.333539947571637,154878,501,0.0,0.0,0.0,0.0,0.0,0.0,0.013809798227807632,0.02610077615542298,0.006844311146998885,0.7105788423153693,7,55.913667797874695,0.99,True,0.02489672993517759,0.8165436517584223
ucr222_cb128,ucr_split,ucr_222,seed0,federated_fedavg_cb_only,ucr_222_p4,none,9788d435385124ff,--codebook-size 128,2026-08-02 09:32:44,0.864775757786792,0.7618325092969506,0.9998862095989641,0.01788238428762606,0.8327050750060463,0.051771117166212535,64,0.0,1,0.006944444444444445,0.003484320557491289,1.0,0.017627488951785092,0.2545358282002608,154878,501,0.0,0.0,0.0,0.0,0.0,0.0,0.017805038652999643,0.018774670925519495,0.008924755511979285,0.7085828343313373,7,61.370626270373634,0.99,True,0.018885448924573254,0.8430450870128543
ucr222_cb128,ucr_split_w2p,ucr_222,seed0,federated_cb_only,ucr_222_p0,none,9788d435385124ff,--codebook-size 128,2026-08-02 09:32:44,0.8365890340325612,0.7190881030729739,0.9999901085336649,0.14967251699239945,0.9057278977601815,0.2727272727272727,64,0.0,1,0.015015015015015015,0.007564296520423601,1.0,0.019777019537956665,0.2909193042265525,154878,501,1.0,1.0,1.0,1.0,1.0,1.0,0.02005883389192209,0.17491180293713876,0.009997363332747406,0.908183632734531,7,55.28837962258611,0.99,True,0.06715338098212902,0.914635513354203
ucr222_cb128,ucr_split_w2p,ucr_222,seed0,federated_cb_only,ucr_222_p1,none,9788d435385124ff,--codebook-size 128,2026-08-02 09:32:44,0.7996717464363868,0.6662201461163192,0.9999791315752447,0.005494930271063192,0.7375713712878225,0.015386741604090847,64,0.0,1,0.012861736334405146,0.006472491909385114,1.0,0.014807897545357523,0.3810935058562223,154878,501,0.0,0.0,0.0,0.0,0.0,0.0,0.015024088772248504,0.0054032452163540415,0.007466325861402123,0.8862275449101796,7,27.082119724623123,0.99,True,0.005888440560841624,0.7466111769191083
ucr222_cb128,ucr_split_w2p,ucr_222,seed0,federated_cb_only,ucr_222_p2,none,9788d435385124ff,--codebook-size 128,2026-08-02 09:32:44,0.8467511433172284,0.7343601039869558,0.9997607485522585,0.0901148242485604,0.9394030931151552,0.2235576923076923,64,0.0,1,0.011869436201780414,0.005970149253731343,1.0,0.050400916380297825,0.07369025943000297,154878,501,0.0,0.0,0.0,0.0,1.0,1.0,0.05119517827421728,0.10423064703813895,0.0262776213633649,0.6147704590818364,7,67.47713622490566,0.99,True,0.07122211304957332,0.943877003166615
ucr222_cb128,ucr_split_w2p,ucr_222,seed0,federated_cb_only,ucr_222_p3,none,9788d435385124ff,--codebook-size 128,2026-08-02 09:32:44,0.8510102339798938,0.7406735275879128,0.9999745069935814,0.09339841013255482,0.9460626520045822,0.22791638570465272,64,0.0,1,0.007042253521126761,0.0035335689045936395,1.0,0.04077452988270341,0.13265279768592053,154878,501,0.0,0.0,0.0,0.0,1.0,1.0,0.04132468992655687,0.10246747982031681,0.020874040890244482,0.874251497005988,7,56.42065242838132,0.99,True,0.08650102330639603,0.9504044647144332
ucr222_cb128,ucr_split_w2p,ucr_222,seed0,federated_cb_only,ucr_222_p4,none,9788d435385124ff,--codebook-size 128,2026-08-02 09:32:44,0.8524362971471569,0.742840661056199,0.9999673388920035,0.053486144127988675,0.9359684407061083,0.1479188166494668,64,0.0,1,0.009538950715421305,0.004792332268370607,1.0,0.03321393682839466,0.15275894575084906,154878,501,0.0,0.0,0.0,0.0,0.0,0.0,0.03374866960236473,0.05689853712641311,0.01695267378568164,0.8143712574850299,7,56.24269837220496,0.99,True,0.059455743005854524,0.9435147510868015
ucr222_cb128,ucr_split_w2p,ucr_222,seed0,federated_fedavg_cb_only,ucr_222_p0,none,9788d435385124ff,--codebook-size 128,2026-08-02 09:32:44,0.8277944331994248,0.7061857511993577,0.9999992549285098,0.06613658097831024,0.9170763317178192,0.15239726027397257,64,0.0,1,0.00964630225080386,0.004846526655896607,1.0,0.022431025747317028,0.27398339338059635,154878,501,0.0,0.0,1.0,1.0,1.0,1.0,0.022692373610258578,0.07267914647426477,0.011346427156869598,0.9720558882235529,7,46.3828880897183,0.99,True,0.05949243865502708,0.9222752567978709
ucr222_cb128,ucr_split_w2p,ucr_222,seed0,federated_fedavg_cb_only,ucr_222_p1,none,9788d435385124ff,--codebook-size 128,2026-08-02 09:32:44,0.788097563551314,0.6502978621453438,1.0,0.005873210424570214,0.7548685348604435,0.01850483859052966,64,0.0,1,0.007575757575757576,0.0038022813688212928,1.0,0.013070190313449774,0.4885199963842508,154878,501,0.0,0.0,0.0,0.0,0.0,0.0,0.01323657104985344,0.005625945804865392,0.006578083558730075,1.0,7,35.36862791885457,0.99,True,0.006306758782033651,0.7625787772566924
ucr222_cb128,ucr_split_w2p,ucr_222,seed0,federated_fedavg_cb_only,ucr_222_p2,none,9788d435385124ff,--codebook-size 128,2026-08-02 09:32:44,0.8839528925627459,0.7920390516423099,1.0,0.07174168083902656,0.9720705414414266,0.17383177570093455,64,0.0,1,0.004282655246252677,0.002145922746781116,1.0,0.04228561782579338,0.1465282351270032,154878,501,0.0,0.0,0.0,0.0,0.0,0.0,0.04279020751325087,0.07415880690012124,0.021599482647122224,1.0,7,57.31612912268688,0.99,True,0.075634381179823,0.9730975243778961
ucr222_cb128,ucr_split_w2p,ucr_222,seed0,federated_fedavg_cb_only,ucr_222_p3,none,9788d435385124ff,--codebook-size 128,2026-08-02 09:32:44,0.877194159975036,0.7812941422093993,0.9999307468895932,0.04996676950722539,0.9375012678190926,0.1412742382271468,64,0.0,1,0.025575447570332477,0.012953367875647668,1.0,0.043520371924840186,0.09458412427846434,154878,501,0.0,0.0,0.0,0.0,0.0,0.0,0.044052247342109996,0.05500919638589718,0.022487655144801815,0.6726546906187625,7,64.54371167192862,0.99,True,0.05320209509109576,0.9414564323159291
ucr222_cb128,ucr_split_w2p,ucr_222,seed0,federated_fedavg_cb_only,ucr_222_p4,none,9788d435385124ff,--codebook-size 128,2026-08-02 09:32:44,0.8524670461287808,0.7428693383078635,1.0,0.04425475338300541,0.9548292456783768,0.10683886116818314,64,0.0,1,0.0029282576866764276,0.001466275659824047,1.0,0.02970737347683003,0.21130825553015922,154878,501,0.0,0.0,0.0,0.0,0.0,0.0,0.030082315539976694,0.045101210422845074,0.0150776453593355,1.0,7,62.63357297937074,0.99,True,0.04640120183908903,0.9578505214538364
ucr222_cb128base,ucr_split,ucr_222,seed0,centralized,ucr_222_p0,none,9788d435385124ff,--codebook-size 128,2026-08-02 16:35:46,0.8831983397687156,0.7909122030272948,0.9998658485935857,0.0988368546409601,0.8702899860218354,0.24961479198767336,64,0.0,1,0.014669926650366748,0.007389162561576354,1.0,0.022360857984017945,0.1789279303710017,154878,501,0.0,0.0,1.0,1.0,1.0,1.0,0.022638801530329104,0.11205019342557675,0.011380257571973886,0.6367265469061876,7,81.89291161815332,0.99,True,0.08894189727676528,0.8776312606718436
ucr222_cb128base,ucr_split,ucr_222,seed0,centralized,ucr_222_p1,none,9788d435385124ff,--codebook-size 128,2026-08-02 16:35:46,0.865847362613611,0.7634895512911647,0.9998996786930584,0.09623709783383873,0.8567061695253845,0.24645583424209375,64,0.0,1,0.004581901489117984,0.002296211251435132,1.0,0.017539525691699604,0.25584008057955293,154878,501,0.0,0.0,1.0,1.0,1.0,1.0,0.017735710056265064,0.10753698435104053,0.00887966182245679,0.7085828343313373,7,73.51623623867839,0.99,True,0.08750424089141022,0.8663455241024216
ucr222_cb128base,ucr_split,ucr_222,seed0,centralized,ucr_222_p2,none,9788d435385124ff,--codebook-size 128,2026-08-02 16:35:46,0.8893728567147672,0.8008927806124766,0.999830990809299,0.09632539311234097,0.8680827886962938,0.24865694551036072,64,0.0,1,0.00872093023255814,0.004379562043795621,1.0,0.024463364911859936,0.15631658466664083,154878,501,0.0,0.0,0.0,0.0,1.0,1.0,0.0247743053646614,0.10921223878673225,0.012481644640234948,0.6107784431137725,7,85.92210785786314,0.99,True,0.08772818848303957,0.8760888493692011
ucr222_cb128base,ucr_split,ucr_222,seed0,centralized,ucr_222_p3,none,9788d435385124ff,--codebook-size 128,2026-08-02 16:35:46,0.8852940397232346,0.7943004743881852,0.999833026909837,0.09524566185100988,0.8639077428247626,0.25098039215686274,64,0.0,1,0.0075282308657465494,0.003778337531486146,1.0,0.022145775102128576,0.17495060628365552,154878,501,0.0,0.0,0.0,0.0,1.0,1.0,0.0224308659297876,0.1082144810280614,0.011275314723590585,0.6167664670658682,7,82.75533849120147,0.99,True,0.08801421282314412,0.8725564242069779
ucr222_cb128base,ucr_split,ucr_222,seed0,centralized,ucr_222_p4,none,9788d435385124ff,--codebook-size 128,2026-08-02 16:35:46,0.883098546107003,0.7907626826393503,0.9998490266777855,0.095167347464468,0.8638957057926658,0.2486651411136537,64,0.0,1,0.011933174224343677,0.006002400960384154,1.0,0.021720273411748377,0.1808326553803639,154878,501,0.0,0.0,0.0,0.0,1.0,1.0,0.02199728751298522,0.1077185734783291,0.01105225988700565,0.624750499001996,7,82.1409234865506,0.99,True,0.08661446043749388,0.872537334032689
ucr222_cb128base,ucr_split,ucr_222,seed0,local,ucr_222_p0,none,9788d435385124ff,--codebook-size 128,2026-08-02 16:35:46,0.8385249717785215,0.7220228651369897,0.9998570554653955,0.019100670708468125,0.7790418336869307,0.06159895150720838,64,0.0,1,0.005982053838484547,0.003,1.0,0.013787040182228705,0.31767584808688126,154878,501,0.0,0.0,0.0,0.0,0.0,0.0,0.013925895286351624,0.020668475896572357,0.006963226092923748,0.688622754491018,7,85.29984067467359,0.99,True,0.019822978938828194,0.7940374052117921
ucr222_cb128base,ucr_split,ucr_222,seed0,local,ucr_222_p1,none,9788d435385124ff,--codebook-size 128,2026-08-02 16:35:46,0.7998548330870463,0.6665034766335515,0.9999135460150178,0.02278698212090915,0.7393176044120388,0.12125984251968505,64,0.0,1,0.008333333333333333,0.0041841004184100415,1.0,0.011037463976945244,0.4423869109880035,154878,501,0.0,0.0,0.0,0.0,0.0,0.0,0.011193635256293702,0.025064801808036913,0.005558861521937909,0.7644710578842315,7,82.48003655215109,0.99,True,0.02571830797803598,0.7529366393664808
ucr222_cb128base,ucr_split,ucr_222,seed0,local,ucr_222_p2,none,9788d435385124ff,--codebook-size 128,2026-08-02 16:35:46,0.8409615592967444,0.7256034912543425,0.9999331747949662,0.07763266065382925,0.838098271103295,0.22876557191392977,64,0.0,1,0.003642987249544626,0.0018248175182481751,1.0,0.014752643644161798,0.3434445176203205,154878,501,0.0,0.0,1.0,1.0,1.0,1.0,0.014995421201307235,0.09080462490691504,0.007445279991043273,0.7964071856287425,7,75.48818822065992,0.99,True,0.0604416373624424,0.8502123972599839
ucr222_cb128base,ucr_split,ucr_222,seed0,local,ucr_222_p3,none,9788d435385124ff,--codebook-size 128,2026-08-02 16:35:46,0.858789266495937,0.7525920058580281,0.9998811739433753,0.034716079930472155,0.8398569536632774,0.13203883495145632,64,0.0,1,0.008608321377331422,0.004322766570605188,1.0,0.016086147301249666,0.28582497191337697,154878,501,0.0,0.0,0.0,0.0,0.0,0.0,0.01627887384116004,0.037880847629982,0.008133360220474558,0.7245508982035929,7,82.61900863021624,0.99,True,0.03762810180921882,0.8494678326114329
ucr222_cb128base,ucr_split,ucr_222,seed0,local,ucr_222_p4,none,9788d435385124ff,--codebook-size 128,2026-08-02 16:35:46,0.8323643692207472,0.7129018966530655,0.9999236879795266,0.04416771837099882,0.841352071615753,0.1389578163771712,64,0.0,1,0.005134788189987163,0.002574002574002574,1.0,0.013721406444160526,0.3631503505985356,154878,501,0.0,0.0,0.0,0.0,0.0,0.0,0.013951873485958922,0.047518066966002026,0.006921392753725546,0.782435129740519,7,74.36908309300738,0.99,True,0.044311699809523084,0.8554980635935772
ucr222_cb128base,ucr_split_w2p,ucr_222,seed0,centralized,ucr_222_p0,none,9788d435385124ff,--codebook-size 128,2026-08-02 16:35:46,0.8825817249357846,0.7899978412227949,0.9997472088048336,0.05725683846559759,0.9210176735850216,0.17684887459807072,64,0.0,1,0.014652014652014654,0.007380073800738007,1.0,0.06261117040199217,0.049509936853523416,154878,501,0.0,0.0,0.0,0.0,0.0,0.0,0.0636192842632881,0.06319562308878604,0.03328290468986384,0.5269461077844312,7,104.2888511800768,0.99,True,0.062037383331051396,0.9291329556198157
ucr222_cb128base,ucr_split_w2p,ucr_222,seed0,centralized,ucr_222_p1,none,9788d435385124ff,--codebook-size 128,2026-08-02 16:35:46,0.8747561004545215,0.7774893698891588,0.9998396554768876,0.04860826131499017,0.8954238374321233,0.1583775953645582,64,0.0,1,0.0071174377224199285,0.0035714285714285713,1.0,0.02782397079699858,0.15374036338279162,154878,501,0.0,0.0,0.0,0.0,0.0,0.0,0.0283415974614809,0.05498975188659711,0.014200546493334437,0.6846307385229541,7,82.43110469331354,0.99,True,0.054517215611250246,0.9056785321748688
ucr222_cb128base,ucr_split_w2p,ucr_222,seed0,centralized,ucr_222_p2,none,9788d435385124ff,--codebook-size 128,2026-08-02 16:35:46,0.884402274054966,0.7928875430187922,0.999798586622506,0.05682030655518577,0.9179981827947818,0.17780172413793105,64,0.0,1,0.028089887640449437,0.014245014245014245,1.0,0.04755434782608696,0.08026963158098632,154878,501,0.0,0.0,0.0,0.0,0.0,0.0,0.04835328862730379,0.06316365873845663,0.02471169686985173,0.6287425149700598,7,95.33956068197891,0.99,True,0.06117076862821973,0.9263050907236654
ucr222_cb128base,ucr_split_w2p,ucr_222,seed0,centralized,ucr_222_p3,none,9788d435385124ff,--codebook-size 128,2026-08-02 16:35:46,0.8848036178944851,0.7935401253844454,0.9997871793210701,0.0559463975512583,0.9153234356968213,0.17602591792656588,64,0.0,1,0.023323615160349854,0.011799410029498525,1.0,0.049285773953721496,0.07215356603261923,154878,501,0.0,0.0,0.0,0.0,0.0,0.0,0.050159571280195936,0.062368027344594935,0.025719267654751524,0.5888223552894212,7,97.36037216385216,0.99,True,0.06059461926917975,0.9238755774883326
ucr222_cb128base,ucr_split_w2p,ucr_222,seed0,centralized,ucr_222_p4,none,9788d435385124ff,--codebook-size 128,2026-08-02 16:35:46,0.8795019701326653,0.7850108383410989,0.9998535484909675,0.05615559860278438,0.915696145512923,0.1737722611980572,64,0.0,1,0.009216589861751152,0.004629629629629629,1.0,0.03394927009069305,0.12763594571210887,154878,501,0.0,0.0,0.0,0.0,0.0,0.0,0.03452987232926788,0.06251513142717445,0.017397355601948505,0.6986027944111777,7,85.5375227183103,0.99,True,0.05989355557230877,0.924265027505342
ucr222_cb128base,ucr_split_w2p,ucr_222,seed0,local,ucr_222_p0,none,9788d435385124ff,--codebook-size 128,2026-08-02 16:35:46,0.8120047929512997,0.6835092977715096,0.9999982400897559,0.09995923145446216,0.8826464634233129,0.2745098039215686,64,0.0,1,0.011385199240986717,0.0057251908396946565,1.0,0.015147442485571982,0.4020261108743656,154878,501,0.0,0.0,0.0,0.0,1.0,1.0,0.015350287950823917,0.12125207051854972,0.007634196098431722,0.9560878243512974,7,67.12628598803968,0.99,True,0.0758414638147422,0.8927993315935228
ucr222_cb128base,ucr_split_w2p,ucr_222,seed0,local,ucr_222_p1,none,9788d435385124ff,--codebook-size 128,2026-08-02 16:35:46,0.7923128135654885,0.6560579779807516,1.0,0.00762819832890479,0.7460625437486189,0.02675856476788972,64,0.0,1,0.005730659025787966,0.0028735632183908046,1.0,0.013214638971315529,0.48310928601867276,154878,501,0.0,0.0,0.0,0.0,0.0,0.0,0.013382846045382712,0.008125666370417263,0.006651266528596463,1.0,7,61.2606325613956,0.99,True,0.008515071925390994,0.7555324624635404
ucr222_cb128base,ucr_split_w2p,ucr_222,seed0,local,ucr_222_p2,none,9788d435385124ff,--codebook-size 128,2026-08-02 16:35:46,0.8641554928559346,0.7608043948099394,1.0,0.04282202477734384,0.9400372024195001,0.12318840579710147,64,0.0,1,0.0037735849056603774,0.001890359168241966,1.0,0.028031892572387748,0.22432495254329213,154878,501,0.0,0.0,0.0,0.0,0.0,0.0,0.028385994649996776,0.0468846813176272,0.01421518556350017,1.0,7,90.22019916733109,0.99,True,0.04577543000327364,0.9430647257732789
ucr222_cb128base,ucr_split_w2p,ucr_222,seed0,local,ucr_222_p3,none,9788d435385124ff,--codebook-size 128,2026-08-02 16:35:46,0.8787299310647866,0.783777004491469,0.9998609735137489,0.033959177628313394,0.9045119770918009,0.09780621572212066,64,0.0,1,0.009302325581395347,0.004672897196261682,1.0,0.024754588134869825,0.1760547011195909,154878,501,0.0,0.0,0.0,0.0,0.0,0.0,0.025231912402259467,0.03636478352952567,0.012601846822379142,0.6946107784431138,7,101.53247876470293,0.99,True,0.03897592658062162,0.9127580744700382
ucr222_cb128base,ucr_split_w2p,ucr_222,seed0,local,ucr_222_p4,none,9788d435385124ff,--codebook-size 128,2026-08-02 16:35:46,0.8484296632795177,0.7368253398219224,0.9998775770465261,0.02081740039631961,0.8794374989222732,0.06816337571003515,64,0.0,1,0.009933774834437087,0.004991680532445923,1.0,0.01927465034495718,0.23496558581593255,154878,501,0.0,0.0,0.0,0.0,0.0,0.0,0.019631069185557314,0.02214035542813623,0.009768707482993197,0.716566866267465,7,83.21298677643136,0.99,True,0.022841866023882395,0.8888934593644694
ucr222_enc,ucr_split,ucr_222,seed0,federated_enc_commoninit,ucr_222_p0,none,9788d435385124ff,,2026-08-01 15:10:45,0.8102153610241325,0.6810995505318446,0.9997347352804029,0.16098578335336575,0.8626853525738203,0.29873417721518986,64,0.0,1,0.005284015852047555,0.0026490066225165563,1.0,0.02457140187789041,0.1332855537907256,154878,501,1.0,1.0,1.0,1.0,1.0,1.0,0.024930897654768646,0.1873721155305208,0.012580120539558022,0.5249500998003992,7,29.32772877762447,0.99,True,0.07193636288898864,0.8695258289306993
ucr222_enc,ucr_split,ucr_222,seed0,federated_enc_commoninit,ucr_222_p1,none,9788d435385124ff,,2026-08-01 15:10:45,0.8089642135553685,0.6793747134562649,0.9996446201682709,0.006836477223298699,0.7604777531547011,0.01917672342535956,64,0.0,1,0.008733624454148471,0.0043859649122807015,1.0,0.011094779763880328,0.2676106354679167,154878,501,0.0,0.0,0.0,0.0,0.0,0.0,0.011265157682913817,0.006934152504684631,0.005614068760346441,0.46706586826347307,7,31.4157859845382,0.99,True,0.0072935208753190615,0.7676011154943395
ucr222_enc,ucr_split,ucr_222,seed0,federated_enc_commoninit,ucr_222_p2,none,9788d435385124ff,,2026-08-01 15:10:45,0.8574169689631318,0.7506103822895825,0.9996618274658762,0.1297245290955272,0.791848114615434,0.2021364009860312,64,0.0,1,0.0242914979757085,0.012295081967213115,1.0,0.07127755964965267,0.03799764976303929,154878,501,1.0,1.0,1.0,1.0,1.0,1.0,0.07249303005430871,0.14384290988840923,0.0385557915373305,0.47105788423153694,7,49.52014470445462,0.99,True,0.06963711221109013,0.8089308569123931
ucr222_enc,ucr_split,ucr_222,seed0,federated_enc_commoninit,ucr_222_p3,none,9788d435385124ff,,2026-08-01 15:10:45,0.827856560783015,0.7065042778182301,0.9995423526832123,0.07364479856605136,0.7049177513720863,0.2453385672227674,64,0.0,1,0.01895734597156398,0.009569377990430622,1.0,0.0965965965965966,0.021320006714962744,154878,501,0.0,0.0,1.0,1.0,1.0,1.0,0.099462640651312,0.08620289698489637,0.055221745350500714,0.3852295409181637,7,55.05163572746255,0.99,True,0.08568021962066252,0.73062299009126
ucr222_enc,ucr_split,ucr_222,seed0,federated_enc_commoninit,ucr_222_p4,none,9788d435385124ff,,2026-08-01 15:10:45,0.8411006176417656,0.7259145605702175,0.9997358593106683,0.10609472730334725,0.8747786519962308,0.2543640897755611,64,0.0,1,0.01011804384485666,0.005084745762711864,1.0,0.041666666666666664,0.08173530133395318,154878,501,0.0,0.0,1.0,1.0,1.0,1.0,0.042267594202153494,0.11695783831933354,0.02164000309142901,0.5588822355289421,7,33.04526874153746,0.99,True,0.0751931161311618,0.8824033335857553
ucr222_enc,ucr_split,ucr_222,seed0,federated_enc_fedavg,ucr_222_p0,none,9788d435385124ff,,2026-08-01 15:10:45,0.8351150874143299,0.7170107686905438,0.9997997363448917,0.09630038329736328,0.7777615651585296,0.2839248434237996,64,0.0,1,0.004419889502762431,0.0022148394241417496,1.0,0.016896695943120033,0.22637818153643513,154878,501,0.0,0.0,1.0,1.0,1.0,1.0,0.01709175738962308,0.11251053010149017,0.008568035290125552,0.6047904191616766,7,46.242737631964495,0.99,True,0.08635961245059998,0.7934474928842438
ucr222_enc,ucr_split,ucr_222,seed0,federated_enc_fedavg,ucr_222_p1,none,9788d435385124ff,,2026-08-01 15:10:45,0.798955671063831,0.6653075564174274,0.9997964927146973,0.11895927137711035,0.7317114888883373,0.20977011494252876,64,0.0,1,0.008097165991902834,0.0040650406504065045,1.0,0.011901472024171411,0.34514262839137905,154878,501,1.0,1.0,1.0,1.0,1.0,1.0,0.012033117254740261,0.12910673912598325,0.006006173528208561,0.6447105788423154,7,48.289433561675274,0.99,True,0.0422827319404955,0.74678564847421
ucr222_enc,ucr_split,ucr_222,seed0,federated_enc_fedavg,ucr_222_p2,none,9788d435385124ff,,2026-08-01 15:10:45,0.8402387089552232,0.7246666434290404,0.9996689955674539,0.08065198670310067,0.7908101719055721,0.20985915492957746,64,0.0,1,0.026246719160104987,0.013297872340425532,1.0,0.05103224309904895,0.05101434677617221,154878,501,0.0,0.0,1.0,1.0,1.0,1.0,0.051927166282845175,0.08997490774194229,0.027090259820219186,0.43912175648702595,7,63.59134481246275,0.99,True,0.06628698601182373,0.8049974006277794
ucr222_enc,ucr_split,ucr_222,seed0,federated_enc_fedavg,ucr_222_p3,none,9788d435385124ff,,2026-08-01 15:10:45,0.8474500217398558,0.7354751372555013,0.9996442155173754,0.07200526963138348,0.8268458627625236,0.21807747489239596,64,0.0,1,0.005625879043600563,0.0028208744710860366,1.0,0.03869310427871879,0.07564018130399411,154878,501,1.0,1.0,1.0,1.0,1.0,1.0,0.039261609732185954,0.08081813611825639,0.020157243225158918,0.4810379241516966,7,58.04654809035369,0.99,True,0.0741329633830107,0.8399885188424627
ucr222_enc,ucr_split,ucr_222,seed0,federated_enc_fedavg,ucr_222_p4,none,9788d435385124ff,,2026-08-01 15:10:45,0.8332430800900782,0.7143104572074427,0.9996916431715437,0.05910684925891356,0.803806351836159,0.24161073825503357,64,0.0,1,0.005494505494505495,0.0027548209366391185,1.0,0.02767094017094017,0.11596224124795,154878,501,0.0,0.0,0.0,0.0,0.0,0.0,0.028084504309658063,0.0704042354206329,0.014215928426368077,0.5169660678642715,7,51.86918701706177,0.99,True,0.07153747398060596,0.8170964338254442
ucr222_enc,ucr_split,ucr_222,seed0,federated_enc_fedproto_lam1_uniform,ucr_222_p0,none,9788d435385124ff,,2026-08-01 15:10:45,0.8138304443540996,0.6862602033584995,0.9996589949096074,0.18511180139206374,0.7952018585796162,0.28732394366197184,64,0.0,1,0.008385744234800839,0.004210526315789474,1.0,0.03835572099045153,0.07502679528403002,154878,501,1.0,1.0,1.0,1.0,1.0,1.0,0.0389455082606993,0.20799365289196603,0.019988192628826854,0.47305389221556887,7,45.908501034595595,0.99,True,0.07730511765236407,0.8101904029821086
ucr222_enc,ucr_split,ucr_222,seed0,federated_enc_fedproto_lam1_uniform,ucr_222_p1,none,9788d435385124ff,,2026-08-01 15:10:45,0.8026132651355207,0.6704390898998662,0.9996997618815747,0.006923700088014633,0.7408297082406424,0.01944934054579712,64,0.0,1,0.009111617312072893,0.004576659038901602,1.0,0.012091221026586682,0.2717041800643087,154878,501,0.0,0.0,0.0,0.0,0.0,0.0,0.012259067067460631,0.007243508426344457,0.006117146905999056,0.5169660678642715,7,40.800584843718106,0.99,True,0.007413641522629766,0.7498903774036394
ucr222_enc,ucr_split,ucr_222,seed0,federated_enc_fedproto_lam1_uniform,ucr_222_p2,none,9788d435385124ff,,2026-08-01 15:10:45,0.8468717855099254,0.7346421321023924,0.9995745834481933,0.07254691684381649,0.8302751668114848,0.16804733727810653,64,0.0,1,0.01015228426395939,0.00510204081632653,1.0,0.046653833087985506,0.0524541897493511,154878,501,0.0,0.0,0.0,0.0,1.0,1.0,0.04754062296769975,0.08032558696689628,0.024729891956782712,0.4111776447105788,7,51.47705170502267,0.99,True,0.05033167364403507,0.8429828948309733
ucr222_enc,ucr_split,ucr_222,seed0,federated_enc_fedproto_lam1_uniform,ucr_222_p3,none,9788d435385124ff,,2026-08-01 15:10:45,0.8421717145252496,0.7275246705388836,0.9997113169127028,0.06710752616086677,0.8401665270551371,0.18526315789473685,64,0.0,1,0.007194244604316546,0.0036101083032490976,1.0,0.026556016597510373,0.13495138108704915,154878,501,0.0,0.0,0.0,0.0,1.0,1.0,0.02706393435345842,0.07510213934857064,0.01359195809146255,0.5748502994011976,7,46.63111970268776,0.99,True,0.06091516790252996,0.8545956257414586
ucr222_enc,ucr_split,ucr_222,seed0,federated_enc_fedproto_lam1_uniform,ucr_222_p4,none,9788d435385124ff,,2026-08-01 15:10:45,0.8508223939487438,0.7405271935571792,0.9997225251002061,0.04616494606672862,0.8375749952850662,0.15932914046121593,64,0.0,1,0.0053475935828877,0.002680965147453083,1.0,0.025273554759368645,0.12843657588553573,154878,501,0.0,0.0,0.0,0.0,0.0,0.0,0.025665107165490253,0.05374936378925681,0.012950925420532923,0.5209580838323353,7,42.68782621048078,0.99,True,0.05153550274903893,0.8484220235988723
ucr222_enc,ucr_split,ucr_222,seed0,federated_enc_fedprox_mu0.01,ucr_222_p0,none,9788d435385124ff,,2026-08-01 15:10:45,0.8460044385734237,0.7333261462667433,0.9995961005989874,0.11138453720312978,0.7558828932354689,0.26681127982646424,64,0.0,1,0.006514657980456026,0.0032679738562091504,1.0,0.02984863488470788,0.08668758635829492,154878,501,0.0,0.0,1.0,1.0,1.0,1.0,0.030369850277280515,0.12183523691065044,0.015472611278140353,0.42115768463073855,7,57.43199295873452,0.99,True,0.07793505823977628,0.7696717262396741
ucr222_enc,ucr_split,ucr_222,seed0,federated_enc_fedprox_mu0.01,ucr_222_p1,none,9788d435385124ff,,2026-08-01 15:10:45,0.8035667030507196,0.6717582040621194,0.999727419449133,0.014400425950674171,0.7027590372529132,0.08100711548987412,64,0.0,1,0.007504690431519699,0.003766478342749529,1.0,0.01151090403664696,0.324687818799313,154878,501,0.0,0.0,0.0,0.0,0.0,0.0,0.01164697016605694,0.015712796675353864,0.005812459223819221,0.5868263473053892,7,51.30939295854424,0.99,True,0.015783086459247805,0.7196397017211861
ucr222_enc,ucr_split,ucr_222,seed0,federated_enc_fedprox_mu0.01,ucr_222_p2,none,9788d435385124ff,,2026-08-01 15:10:45,0.8559746012497462,0.7484410971790175,0.9995927285081913,0.050068945752785934,0.8272107626841385,0.1722689075630252,64,0.0,1,0.010025062656641605,0.005037783375314861,1.0,0.04115544391846199,0.062223169204147784,154878,501,0.0,0.0,0.0,0.0,1.0,1.0,0.04186757698514335,0.05494989027308535,0.021624365482233503,0.4251497005988024,7,57.431858010198994,0.99,True,0.050031350655110156,0.839745129821754
ucr222_enc,ucr_split,ucr_222,seed0,federated_enc_fedprox_mu0.01,ucr_222_p3,none,9788d435385124ff,,2026-08-01 15:10:45,0.8632827394618917,0.7597068729755059,0.9995592709444638,0.04869663000877093,0.7022068931778356,0.1492046077893582,64,0.0,1,0.007352941176470588,0.0036900369003690036,1.0,0.036493020709789256,0.06624569015612289,154878,501,0.0,0.0,1.0,1.0,1.0,1.0,0.03724801007786356,0.054001218143605575,0.019120458891013385,0.3992015968063872,7,59.7251993851506,0.99,True,0.04813611175051749,0.7200367283125984
ucr222_enc,ucr_split,ucr_222,seed0,federated_enc_fedprox_mu0.01,ucr_222_p4,none,9788d435385124ff,,2026-08-01 15:10:45,0.8485214378855841,0.7370968489657121,0.9996327439856385,0.040510718151378175,0.7751968782898053,0.1626740947075209,64,0.0,1,0.007999999999999998,0.004016064257028112,1.0,0.024158666526004853,0.11769263549374347,154878,501,0.0,0.0,1.0,1.0,1.0,1.0,0.02453940941001384,0.04609121689172446,0.012407216774123639,0.45708582834331335,7,51.301041250533096,0.99,True,0.041429124492266024,0.7906332086211576
ucr222_enc,ucr_split_w2p,ucr_222,seed0,federated_enc_commoninit,ucr_222_p0,none,9788d435385124ff,,2026-08-01 15:10:45,0.8415372268764664,0.7265192231975871,0.9998229812907796,0.2190971266555069,0.8659563709394703,0.30884557721139433,64,0.0,1,0.009966777408637873,0.005008347245409015,1.0,0.027713416019263096,0.1369142163509343,154878,501,1.0,1.0,1.0,1.0,1.0,1.0,0.02807796317077795,0.25646662377205487,0.014179451417945141,0.6087824351297405,7,59.03380107372386,0.99,True,0.0790633372782617,0.8745983398052718
ucr222_enc,ucr_split_w2p,ucr_222,seed0,federated_enc_commoninit,ucr_222_p1,none,9788d435385124ff,,2026-08-01 15:10:45,0.7985063801249555,0.6646641496949183,0.9998429697604129,0.004368666046792862,0.6640627627865178,0.012933410814596279,64,0.0,1,0.015625,0.007874015748031496,1.0,0.011563470413642836,0.37093066800965924,154878,501,0.0,0.0,0.0,0.0,0.0,0.0,0.011736732196873592,0.004215747461354587,0.0058318623888139,0.6726546906187625,7,34.5715702688508,0.99,True,0.0046418662937594704,0.6754202159598455
ucr222_enc,ucr_split_w2p,ucr_222,seed0,federated_enc_commoninit,ucr_222_p2,none,9788d435385124ff,,2026-08-01 15:10:45,0.866482882432807,0.7644871810434323,0.9998846423796228,0.06499602023242858,0.9639462664825181,0.20120378331900257,64,0.0,1,0.026666666666666665,0.013513513513513514,1.0,0.06699091493071488,0.06476710701326205,154878,501,0.0,0.0,0.0,0.0,0.0,0.0,0.06828241340158187,0.07104216666228191,0.03510965756060023,0.7285429141716567,7,58.71048020485463,0.99,True,0.07829514356640492,0.9669158186443816
ucr222_enc,ucr_split_w2p,ucr_222,seed0,federated_enc_commoninit,ucr_222_p3,none,9788d435385124ff,,2026-08-01 15:10:45,0.8463108174817431,0.7336522849750878,0.9998455903566887,0.10100053018829075,0.9227025487758196,0.2389937106918239,64,0.0,1,0.03333333333333333,0.01694915254237288,1.0,0.04798641092787883,0.08580301915055721,154878,501,0.0,0.0,1.0,1.0,1.0,1.0,0.048979304408821936,0.11265855567921475,0.0248752568241855,0.6766467065868264,7,53.29716242518589,0.99,True,0.10310052223589508,0.9310752079811622
ucr222_enc,ucr_split_w2p,ucr_222,seed0,federated_enc_commoninit,ucr_222_p4,none,9788d435385124ff,,2026-08-01 15:10:45,0.8407062639007344,0.7252764322281477,0.9998324809522795,0.027600693006491712,0.9355217302066021,0.07886840977282468,64,0.0,1,0.021798365122615803,0.011019283746556474,1.0,0.04437763939589149,0.08497010550239543,154878,501,0.0,0.0,0.0,0.0,0.0,0.0,0.04532561671971223,0.029051100885126482,0.02301410541945063,0.6187624750499002,7,32.75677400952214,0.99,True,0.030377388325682608,0.9390238605128611
ucr222_enc,ucr_split_w2p,ucr_222,seed0,federated_enc_fedavg,ucr_222_p0,none,9788d435385124ff,,2026-08-01 15:10:45,0.8316869241658561,0.7118897143166979,0.9999609222849457,0.11774410491836802,0.8725925001454367,0.24771838331160365,64,0.0,1,0.0081799591002045,0.004106776180698152,1.0,0.017971322357939457,0.2979829284985602,154878,501,1.0,1.0,1.0,1.0,1.0,1.0,0.0182402269157466,0.1382540353382589,0.009082320608064586,0.844311377245509,7,52.82743414592277,0.99,True,0.0634459563706235,0.8812390060530501
ucr222_enc,ucr_split_w2p,ucr_222,seed0,federated_enc_fedavg,ucr_222_p1,none,9788d435385124ff,,2026-08-01 15:10:45,0.7951871544673105,0.6600088614723648,1.0,0.022353041054488987,0.8031234757979232,0.0919811320754717,64,0.0,1,0.006734006734006735,0.0033783783783783786,1.0,0.014656622540773788,0.4349423417141234,154878,501,0.0,0.0,0.0,0.0,1.0,1.0,0.01484304641077457,0.022600167258300687,0.007382411882588707,1.0,7,44.36496086606214,0.99,True,0.018887830470239307,0.8119579991068605
ucr222_enc,ucr_split_w2p,ucr_222,seed0,federated_enc_fedavg,ucr_222_p2,none,9788d435385124ff,,2026-08-01 15:10:45,0.8545166350551351,0.7460187352049304,0.9999444472127704,0.1336695361523436,0.9469224492169345,0.24722222222222226,64,0.0,1,0.011267605633802816,0.0056657223796034,1.0,0.05519107203246534,0.08959309908444066,154878,501,1.0,1.0,1.0,1.0,1.0,1.0,0.056074911256352965,0.1513810648896767,0.028563427611313356,0.8143712574850299,7,63.76380591757597,0.99,True,0.07498273171157764,0.9513457029380481
ucr222_enc,ucr_split_w2p,ucr_222,seed0,federated_enc_fedavg,ucr_222_p3,none,9788d435385124ff,,2026-08-01 15:10:45,0.8423822424443334,0.7277698949167691,0.9998416209240945,0.2090465548639738,0.9223479202830923,0.2764423076923077,64,0.0,1,0.013513513513513513,0.006802721088435374,1.0,0.04748642250382955,0.08729451568331202,154878,501,1.0,1.0,1.0,1.0,1.0,1.0,0.048419756634122624,0.23891985328104948,0.02460139961041772,0.6806387225548902,7,66.3347800814609,0.99,True,0.10574544419703799,0.9312905552789444
ucr222_enc,ucr_split_w2p,ucr_222,seed0,federated_enc_fedavg,ucr_222_p4,none,9788d435385124ff,,2026-08-01 15:10:45,0.8389637729000395,0.7225991345641347,1.0,0.061434852178174834,0.9510630336068522,0.16607142857142856,64,0.0,1,0.003861003861003861,0.0019342359767891683,1.0,0.035646945818065386,0.1750216299280724,154878,501,0.0,0.0,0.0,0.0,0.0,0.0,0.03609547041628682,0.06810579840965655,0.01814691393798899,1.0,7,52.57823752507564,0.99,True,0.06846282205002951,0.955448817451594
ucr222_enc,ucr_split_w2p,ucr_222,seed0,federated_enc_fedproto_lam1_uniform,ucr_222_p0,none,9788d435385124ff,,2026-08-01 15:10:45,0.8302098233889051,0.7097938626460228,0.9998302200456887,0.06825884803293426,0.8283533012746187,0.16292134831460675,64,0.0,1,0.006134969325153375,0.003076923076923077,1.0,0.016559481344546566,0.2426942496674802,154878,501,0.0,0.0,1.0,1.0,1.0,1.0,0.0167469667618111,0.07533817466932183,0.008389173217960217,0.6347305389221557,7,62.33850277024644,0.99,True,0.04271684852959492,0.838594629750451
ucr222_enc,ucr_split_w2p,ucr_222,seed0,federated_enc_fedproto_lam1_uniform,ucr_222_p1,none,9788d435385124ff,,2026-08-01 15:10:45,0.7937791705406975,0.6581388941069293,0.9998436891397827,0.003995307102590624,0.6360266076661357,0.011077638031422666,64,0.0,1,0.016194331983805668,0.00816326530612245,1.0,0.010448371416890019,0.42093131367915393,154878,501,0.0,0.0,0.0,0.0,0.0,0.0,0.010628706940770755,0.0039143640360465816,0.0052641215783209745,0.688622754491018,7,46.55718492833706,0.99,True,0.00430525604117158,0.6517169684351101
ucr222_enc,ucr_split_w2p,ucr_222,seed0,federated_enc_fedproto_lam1_uniform,ucr_222_p2,none,9788d435385124ff,,2026-08-01 15:10:45,0.8541837378729212,0.7455162499393636,0.9999357696991218,0.047536299603764494,0.937349645032563,0.12115563839701769,64,0.0,1,0.008316008316008315,0.0041753653444676405,1.0,0.04297042434633519,0.11468381564844587,154878,501,0.0,0.0,0.0,0.0,0.0,0.0,0.043652948929249515,0.05074579629239741,0.022077850575345483,0.8003992015968064,7,50.84968481925225,0.99,True,0.04761313063952794,0.943094437669587
ucr222_enc,ucr_split_w2p,ucr_222,seed0,federated_enc_fedproto_lam1_uniform,ucr_222_p3,none,9788d435385124ff,,2026-08-01 15:10:45,0.8600065746681187,0.7545487215454081,0.9997319219932244,0.07893566877610836,0.9102432282093184,0.16983240223463686,64,0.0,1,0.02857142857142857,0.014492753623188406,1.0,0.06076056936477586,0.05570190730768734,154878,501,0.0,0.0,1.0,1.0,1.0,1.0,0.06214121809214215,0.08697890060152604,0.03208796140468978,0.5708582834331337,7,72.94721637270105,0.99,True,0.06325748569682188,0.9193383631879228
ucr222_enc,ucr_split_w2p,ucr_222,seed0,federated_enc_fedproto_lam1_uniform,ucr_222_p4,none,9788d435385124ff,,2026-08-01 15:10:45,0.8580217480865024,0.751572267602424,0.9996009499867038,0.021065116403339638,0.8937573013169929,0.06239813736903376,64,0.0,1,0.012048192771084336,0.006060606060606061,1.0,0.049468382764409624,0.05302883559963326,154878,501,0.0,0.0,0.0,0.0,0.0,0.0,0.05026567493331323,0.0220147328170318,0.026203462176903013,0.4411177644710579,7,46.25812588616711,0.99,True,0.022643147737345926,0.8997778467251143
ucr222_enc,ucr_split_w2p,ucr_222,seed0,federated_enc_fedprox_mu0.01,ucr_222_p0,none,9788d435385124ff,,2026-08-01 15:10:45,0.8370565262550373,0.7197791013752487,0.9999902369942664,0.1988164568593139,0.9233721763461804,0.3017543859649123,64,0.0,1,0.02269503546099291,0.011477761836441894,1.0,0.030037971250339027,0.18435155412647375,154878,501,1.0,1.0,1.0,1.0,1.0,1.0,0.03042176587010644,0.23020524943485096,0.015278496292464219,0.8842315369261478,7,59.558290385007865,0.99,True,0.08531733970621813,0.9281358963553236
ucr222_enc,ucr_split_w2p,ucr_222,seed0,federated_enc_fedprox_mu0.01,ucr_222_p1,none,9788d435385124ff,,2026-08-01 15:10:45,0.7958315880972223,0.6608972467893272,1.0,0.009398782417451134,0.7636444591672555,0.04285212504390587,64,0.0,1,0.0071428571428571435,0.0035842293906810036,1.0,0.014950984049299452,0.42625163031547414,154878,501,0.0,0.0,0.0,0.0,0.0,0.0,0.015141123296067552,0.009735235532021321,0.007531795904867855,1.0,7,52.20791675741475,0.99,True,0.010330611834771308,0.7728835601781102
ucr222_enc,ucr_split_w2p,ucr_222,seed0,federated_enc_fedprox_mu0.01,ucr_222_p2,none,9788d435385124ff,,2026-08-01 15:10:45,0.8509273016464366,0.7405339130114906,1.0,0.09223687543172412,0.9740796690171871,0.21480709071949947,64,0.0,1,0.00437636761487965,0.0021929824561403508,1.0,0.051413617938324184,0.11936491948501401,154878,501,0.0,0.0,0.0,0.0,0.0,0.0,0.052055235796954674,0.10022937141672125,0.026385085317042343,1.0,7,61.82149406826746,0.99,True,0.08676164890000179,0.9749226479493739
ucr222_enc,ucr_split_w2p,ucr_222,seed0,federated_enc_fedprox_mu0.01,ucr_222_p3,none,9788d435385124ff,,2026-08-01 15:10:45,0.867814849962833,0.7665526704403831,0.9999027489014404,0.06346999424252406,0.9324724561388722,0.18971631205673758,64,0.0,1,0.02525252525252525,0.01278772378516624,1.0,0.043740680252787045,0.08570616872635235,154878,501,0.0,0.0,0.0,0.0,0.0,0.0,0.04436714568059764,0.07124205908762557,0.02267707259608305,0.6147704590818364,7,69.4437347736955,0.99,True,0.06401182176672496,0.9368410235374693
ucr222_enc,ucr_split_w2p,ucr_222,seed0,federated_enc_fedprox_mu0.01,ucr_222_p4,none,9788d435385124ff,,2026-08-01 15:10:45,0.8576220490078296,0.7508554776193956,0.9997846679163058,0.028952860896094647,0.9261951181251696,0.09008514144465807,64,0.0,1,0.014705882352941178,0.007407407407407408,1.0,0.04802216407572726,0.0786490011492917,154878,501,0.0,0.0,0.0,0.0,0.0,0.0,0.04895801607134348,0.031236902037407033,0.02497398543184183,0.6227544910179641,7,66.68493936595581,0.99,True,0.032708097759720216,0.9316143711227374
ucr222_proto_count,ucr_split,ucr_222,seed0,federated_enc_fedproto_lam1_count,ucr_222_p0,none,9788d435385124ff,--fedproto-agg count,2026-08-02 19:23:20,0.8451810173075132,0.7319483404709705,0.9998596760616714,0.051483401232996835,0.8495515071433857,0.16568047337278105,64,0.0,1,0.006479481641468683,0.0032502708559046588,1.0,0.017986585255812555,0.20950038094500187,154878,501,0.0,0.0,1.0,1.0,1.0,1.0,0.018209384661996904,0.05871433669544451,0.009130886215110242,0.5968063872255489,7,40.59962175523701,0.99,True,0.0462167974286955,0.8565291213321872
ucr222_proto_count,ucr_split,ucr_222,seed0,federated_enc_fedproto_lam1_count,ucr_222_p1,none,9788d435385124ff,--fedproto-agg count,2026-08-02 19:23:20,0.8136612678365764,0.6859634613693215,0.999778321962579,0.017501484457026536,0.7503867379846642,0.08980355472404115,64,0.0,1,0.011267605633802816,0.0056657223796034,1.0,0.011575881042590865,0.33392734926845646,154878,501,0.0,0.0,0.0,0.0,0.0,0.0,0.011709114091929776,0.018628381731635314,0.005843681519357195,0.6067864271457086,7,44.29082986782487,0.99,True,0.016744354064611416,0.7603244709940509
ucr222_proto_count,ucr_split,ucr_222,seed0,federated_enc_fedproto_lam1_count,ucr_222_p2,none,9788d435385124ff,--fedproto-agg count,2026-08-02 19:23:20,0.880041930274914,0.7859701330743545,0.9996940839229771,0.03287604452970694,0.7923179970461072,0.1344922232387923,64,0.0,1,0.006688963210702341,0.003355704697986577,1.0,0.029857905150188862,0.10284869381061222,154878,501,0.0,0.0,0.0,0.0,0.0,0.0,0.03035193590876247,0.037984977068735395,0.015391272097910743,0.49700598802395207,7,48.77839331983784,0.99,True,0.037860721471354414,0.8043315224475387
ucr222_proto_count,ucr_split,ucr_222,seed0,federated_enc_fedproto_lam1_count,ucr_222_p3,none,9788d435385124ff,--fedproto-agg count,2026-08-02 19:23:20,0.8379634421927056,0.7212128187630357,0.9998143487383415,0.12925402702990962,0.8861274081442353,0.26321974148061106,64,0.0,1,0.007731958762886597,0.0038809831824062097,1.0,0.020387928363388486,0.20302431591317036,154878,501,0.0,0.0,1.0,1.0,1.0,1.0,0.020744484699755955,0.14622132993097195,0.0103547036792245,0.656686626746507,7,39.184697432074636,0.99,True,0.09387600336465055,0.8955624540948196
ucr222_proto_count,ucr_split,ucr_222,seed0,federated_enc_fedproto_lam1_count,ucr_222_p4,none,9788d435385124ff,--fedproto-agg count,2026-08-02 19:23:20,0.8439572462860806,0.7301966710905056,0.999705850914098,0.035994286483279014,0.8638745701046157,0.11575562700964628,64,0.0,1,0.005555555555555556,0.002785515320334262,1.0,0.030541662232627435,0.11625924921551156,154878,501,0.0,0.0,0.0,0.0,0.0,0.0,0.03118494196682948,0.03935603132605103,0.01568906138960258,0.5728542914171657,7,43.43073724424483,0.99,True,0.04077415995419702,0.875691584252789
ucr222_proto_count,ucr_split_w2p,ucr_222,seed0,federated_enc_fedproto_lam1_count,ucr_222_p0,none,9788d435385124ff,--fedproto-agg count,2026-08-02 19:23:20,0.8277062693091782,0.706057220617661,0.9999996852715257,0.1155105210607908,0.931101188163324,0.2650602409638554,64,0.0,1,0.007017543859649122,0.0035211267605633804,1.0,0.024658081261854845,0.2522824416637612,154878,501,1.0,1.0,1.0,1.0,1.0,1.0,0.024975608411785692,0.1294279941159313,0.01248515176788738,0.9860279441117764,7,47.014336336782854,0.99,True,0.09398604660518055,0.9370483840015411
ucr222_proto_count,ucr_split_w2p,ucr_222,seed0,federated_enc_fedproto_lam1_count,ucr_222_p1,none,9788d435385124ff,--fedproto-agg count,2026-08-02 19:23:20,0.7910635010031611,0.6543466109754948,1.0,0.005204293816014751,0.7233897756727664,0.015576662987547996,64,0.0,1,0.00881057268722467,0.004424778761061947,1.0,0.014132381771766265,0.45131652009969137,154878,501,0.0,0.0,0.0,0.0,0.0,0.0,0.014312185969844656,0.005058064937940666,0.007116477272727273,1.0,7,33.766855883865325,0.99,True,0.005637603795528538,0.733389321414566
ucr222_proto_count,ucr_split_w2p,ucr_222,seed0,federated_enc_fedproto_lam1_count,ucr_222_p2,none,9788d435385124ff,--fedproto-agg count,2026-08-02 19:23:20,0.8443130635496217,0.7305987733128628,0.9999507289361963,0.03598045543849385,0.9382507728251449,0.1006408734868265,64,0.0,1,0.024271844660194174,0.012285012285012284,1.0,0.03938449359259809,0.1246916928162812,154878,501,0.0,0.0,0.0,0.0,0.0,0.0,0.0400508793254351,0.037387015224375146,0.02019279553526129,0.7944111776447106,7,62.402796288582834,0.99,True,0.039375086413147346,0.9438775010091085
ucr222_proto_count,ucr_split_w2p,ucr_222,seed0,federated_enc_fedproto_lam1_count,ucr_222_p3,none,9788d435385124ff,--fedproto-agg count,2026-08-02 19:23:20,0.864417722814385,0.7612471553442566,0.9999376131087571,0.11617991031925623,0.9418239413166075,0.28407789232531494,64,0.0,1,0.020833333333333332,0.010526315789473684,1.0,0.0507185122569738,0.09354459639199886,154878,501,0.0,0.0,0.0,0.0,1.0,1.0,0.05164099877402283,0.13807003798682804,0.026213200699018686,0.7784431137724551,7,52.353037351022635,0.99,True,0.1078957824962924,0.950011264210416
ucr222_proto_count,ucr_split_w2p,ucr_222,seed0,federated_enc_fedproto_lam1_count,ucr_222_p4,none,9788d435385124ff,--fedproto-agg count,2026-08-02 19:23:20,0.8327169590521957,0.7133804997081518,1.0,0.045911184891644,0.963301331581855,0.1066350710900474,64,0.0,1,0.0037878787878787876,0.0018975332068311196,1.0,0.0394038302725235,0.15771768747013779,154878,501,0.0,0.0,0.0,0.0,0.0,0.0,0.03989865945942821,0.04678324911773353,0.02009788189987163,1.0,7,43.99605210836742,0.99,True,0.048862123700673436,0.9652056517935822
ucr222_v1,ucr_split,ucr_222,seed0,centralized,ucr_222_p0,none,9788d435385124ff,,2026-07-31 21:48:13,0.8862504645863815,0.795914963291743,0.9997173160228047,0.0603358090585868,0.8683461342143513,0.2,64,0.0,1,0.006920415224913494,0.003472222222222222,1.0,0.029413474394001046,0.1062061751830473,154878,501,0.0,0.0,0.0,0.0,0.0,0.0,0.029836468883033183,0.06878072910035174,0.015147886480660998,0.5049900199600799,7,80.1241844438514,0.99,True,0.06734371588126617,0.8755560769718965
ucr222_v1,ucr_split,ucr_222,seed0,centralized,ucr_222_p1,none,9788d435385124ff,,2026-07-31 21:48:13,0.8670083094853704,0.7653382163705135,0.999828935439671,0.05409275322114526,0.8554380669052268,0.18259023354564755,64,0.0,1,0.007936507936507936,0.00398406374501992,1.0,0.017777254532611256,0.214187941476517,154878,501,0.0,0.0,0.0,0.0,0.0,0.0,0.017991853269664952,0.06214744818018117,0.009021657953696789,0.6027944111776448,7,65.00613042034217,0.99,True,0.05896455286547871,0.8621884165646408
ucr222_v1,ucr_split,ucr_222,seed0,centralized,ucr_222_p2,none,9788d435385124ff,,2026-07-31 21:48:13,0.8850049770212729,0.7939049873823533,0.9997223516783935,0.06012539894832741,0.8669959890392382,0.1989342806394316,64,0.0,1,0.006677796327212019,0.0033500837520938024,1.0,0.027595833780736604,0.11536822531282687,154878,501,0.0,0.0,0.0,0.0,0.0,0.0,0.027981671473431707,0.06875109010894902,0.014179310344827585,0.5129740518962076,7,78.19618816216791,0.99,True,0.06727307778491166,0.8740501754507326
ucr222_v1,ucr_split,ucr_222,seed0,centralized,ucr_222_p3,none,9788d435385124ff,,2026-07-31 21:48:13,0.8846075149531378,0.7932584620602726,0.999733566288927,0.05860366134181707,0.8656638736370412,0.1944954128440367,64,0.0,1,0.00972447325769854,0.004885993485342019,1.0,0.026368235474474935,0.12145043195289196,154878,501,0.0,0.0,0.0,0.0,0.0,0.0,0.02673577958184733,0.06688255043959385,0.013530522341095029,0.5149700598802395,7,76.85487133363897,0.99,True,0.06443156555130856,0.8726127363074323
ucr222_v1,ucr_split,ucr_222,seed0,centralized,ucr_222_p4,none,9788d435385124ff,,2026-07-31 21:48:13,0.8845130326110117,0.7930996542691612,0.9997444790170463,0.05777951239834855,0.8655668556738457,0.1933152664859982,64,0.0,1,0.012658227848101266,0.006369426751592357,1.0,0.026146419951729685,0.12349720425108796,154878,501,0.0,0.0,0.0,0.0,0.0,0.0,0.02650600174564914,0.06618273404350052,0.013411048640841802,0.5189620758483033,7,76.78327595541873,0.99,True,0.06414707669216382,0.8725895408998315
ucr222_v1,ucr_split,ucr_222,seed0,federated,ucr_222_p0,none,9788d435385124ff,,2026-07-31 21:48:13,0.9923289656202491,0.9866761274046043,0.9980469492411954,0.08198138505571968,0.45200366193838126,0.15562913907284764,64,66.0,1,0.2222222222222222,0.125,1.0,0.1474036850921273,0.0003357481372435078,154878,501,0.0,0.0,1.0,1.0,1.0,1.0,0.15799051884877635,0.08595620423767471,0.4583333333333333,0.08782435129740519,7,105.76597110271463,0.99,True,0.024748562634362488,0.47120906774197413
ucr222_v1,ucr_split,ucr_222,seed0,federated,ucr_222_p1,none,9788d435385124ff,,2026-07-31 21:48:13,0.8543088065331855,0.7469452390529094,0.9977176083734423,0.0046361440626155465,0.673150541592985,0.01251910191606912,64,414.0,1,0.009852216748768473,0.0049504950495049506,1.0,0.004166666666666667,0.009136223349991606,154878,501,0.0,0.0,0.0,0.0,0.0,0.0,0.004177314406235822,0.004618294971410692,0.0028188865398167725,0.007984031936127744,7,58.0440053007007,0.99,True,0.004921331414031138,0.6824742524929455
ucr222_v1,ucr_split,ucr_222,seed0,federated,ucr_222_p2,none,9788d435385124ff,,2026-07-31 21:48:13,0.8711792358794883,0.7720621412671219,0.9994939551515005,0.11559950172498734,0.88310870349849,0.2115384615384615,64,0.0,1,0.020618556701030924,0.010416666666666666,1.0,0.07467811158798283,0.02572992936375728,154878,501,0.0,0.0,1.0,1.0,1.0,1.0,0.07664758238978167,0.12604704847713893,0.04183698004327963,0.3473053892215569,7,50.036965840694826,0.99,True,0.06127497457945287,0.8891234747994272
ucr222_v1,ucr_split,ucr_222,seed0,federated,ucr_222_p3,none,9788d435385124ff,,2026-07-31 21:48:13,0.8647474145327265,0.762020141663052,0.9994874486220219,0.08137259530254325,0.8419178507871459,0.18708827404479578,64,0.0,1,0.032467532467532464,0.0165016501650165,1.0,0.07888212756366915,0.0242836296956314,154878,501,1.0,1.0,1.0,1.0,1.0,1.0,0.08086714495086558,0.08552323686298563,0.04446138211382114,0.34930139720558884,7,43.40393715536691,0.99,True,0.05412152338258669,0.8556256669333201
ucr222_v1,ucr_split,ucr_222,seed0,federated,ucr_222_p4,none,9788d435385124ff,,2026-07-31 21:48:13,0.849977395620949,0.7390976089977599,0.9999975142873561,0.14361212229784642,0.9500438681515571,0.2943396226415094,64,0.0,1,0.025280898876404494,0.012802275960170697,1.0,0.0463529647837865,0.12248995983935743,154878,501,1.0,1.0,1.0,1.0,1.0,1.0,0.04699367876187716,0.1648990512437003,0.023773992692842073,0.9221556886227545,7,26.510240365026338,0.99,True,0.09794669864252799,0.954457404920805
ucr222_v1,ucr_split,ucr_222,seed0,federated_cb_only,ucr_222_p0,none,9788d435385124ff,,2026-07-31 21:48:13,0.8253521225452654,0.7026538489102563,0.9999677050047184,0.09124381134854637,0.8562118521773071,0.23359288097886538,64,0.0,1,0.013114754098360654,0.006600660066006601,1.0,0.016568714623408733,0.2920233990624879,154878,501,0.0,0.0,1.0,1.0,1.0,1.0,0.016798243376425846,0.10165501253797145,0.008375356281517211,0.7624750499001997,7,26.98424530924279,0.99,True,0.06640547698305346,0.8638667170351771
ucr222_v1,ucr_split,ucr_222,seed0,federated_cb_only,ucr_222_p1,none,9788d435385124ff,,2026-07-31 21:48:13,0.805474910686428,0.6744293639393859,0.9997278433691187,0.012261919351409755,0.7888984618090618,0.06026365348399246,64,0.0,1,0.009389671361502346,0.0047169811320754715,1.0,0.011762152777777778,0.2925399346582471,154878,501,0.0,0.0,0.0,0.0,0.0,0.0,0.011918342234113258,0.012616025752348275,0.005945720616950789,0.5409181636726547,7,26.10824855487796,0.99,True,0.012988695294718005,0.7950971001164041
ucr222_v1,ucr_split,ucr_222,seed0,federated_cb_only,ucr_222_p2,none,9788d435385124ff,,2026-07-31 21:48:13,0.8531518018558932,0.7441123735823082,0.9996344782037622,0.1543990510533648,0.850866778433216,0.23509655751469355,64,0.0,1,0.017964071856287425,0.00906344410876133,1.0,0.060699588477366256,0.045448675731866374,154878,501,1.0,1.0,1.0,1.0,1.0,1.0,0.06178857162716254,0.17412267531853864,0.032439862542955326,0.47105788423153694,7,40.60124133930208,0.99,True,0.08115774972279985,0.8629606190459298
ucr222_v1,ucr_split,ucr_222,seed0,federated_cb_only,ucr_222_p3,none,9788d435385124ff,,2026-07-31 21:48:13,0.8668673788589573,0.7651740635405059,0.9997342599761766,0.06225863585745962,0.8896605863673936,0.20937042459736457,64,0.0,1,0.008486562942008486,0.004261363636363636,1.0,0.0372017792155277,0.0907875876496339,154878,501,0.0,0.0,0.0,0.0,1.0,1.0,0.03770502686273535,0.07010981400639334,0.01925088930738648,0.5508982035928144,7,38.58878741370638,0.99,True,0.06734542592583889,0.8980991841363306
ucr222_v1,ucr_split,ucr_222,seed0,federated_cb_only,ucr_222_p4,none,9788d435385124ff,,2026-07-31 21:48:13,0.8504990451870224,0.7400516076410251,0.9996966595580423,0.04411133464190002,0.8376422428583864,0.15120711562897077,64,0.0,1,0.005398110661268557,0.0027063599458728013,1.0,0.030133448127421438,0.10017562210255815,154878,501,0.0,0.0,1.0,1.0,1.0,1.0,0.030637693579591566,0.04862585797802718,0.015545685279187817,0.48902195608782434,7,29.015679120176756,0.99,True,0.04696717814120772,0.8462685018512253
ucr222_v1,ucr_split,ucr_222,seed0,federated_cb_only_ema,ucr_222_p0,none,9788d435385124ff,,2026-07-31 21:48:13,0.82282458015399,0.6990807873880034,0.9997981370103998,0.11597864052678315,0.928899107220804,0.29404309252218,64,0.0,1,0.0070546737213403885,0.0035398230088495575,1.0,0.054412864622288705,0.06394710675499425,154878,501,0.0,0.0,1.0,1.0,1.0,1.0,0.05526680233169693,0.140355350631573,0.028543403629230014,0.5808383233532934,7,23.717642380597784,0.99,True,0.09824420090026359,0.9333529581865777
ucr222_v1,ucr_split,ucr_222,seed0,federated_cb_only_ema,ucr_222_p1,none,9788d435385124ff,,2026-07-31 21:48:13,0.8077057818257569,0.6776608264225534,0.9995155301095657,0.006763186312404085,0.712616477294768,0.027472527472527472,64,0.0,1,0.005797101449275362,0.0029069767441860465,1.0,0.00992489270386266,0.23627629489017163,154878,501,0.0,0.0,0.0,0.0,0.0,0.0,0.01011387855084201,0.0069685319174582665,0.005030044318768863,0.36926147704590817,7,16.60664121499875,0.99,True,0.007536736139079025,0.7237695218190607
ucr222_v1,ucr_split,ucr_222,seed0,federated_cb_only_ema,ucr_222_p2,none,9788d435385124ff,,2026-07-31 21:48:13,0.8542651886347999,0.7458177133216919,0.9996169754467729,0.11549221208669051,0.9280328790887342,0.1910828025477707,64,0.0,1,0.014184397163120567,0.007142857142857143,1.0,0.06457453228726615,0.038178437221555034,154878,501,1.0,1.0,1.0,1.0,1.0,1.0,0.06605018035282217,0.12622045961964,0.03492737065448017,0.42714570858283435,7,27.98903091169134,0.99,True,0.06431965841284075,0.9322051125521034
ucr222_v1,ucr_split,ucr_222,seed0,federated_cb_only_ema,ucr_222_p3,none,9788d435385124ff,,2026-07-31 21:48:13,0.8542905125230217,0.7456874551821996,0.9999204507723624,0.1787898561022904,0.948915312622988,0.2679900744416874,64,0.0,1,0.046153846153846156,0.023622047244094488,1.0,0.06473672213357648,0.05158253593150738,154878,501,1.0,1.0,1.0,1.0,1.0,1.0,0.06585313819106767,0.1968709898838657,0.03432853861960595,0.5668662674650699,7,25.58022958633938,0.99,True,0.08793061089782463,0.952686004516966
ucr222_v1,ucr_split,ucr_222,seed0,federated_cb_only_ema,ucr_222_p4,none,9788d435385124ff,,2026-07-31 21:48:13,0.8226271547243937,0.6988734681346965,0.999639224822997,0.04048292704365074,0.8825665086619334,0.13892078071182548,64,0.0,1,0.006600660066006602,0.0033112582781456954,1.0,0.03207776427703524,0.10133782719301644,154878,501,0.0,0.0,0.0,0.0,0.0,0.0,0.03281613572145125,0.04364821279088422,0.01654238987405226,0.5269461077844312,7,22.496029984711942,0.99,True,0.04528136801276989,0.8919385838269305
ucr222_v1,ucr_split,ucr_222,seed0,federated_fedavg_cb_only,ucr_222_p0,none,9788d435385124ff,,2026-07-31 21:48:13,0.8488134593653839,0.737447755566754,0.999797995703738,0.023472237639820762,0.7329492154007305,0.0968944099378882,64,0.0,1,0.006263048016701462,0.0031413612565445027,1.0,0.01359597225122387,0.27316339312232857,154878,501,0.0,0.0,0.0,0.0,0.0,0.0,0.013763940646312412,0.02701897354902339,0.006877934272300469,0.5848303393213573,7,53.26616393928732,0.99,True,0.0259192335831184,0.7531143148703913
ucr222_v1,ucr_split,ucr_222,seed0,federated_fedavg_cb_only,ucr_222_p1,none,9788d435385124ff,,2026-07-31 21:48:13,0.8099316418455647,0.6806260324431989,0.9998914186763652,0.03532583095130554,0.7508802820758618,0.15733982157339824,64,0.0,1,0.01606425702811245,0.008097165991902834,1.0,0.011817787697297645,0.39650563669468875,154878,501,0.0,0.0,0.0,0.0,0.0,0.0,0.011992250239371005,0.037821766632700995,0.005956813104988831,0.7345309381237525,7,56.2187313491603,0.99,True,0.036133076869877864,0.763902911641335
ucr222_v1,ucr_split,ucr_222,seed0,federated_fedavg_cb_only,ucr_222_p2,none,9788d435385124ff,,2026-07-31 21:48:13,0.8945764567870099,0.8094097653663136,0.9997733441142609,0.024360859786839637,0.840536646460691,0.08269525267993874,64,0.0,1,0.007352941176470588,0.0036900369003690036,1.0,0.025108686008339987,0.14048476865662005,154878,501,0.0,0.0,0.0,0.0,0.0,0.0,0.025421824098181226,0.025835106090936474,0.012839707817249671,0.564870259481038,7,57.318163047234236,0.99,True,0.02615652093947807,0.8502438542479975
ucr222_v1,ucr_split,ucr_222,seed0,federated_fedavg_cb_only,ucr_222_p3,none,9788d435385124ff,,2026-07-31 21:48:13,0.865410253028656,0.7629057593159367,0.9997353133531109,0.04870560023127351,0.7187678517627383,0.13807982740021574,64,0.0,1,0.004842615012106537,0.0024271844660194173,1.0,0.021005885877418674,0.178036906468317,154878,501,0.0,0.0,1.0,1.0,1.0,1.0,0.021337462437558182,0.05249610218390062,0.010691733639494834,0.5948103792415169,7,72.21625082512702,0.99,True,0.04442159105634528,0.7479857685320719
ucr222_v1,ucr_split,ucr_222,seed0,federated_fedavg_cb_only,ucr_222_p4,none,9788d435385124ff,,2026-07-31 21:48:13,0.8658587383325158,0.7635976447866185,0.9997446717079488,0.02996654598734331,0.7940957661634079,0.10113421550094519,64,0.0,1,0.004825090470446321,0.0024183796856106408,1.0,0.01882925134618725,0.18087139555004583,154878,501,0.0,0.0,0.0,0.0,0.0,0.0,0.019069551020884805,0.03350296096502669,0.009581388771036628,0.5409181636726547,7,60.96679609060285,0.99,True,0.03216155330733515,0.8064578043752877
ucr222_v1,ucr_split,ucr_222,seed0,federated_fedavg_cb_sharedprior,ucr_222_p0,none,9788d435385124ff,,2026-07-31 21:48:13,,,,0.01959959844594948,0.6238189435511909,0.0900562851782364,64,501.0,1,0.0,0.0,0.0,0.0,0.0,154878,501,0.0,0.0,0.0,0.0,0.0,0.0,0.0,0.02077720232903886,0.0,0.0,7,160.5701478354137,0.99,True,0.020075372324066948,0.6475780361342366
ucr222_v1,ucr_split,ucr_222,seed0,federated_fedavg_cb_sharedprior,ucr_222_p1,none,9788d435385124ff,,2026-07-31 21:48:13,0.9300489708679814,0.8704994846677578,0.9983441043051785,0.07968375098160513,0.4952846151084238,0.1416267942583732,64,0.0,1,0.04225352112676056,0.02158273381294964,1.0,0.10673316708229426,0.009020002840945777,154878,501,1.0,1.0,1.0,1.0,1.0,1.0,0.1083616969394054,0.08280733603848271,0.0711436170212766,0.21357285429141717,7,159.2887762427331,0.99,True,0.0334516310645855,0.5199247665874734
ucr222_v1,ucr_split,ucr_222,seed0,federated_fedavg_cb_sharedprior,ucr_222_p2,none,9788d435385124ff,,2026-07-31 21:48:13,0.8446895795656297,0.8436688907215812,0.8457127411040102,0.010213565940296609,0.6816547820950514,0.03862894450489663,64,501.0,1,0.0,0.0,0.0,0.0,0.00018078745851573497,154878,501,0.0,0.0,0.0,0.0,0.0,0.0,0.0,0.010391095716288367,0.0,0.0,7,150.18835290749868,0.99,True,0.010636433390781018,0.7018468844455854
ucr222_v1,ucr_split,ucr_222,seed0,federated_fedavg_cb_sharedprior,ucr_222_p3,none,9788d435385124ff,,2026-07-31 21:48:13,0.9492243511093353,0.9052997736464501,0.9976286686758162,0.02323334762010079,0.5386362568449021,0.0760777683854607,64,12.0,1,0.1904761904761905,0.10526315789473684,1.0,0.05337519623233909,0.0007683466986918736,154878,501,0.0,0.0,0.0,0.0,1.0,1.0,0.05420898355578089,0.02498691068665634,0.125,0.033932135728542916,7,155.28858099341394,0.99,True,0.02191088321503167,0.5645824510960278
ucr222_v1,ucr_split,ucr_222,seed0,federated_fedavg_cb_sharedprior,ucr_222_p4,none,9788d435385124ff,,2026-07-31 21:48:13,0.8909169101487747,0.803553750567953,0.999593730500885,0.06774410234494166,0.8650013213671316,0.21042084168336672,64,0.0,1,0.01366742596810934,0.006880733944954129,1.0,0.048586477480382674,0.05537261586539082,154878,501,0.0,0.0,1.0,1.0,1.0,1.0,0.04948846790636138,0.07704761843642838,0.025675982731197457,0.45109780439121755,7,101.2190756654739,0.99,True,0.07068412571809224,0.8753354441127954
ucr222_v1,ucr_split,ucr_222,seed0,federated_shared,ucr_222_p0,none,9788d435385124ff,,2026-07-31 21:48:13,,,,0.044074135159569316,0.6093375304685764,0.1365979381443299,64,501.0,1,0.0,0.0,0.0,0.0,0.0,154878,501,0.0,0.0,1.0,1.0,1.0,1.0,0.0,0.04523838189033662,0.0,0.0,7,164.46592907236956,0.99,True,0.020983260276868244,0.6359926785287655
ucr222_v1,ucr_split,ucr_222,seed0,federated_shared,ucr_222_p1,none,9788d435385124ff,,2026-07-31 21:48:13,0.9722143950416269,0.9476523595468239,0.998083547666636,0.10619014231928692,0.5670400053983641,0.16735253772290812,64,59.0,1,0.18181818181818182,0.1,1.0,0.15572519083969466,0.0006650395795400251,154878,501,1.0,1.0,1.0,1.0,1.0,1.0,0.15618454106672347,0.11440572435046942,0.33116883116883117,0.10179640718562874,7,91.77910944213471,0.99,True,0.028572013646967147,0.5810491226663018
ucr222_v1,ucr_split,ucr_222,seed0,federated_shared,ucr_222_p2,none,9788d435385124ff,,2026-07-31 21:48:13,0.9109249858287759,0.8374881432933449,0.9984786025552176,0.15450476677936612,0.7291539546457518,0.22424242424242424,64,0.0,1,0.0196078431372549,0.009900990099009901,1.0,0.09912314144109798,0.012861736334405145,154878,501,1.0,1.0,1.0,1.0,1.0,1.0,0.1038720717338969,0.171049244286744,0.061262959472196045,0.25948103792415167,7,97.56817266821862,0.99,True,0.05128822245045249,0.7482686283649178
ucr222_v1,ucr_split,ucr_222,seed0,federated_shared,ucr_222_p3,none,9788d435385124ff,,2026-07-31 21:48:13,0.868785491334134,0.7683621341425007,0.999405779794455,0.07993855718652312,0.776650949189574,0.22868605817452356,64,0.0,1,0.027586206896551724,0.013986013986013986,1.0,0.08156131663268279,0.018027092291997573,154878,501,0.0,0.0,1.0,1.0,1.0,1.0,0.08466980909791093,0.09283619224340492,0.047748976807639835,0.27944111776447106,7,85.07684197554988,0.99,True,0.06004295751931052,0.7865790179959109
ucr222_v1,ucr_split,ucr_222,seed0,federated_shared,ucr_222_p4,none,9788d435385124ff,,2026-07-31 21:48:13,0.8388654773938934,0.7224684621687867,0.999970967904003,0.18145378121146158,0.9315610311421734,0.3228346456692913,64,0.0,1,0.030349013657056147,0.015408320493066256,1.0,0.0337424723026709,0.1348480739678973,154878,501,1.0,1.0,1.0,1.0,1.0,1.0,0.03436789981740405,0.20702348454379865,0.017268962921136836,0.7325349301397206,7,31.96333608488511,0.99,True,0.09543887745052713,0.9368036513998063
ucr222_v1,ucr_split,ucr_222,seed0,local,ucr_222_p0,none,9788d435385124ff,,2026-07-31 21:48:13,0.8603140816035474,0.7550335817202541,0.9997121069454035,0.01956024166525385,0.7644092488843,0.06219151036525173,64,0.0,1,0.005201560468140442,0.002607561929595828,1.0,0.0191131498470948,0.16405816190808248,154878,501,0.0,0.0,0.0,0.0,0.0,0.0,0.019369878752753516,0.021426869043698067,0.0097431700378035,0.499001996007984,7,83.35290388931837,0.99,True,0.019697019447588837,0.7749624224236205
ucr222_v1,ucr_split,ucr_222,seed0,local,ucr_222_p1,none,9788d435385124ff,,2026-07-31 21:48:13,0.7957752016316878,0.6608396453843721,0.9999538184136686,0.027435028932676297,0.7532356998576615,0.1232394366197183,64,0.0,1,0.011851851851851851,0.005961251862891207,1.0,0.011029411764705883,0.4543576234197239,154878,501,0.0,0.0,0.0,0.0,0.0,0.0,0.011212660417866702,0.030085495458278183,0.005553749841018612,0.7844311377245509,7,61.559643576939926,0.99,True,0.02784111145322487,0.7673220798982521
ucr222_v1,ucr_split,ucr_222,seed0,local,ucr_222_p2,none,9788d435385124ff,,2026-07-31 21:48:13,0.8704341777464435,0.7707297661764897,0.9997677817702049,0.027550362508929137,0.8205023597351326,0.10125673249551168,64,0.0,1,0.00684931506849315,0.003436426116838488,1.0,0.017409729977378805,0.22028951820142306,154878,501,0.0,0.0,0.0,0.0,0.0,0.0,0.017613461429845993,0.030574088334982763,0.008831561210853524,0.6067864271457086,7,64.6382339902719,0.99,True,0.03111956740521967,0.8329155817766898
ucr222_v1,ucr_split,ucr_222,seed0,local,ucr_222_p3,none,9788d435385124ff,,2026-07-31 21:48:13,0.8647883038099519,0.761904076616975,0.9997964927146974,0.028975196711887547,0.8309073300860154,0.0922525750111957,64,0.0,1,0.0048134777376654635,0.0024125452352231603,1.0,0.01848407679761939,0.22033471506605198,154878,501,0.0,0.0,0.0,0.0,1.0,1.0,0.01875884672302639,0.030622580122664524,0.009376451463074779,0.6447105788423154,7,71.75128153517848,0.99,True,0.030478288053127287,0.8442089158056247
ucr222_v1,ucr_split,ucr_222,seed0,local,ucr_222_p4,none,9788d435385124ff,,2026-07-31 21:48:13,0.8499988716702597,0.7392411997090533,0.999794199692956,0.06993326017539933,0.8190337000555635,0.17572463768115942,64,0.0,1,0.004405286343612334,0.002207505518763797,1.0,0.016274544489651512,0.25018401580598926,154878,501,0.0,0.0,1.0,1.0,1.0,1.0,0.016552902107958935,0.0731604450827872,0.008241617609418992,0.6427145708582834,7,65.67764336228369,0.99,True,0.0567116302138031,0.8345798887518716
ucr222_v1,ucr_split_w2p,ucr_222,seed0,centralized,ucr_222_p0,none,9788d435385124ff,,2026-07-31 21:48:13,0.8817149987901084,0.7886618478298392,0.9996640112961058,0.0670010132635141,0.9029083196486197,0.2093862815884477,64,0.0,1,0.03773584905660378,0.019230769230769232,1.0,0.09936249725214333,0.024677488087397823,154878,501,0.0,0.0,0.0,0.0,0.0,0.0,0.10179886468128446,0.07596725587594971,0.055830039525691696,0.45109780439121755,7,94.50735834479353,0.99,True,0.0809513069372873,0.909954543286176
ucr222_v1,ucr_split_w2p,ucr_222,seed0,centralized,ucr_222_p1,none,9788d435385124ff,,2026-07-31 21:48:13,0.8656246583843672,0.7631701054049082,0.999853657682479,0.06327052414734044,0.882787105962148,0.20677035681610245,64,0.0,1,0.005738880918220947,0.0028776978417266188,1.0,0.023299996415385167,0.17478918890998077,154878,501,0.0,0.0,0.0,0.0,0.0,0.0,0.02356744178341857,0.07233829036770581,0.011863045700102205,0.6487025948103793,7,65.39610404911149,0.99,True,0.07733049647810615,0.8914263048203332
ucr222_v1,ucr_split_w2p,ucr_222,seed0,centralized,ucr_222_p2,none,9788d435385124ff,,2026-07-31 21:48:13,0.8857875084670206,0.7951590870833994,0.9997321917604881,0.06422668021743246,0.8977838818675876,0.20311070448307414,64,0.0,1,0.02790697674418605,0.014150943396226415,1.0,0.07127132636213539,0.0420201707150144,154878,501,0.0,0.0,0.0,0.0,0.0,0.0,0.07252174621934285,0.07267849856253569,0.03827397665139648,0.5169660678642715,7,86.28160453875864,0.99,True,0.07662779218313971,0.9052935757785606
ucr222_v1,ucr_split_w2p,ucr_222,seed0,centralized,ucr_222_p3,none,9788d435385124ff,,2026-07-31 21:48:13,0.8859844903269937,0.7954797219455972,0.9997272845655011,0.06408254546459054,0.8963864391466553,0.2029250457038391,64,0.0,1,0.026905829596412554,0.013636363636363636,1.0,0.07317073170731707,0.04012190240059918,154878,501,0.0,0.0,0.0,0.0,0.0,0.0,0.07450285852043824,0.07236897180514663,0.03941876642448601,0.5089820359281437,7,87.16079571366316,0.99,True,0.07667730886112832,0.9039459719904862
ucr222_v1,ucr_split_w2p,ucr_222,seed0,centralized,ucr_222_p4,none,9788d435385124ff,,2026-07-31 21:48:13,0.8826632285175637,0.7900881370104575,0.9998117602572162,0.06347955027025981,0.8953857158679451,0.20297951582867782,64,0.0,1,0.00997506234413965,0.005012531328320802,1.0,0.04411549171918511,0.08292978989914643,154878,501,0.0,0.0,0.0,0.0,0.0,0.0,0.044748331449112846,0.07168670443617747,0.02289844047166223,0.6007984031936128,7,74.67918609886426,0.99,True,0.07639198945527108,0.9030432695748647
ucr222_v1,ucr_split_w2p,ucr_222,seed0,federated,ucr_222_p0,none,9788d435385124ff,,2026-07-31 21:48:13,0.950416278317326,0.9126251068071504,0.9914724641039008,0.014120594110943633,0.8419736541586437,0.05785123966942148,64,501.0,1,0.0,0.0,0.0,0.0,0.0010976381409883908,154878,501,0.0,0.0,0.0,0.0,0.0,0.0,0.0,0.01577760726449055,0.0,0.0,7,82.79950374707587,0.99,True,0.016002330894316335,0.8497343150312051
ucr222_v1,ucr_split_w2p,ucr_222,seed0,federated,ucr_222_p1,none,9788d435385124ff,,2026-07-31 21:48:13,0.8902090376650382,0.8073978971779499,0.9919487189388528,0.007346066029442505,0.788315194144569,0.01794539891739233,64,501.0,1,0.0,0.0,0.0,0.0,0.0016335438215886052,154878,501,0.0,0.0,0.0,0.0,0.0,0.0,0.0,0.0074128619915511985,0.0,0.0,7,70.31387171775104,0.99,True,0.00788212170198881,0.7991531415871389
ucr222_v1,ucr_split_w2p,ucr_222,seed0,federated,ucr_222_p2,none,9788d435385124ff,,2026-07-31 21:48:13,0.8952872774350012,0.8104613706161358,0.9999452757836519,0.12065974699761844,0.9672664768733431,0.2103861517976032,64,0.0,1,0.07627118644067797,0.039647577092511016,1.0,0.09808500700607192,0.03620268856777593,154878,501,1.0,1.0,1.0,1.0,1.0,1.0,0.10047274754386393,0.1296171926232845,0.05319148936170213,0.6287425149700598,7,53.695194837559654,0.99,True,0.082704306567229,0.9707203710500774
ucr222_v1,ucr_split_w2p,ucr_222,seed0,federated,ucr_222_p3,none,9788d435385124ff,,2026-07-31 21:48:13,0.9255550094391086,0.8618323115338167,0.9994532074486234,0.12577607389165357,0.9471365769345877,0.22965116279069767,64,0.0,1,0.043243243243243246,0.022099447513812154,1.0,0.0699195171026157,0.021539534343160423,154878,501,0.0,0.0,1.0,1.0,1.0,1.0,0.0729525136330306,0.13994273583833167,0.04,0.2774451097804391,7,79.23740989923482,0.99,True,0.07088583380916326,0.9526885497241173
ucr222_v1,ucr_split_w2p,ucr_222,seed0,federated,ucr_222_p4,none,9788d435385124ff,,2026-07-31 21:48:13,0.8417190519196245,0.7266967943439019,1.0,0.12162879531595744,0.9843170230517413,0.22878228782287824,64,0.0,1,0.007782101167315175,0.00390625,1.0,0.09127345600291492,0.06441198879117757,154878,501,0.0,0.0,1.0,1.0,1.0,1.0,0.09238877880399239,0.12933538507617345,0.04781903216569629,1.0,7,50.206600491205826,0.99,True,0.1263587839642032,0.9849269840974977
ucr222_v1,ucr_split_w2p,ucr_222,seed0,federated_cb_only,ucr_222_p0,none,9788d435385124ff,,2026-07-31 21:48:13,0.8253784599735811,0.7027766994884552,0.9997962871777346,0.15061053690294796,0.8796172424840011,0.28280254777070063,64,0.0,1,0.011695906432748537,0.0058823529411764705,1.0,0.026786853182533273,0.1465863453815261,154878,501,0.0,0.0,1.0,1.0,1.0,1.0,0.027331827626539792,0.17185636924045217,0.013684942219132853,0.6287425149700598,7,33.773875923171325,0.99,True,0.07230182504680167,0.8900728472837905
ucr222_v1,ucr_split_w2p,ucr_222,seed0,federated_cb_only,ucr_222_p1,none,9788d435385124ff,,2026-07-31 21:48:13,0.8019652923343336,0.6694269538605625,0.9999414540807493,0.004576939412598703,0.6759589976930912,0.015724019631200268,64,0.0,1,0.034482758620689655,0.017543859649122806,1.0,0.01172873719404266,0.35577680496907244,154878,501,0.0,0.0,0.0,0.0,0.0,0.0,0.01191186659964564,0.004481357147530856,0.005917373263575681,0.654690618762475,7,30.857807053808628,0.99,True,0.004857200197962457,0.6827895495859054
ucr222_v1,ucr_split_w2p,ucr_222,seed0,federated_cb_only,ucr_222_p2,none,9788d435385124ff,,2026-07-31 21:48:13,0.8391726339110448,0.7230821359493925,0.9996690276826045,0.04052887174481113,0.9444500118939797,0.14091790562378798,64,0.0,1,0.020304568527918784,0.010256410256410256,1.0,0.05468516116156072,0.059698601479874484,154878,501,0.0,0.0,0.0,0.0,0.0,0.0,0.055742409462476716,0.04477034175798704,0.028781512605042015,0.5469061876247505,7,38.86988595000127,0.99,True,0.04623892066129503,0.9475713741966201
ucr222_v1,ucr_split_w2p,ucr_222,seed0,federated_cb_only,ucr_222_p3,none,9788d435385124ff,,2026-07-31 21:48:13,0.8435489578239159,0.7294498437252962,0.9999608773237352,0.08864249769700551,0.9407732527558423,0.22135416666666666,64,0.0,1,0.020202020202020204,0.01020408163265306,1.0,0.04857797880909598,0.09843877116181769,154878,501,0.0,0.0,1.0,1.0,1.0,1.0,0.04926349061256393,0.10215486671992652,0.025067144136078783,0.782435129740519,7,38.79103757860921,0.99,True,0.08211521735367522,0.9452269558482966
ucr222_v1,ucr_split_w2p,ucr_222,seed0,federated_cb_only,ucr_222_p4,none,9788d435385124ff,,2026-07-31 21:48:13,0.8467503091472361,0.7343656277830494,0.9997481851054069,0.14348190495498772,0.9378124006123267,0.25559105431309903,64,0.0,1,0.016949152542372885,0.008547008547008548,1.0,0.053001053001053004,0.06839576957347074,154878,501,0.0,0.0,1.0,1.0,1.0,1.0,0.0543030775509066,0.15495545916683398,0.027719137218907754,0.6027944111776448,7,31.322157736847004,0.99,True,0.11246721269414806,0.9446274342572933
ucr222_v1,ucr_split_w2p,ucr_222,seed0,federated_cb_only_ema,ucr_222_p0,none,9788d435385124ff,,2026-07-31 21:48:13,0.8288971884810156,0.7077919891643761,1.0,0.06783871076949993,0.9606255019242627,0.2078968573730862,64,0.0,1,0.003992015968063872,0.002,1.0,0.04321946169772257,0.14322240731414404,154878,501,0.0,0.0,0.0,0.0,0.0,0.0,0.043761131061262504,0.07746567372614258,0.02208702552572411,1.0,7,27.007553338407906,0.99,True,0.07957409492372972,0.9630948672154385
ucr222_v1,ucr_split_w2p,ucr_222,seed0,federated_cb_only_ema,ucr_222_p1,none,9788d435385124ff,,2026-07-31 21:48:13,0.8044097483635221,0.6728342033372756,0.999955167249987,0.004512216153190683,0.6714902430833526,0.015428098502475054,64,0.0,1,0.039999999999999994,0.02040816326530612,1.0,0.011933132708264477,0.36572657188238483,154878,501,0.0,0.0,0.0,0.0,0.0,0.0,0.012164478390956069,0.004324578629244325,0.006019022215982873,0.6846307385229541,7,20.46587327912273,0.99,True,0.004844186831153425,0.682116225586399
ucr222_v1,ucr_split_w2p,ucr_222,seed0,federated_cb_only_ema,ucr_222_p2,none,9788d435385124ff,,2026-07-31 21:48:13,0.8930657366586621,0.8070773259736016,0.9995620392704316,0.04920409770893114,0.9282930800288135,0.1563275434243176,64,0.0,1,0.047619047619047616,0.024390243902439025,1.0,0.08451743864181584,0.030275442606438618,154878,501,0.0,0.0,0.0,0.0,0.0,0.0,0.08710277660192238,0.05551786162934785,0.04656364375762505,0.45708582834331335,7,36.38762963354477,0.99,True,0.05642217176998592,0.9377289327610713
ucr222_v1,ucr_split_w2p,ucr_222,seed0,federated_cb_only_ema,ucr_222_p3,none,9788d435385124ff,,2026-07-31 21:48:13,0.8432550949095458,0.729147824582377,0.9997025623226931,0.20227531365214058,0.9205582816726856,0.286140089418778,64,0.0,1,0.023715415019762848,0.012,1.0,0.05156418554476807,0.05507560789782926,154878,501,1.0,1.0,1.0,1.0,1.0,1.0,0.052678099788327694,0.23769413779775922,0.027255103204470294,0.47704590818363274,7,30.541178096493393,0.99,True,0.08735094117306244,0.9265208934223006
ucr222_v1,ucr_split_w2p,ucr_222,seed0,federated_cb_only_ema,ucr_222_p4,none,9788d435385124ff,,2026-07-31 21:48:13,0.8324536685078469,0.7130320399504875,0.9999254157746201,0.05684672118879,0.9313729750689869,0.17003188097768332,64,0.0,1,0.02580645161290323,0.013071895424836602,1.0,0.03640268456375839,0.11483231963222666,154878,501,0.0,0.0,0.0,0.0,1.0,1.0,0.03715254749827538,0.06371308621639615,0.018704480247186052,0.6766467065868264,7,24.95256117369583,0.99,True,0.05819962729977077,0.9371560095581422
ucr222_v1,ucr_split_w2p,ucr_222,seed0,federated_fedavg_cb_only,ucr_222_p0,none,9788d435385124ff,,2026-07-31 21:48:13,0.8231940862904892,0.6995155927587314,1.0,0.1733277126512758,0.8934256127783688,0.2648008611410118,64,0.0,1,0.0032310177705977385,0.0016181229773462784,1.0,0.017379238574278033,0.36579113883185477,154878,501,1.0,1.0,1.0,1.0,1.0,1.0,0.017589364139441885,0.19371349828476253,0.00876579067081919,1.0,7,45.7404145696698,0.99,True,0.0863208766841404,0.8998353464346684
ucr222_v1,ucr_split_w2p,ucr_222,seed0,federated_fedavg_cb_only,ucr_222_p1,none,9788d435385124ff,,2026-07-31 21:48:13,0.796654900999824,0.6620336108583822,1.0,0.023781276136267696,0.8019628945469126,0.10678733031674208,64,0.0,1,0.009708737864077669,0.004878048780487805,1.0,0.015398801290917474,0.4136675318637896,154878,501,0.0,0.0,0.0,0.0,1.0,1.0,0.015594590634845789,0.025992287873713257,0.0077591413836361105,1.0,7,44.48652768919866,0.99,True,0.023205596685556756,0.8088461928382183
ucr222_v1,ucr_split_w2p,ucr_222,seed0,federated_fedavg_cb_only,ucr_222_p2,none,9788d435385124ff,,2026-07-31 21:48:13,0.8879929489921485,0.798564922542124,0.9999762026735246,0.023537115274606855,0.9202585673060444,0.06592619132927266,64,0.0,1,0.02380952380952381,0.012048192771084338,1.0,0.03420819817163079,0.1474063456397939,154878,501,0.0,0.0,0.0,0.0,0.0,0.0,0.0346597613282872,0.02431111397353479,0.017472886899638492,0.810379241516966,7,66.32175578514739,0.99,True,0.02507859642374701,0.9249673437399542
ucr222_v1,ucr_split_w2p,ucr_222,seed0,federated_fedavg_cb_only,ucr_222_p3,none,9788d435385124ff,,2026-07-31 21:48:13,0.8834346590517297,0.7913181798557795,0.9998229491756292,0.03363739535797128,0.8839594664929623,0.11015020482476105,64,0.0,1,0.014018691588785047,0.007058823529411765,1.0,0.03427273665737587,0.1197135810121515,154878,501,0.0,0.0,0.0,0.0,0.0,0.0,0.03478536988327999,0.035802010167485805,0.01759126794892174,0.6626746506986028,7,71.99452727071325,0.99,True,0.036595700022575714,0.8935362510260039
ucr222_v1,ucr_split_w2p,ucr_222,seed0,federated_fedavg_cb_only,ucr_222_p4,none,9788d435385124ff,,2026-07-31 21:48:13,0.8571500920450952,0.7500149553755698,0.9999931080887158,0.049581780395215956,0.9528160971668409,0.13821138211382117,64,0.0,1,0.011650485436893204,0.005859375,1.0,0.04685360782921758,0.12111468381564845,154878,501,0.0,0.0,0.0,0.0,0.0,0.0,0.047277358983021545,0.05175310637814989,0.024037460978147764,0.9221556886227545,7,62.09508520315083,0.99,True,0.05317157445198891,0.9550412113505095
ucr222_v1,ucr_split_w2p,ucr_222,seed0,federated_fedavg_cb_sharedprior,ucr_222_p0,none,9788d435385124ff,,2026-07-31 21:48:13,,,,0.004286978678171589,0.637284541958323,0.01034344611574462,64,501.0,1,0.0,0.0,0.0,0.0,0.0,154878,501,0.0,0.0,0.0,0.0,0.0,0.0,0.0,0.0043940993407068415,0.0,0.0,7,169.40240870893012,0.99,True,0.0049142798287288795,0.6649084299274821
ucr222_v1,ucr_split_w2p,ucr_222,seed0,federated_fedavg_cb_sharedprior,ucr_222_p1,none,9788d435385124ff,,2026-07-31 21:48:13,0.8482107321218446,0.7497672051656179,0.9764125139175821,0.0016370621521139743,0.04952452563332381,0.0064433155424088485,64,501.0,1,0.0,0.0,0.0,0.0,0.0004519686462893374,154878,501,0.0,0.0,0.0,0.0,0.0,0.0,0.0,0.0015412354920747331,0.0,0.0,7,150.31900665918988,0.99,True,0.0019704453797757698,0.0721958068359812
ucr222_v1,ucr_split_w2p,ucr_222,seed0,federated_fedavg_cb_sharedprior,ucr_222_p2,none,9788d435385124ff,,2026-07-31 21:48:13,0.9329220405915386,0.8756912282587935,0.9981565775187344,0.02713416199014535,0.8557614171571629,0.11019929660023446,64,43.0,1,0.1111111111111111,0.058823529411764705,1.0,0.014457831325301205,0.002085512467877943,154878,501,0.0,0.0,0.0,0.0,0.0,0.0,0.014509876360214023,0.03156380689016359,0.0182370820668693,0.011976047904191617,7,146.99792609850567,0.99,True,0.03158549010339803,0.8669088859903656
ucr222_v1,ucr_split_w2p,ucr_222,seed0,federated_fedavg_cb_sharedprior,ucr_222_p3,none,9788d435385124ff,,2026-07-31 21:48:13,0.779261976827852,0.6484648702651137,0.9761550788716622,0.006718701047476735,0.7260381804863523,0.021442246330567964,64,501.0,1,0.0,0.0,0.0,0.0,0.00041968517155438473,154878,501,0.0,0.0,0.0,0.0,0.0,0.0,0.0,0.00699562766419686,0.0,0.0,7,155.89015171492795,0.99,True,0.007822985233644464,0.7480436338958111
ucr222_v1,ucr_split_w2p,ucr_222,seed0,federated_fedavg_cb_sharedprior,ucr_222_p4,none,9788d435385124ff,,2026-07-31 21:48:13,0.8949747575033653,0.8102007113970914,0.9995623539989059,0.016569113040804995,0.8445396040136053,0.05400337521095069,64,0.0,1,0.015625,0.007874015748031496,1.0,0.04917641441871568,0.04952930693836439,154878,501,0.0,0.0,0.0,0.0,0.0,0.0,0.05011067745435699,0.01798856132489932,0.026152088358512123,0.4111776447105788,7,93.23002184391015,0.99,True,0.019006303583590532,0.8539805048104621
ucr222_v1,ucr_split_w2p,ucr_222,seed0,federated_shared,ucr_222_p0,none,9788d435385124ff,,2026-07-31 21:48:13,0.9176822956943507,0.8654141281523361,0.9766699489635021,0.009099688124601789,0.5989103676452412,0.0559254327563249,64,501.0,1,0.0,0.0,0.0,0.0,7.102364441689588e-05,154878,501,0.0,0.0,0.0,0.0,0.0,0.0,0.0,0.009985612481299148,0.0,0.0,7,130.4001789396839,0.99,True,0.010042895676405436,0.6154865623928701
ucr222_v1,ucr_split_w2p,ucr_222,seed0,federated_shared,ucr_222_p1,none,9788d435385124ff,,2026-07-31 21:48:13,,,,0.0016417463251175313,0.05708211928781289,0.006444766039556199,64,501.0,1,0.0,0.0,0.0,0.0,0.0,154878,501,0.0,0.0,0.0,0.0,0.0,0.0,0.0,0.0015884760519301812,0.0,0.0,7,161.9878935917219,0.99,True,0.0019317657220334213,0.06866759283267125
ucr222_v1,ucr_split_w2p,ucr_222,seed0,federated_shared,ucr_222_p2,none,9788d435385124ff,,2026-07-31 21:48:13,0.9233580760799612,0.858806098519101,0.9984028108001812,0.03182424189403737,0.9056626864299784,0.12770448548812666,64,12.0,1,0.1348314606741573,0.07228915662650602,1.0,0.10217983651226158,0.005759371892715557,154878,501,0.0,0.0,0.0,0.0,0.0,0.0,0.10309304033439823,0.03496986774164349,0.07755946225439504,0.1497005988023952,7,68.85544136613608,0.99,True,0.03718217869064085,0.9108493134341187
ucr222_v1,ucr_split_w2p,ucr_222,seed0,federated_shared,ucr_222_p3,none,9788d435385124ff,,2026-07-31 21:48:13,0.9363856390591413,0.8822147686496358,0.9976442573698394,0.012117278023925723,0.6884988787388613,0.05978428351309707,64,0.0,1,0.07999999999999999,0.041666666666666664,1.0,0.02654867256637168,0.005404253670631077,154878,501,0.0,0.0,0.0,0.0,0.0,0.0,0.029001839398961973,0.013870398543809552,0.021052631578947368,0.03592814371257485,7,108.02658149600039,0.99,True,0.01543204933064772,0.7065538823883095
ucr222_v1,ucr_split_w2p,ucr_222,seed0,federated_shared,ucr_222_p4,none,9788d435385124ff,,2026-07-31 21:48:13,0.8597900453957732,0.7540629179072648,1.0,0.10560273930788924,0.986443853212234,0.20626822157434405,64,0.0,1,0.006896551724137931,0.0034602076124567475,1.0,0.10470219435736677,0.0553209623058149,154878,501,0.0,0.0,0.0,0.0,0.0,0.0,0.10584087191778888,0.10698481037185986,0.05524313595765796,1.0,7,87.19146960020062,0.99,True,0.11016740817585412,0.9867203136760251
ucr222_v1,ucr_split_w2p,ucr_222,seed0,local,ucr_222_p0,none,9788d435385124ff,,2026-07-31 21:48:13,0.8283916419309895,0.7070783977590023,0.9999533623785323,0.05024697590608889,0.8559148442097456,0.19531249999999997,64,0.0,1,0.011494252873563216,0.005780346820809248,1.0,0.01685266251515712,0.30828135693901004,154878,501,0.0,0.0,0.0,0.0,1.0,1.0,0.017029420705520992,0.05931534235798067,0.008513996179084642,0.8183632734530938,7,65.56927960824225,0.99,True,0.0524150889388953,0.8647178405631808
ucr222_v1,ucr_split_w2p,ucr_222,seed0,local,ucr_222_p1,none,9788d435385124ff,,2026-07-31 21:48:13,0.7947689651907183,0.6594383066854203,0.9999875072064792,0.0057152566613698505,0.7290682004577733,0.01435152374202693,64,0.0,1,0.022988505747126436,0.011627906976744186,1.0,0.013043540717969345,0.44330376167047614,154878,501,0.0,0.0,0.0,0.0,0.0,0.0,0.013228831604466378,0.005788879973474679,0.0065690473434425285,0.906187624750499,7,63.76496937453748,0.99,True,0.006247794422044045,0.7389521077616019
ucr222_v1,ucr_split_w2p,ucr_222,seed0,local,ucr_222_p2,none,9788d435385124ff,,2026-07-31 21:48:13,0.8524119058741173,0.742785595491385,1.0,0.037568303953854985,0.9326932080904631,0.1223404255319149,64,0.0,1,0.0036832412523020255,0.0018450184501845018,1.0,0.025114040804050327,0.25113960665814383,154878,501,0.0,0.0,0.0,0.0,0.0,0.0,0.025431762565313452,0.04168919900149516,0.012716704317587634,1.0,7,62.77968341776642,0.99,True,0.04249667530370958,0.9380050373215714
ucr222_v1,ucr_split_w2p,ucr_222,seed0,local,ucr_222_p3,none,9788d435385124ff,,2026-07-31 21:48:13,0.8791048906861416,0.784564371556978,0.9995514990780576,0.02137269599074275,0.8373613701843848,0.08367228355607205,64,0.0,1,0.014925373134328356,0.007518796992481203,1.0,0.05767823159127507,0.03959891010989295,154878,501,0.0,0.0,0.0,0.0,0.0,0.0,0.05880396383210652,0.0238976146358416,0.031121642969984202,0.3932135728542914,7,95.49376558214435,0.99,True,0.024326388611100362,0.8503400564506927
ucr222_v1,ucr_split_w2p,ucr_222,seed0,local,ucr_222_p4,none,9788d435385124ff,,2026-07-31 21:48:13,0.8465112011360469,0.7339037874527078,0.9999378764529905,0.029768062864640482,0.897433764039993,0.10127388535031846,64,0.0,1,0.017595307917888565,0.008875739644970414,1.0,0.02423525014017818,0.20152636268546856,154878,501,0.0,0.0,0.0,0.0,0.0,0.0,0.024589238918890838,0.03306203441141123,0.012309737033638177,0.7764471057884231,7,68.21699207982667,0.99,True,0.035582001390684674,0.9062722676878145
ucr229_abl_fidelity_znorm,ucr_split_w2p,ucr_229,seed0,centralized,ucr_229_p0,zscore,,,,0.64757755443002,0.4788278666560415,1.0,0.01086373975839842,0.9876345209709823,0.02768166089965398,64,0.0,1,0.03333333333333333,0.01694915254237288,1.0,0.0107421875,0.04752967672312673,42626,11,0.0,0.0,0.0,0.0,0.0,0.0,0.019731347200228226,0.009086496153811232,0.005400098183603338,1.0,7,77.99512038230901,0.99,True,0.011588060815358027,0.9875238249530368
ucr229_abl_fidelity_znorm,ucr_split_w2p,ucr_229,seed0,centralized,ucr_229_p1,zscore,,,,0.6700031008946854,0.5037737271012146,0.9999573567132262,0.01086373975839842,0.9876345209709823,0.02768166089965398,64,2.0,1,0.05555555555555556,0.02857142857142857,1.0,0.01968503937007874,0.011542251208182799,42626,11,0.0,0.0,0.0,0.0,0.0,0.0,0.01978701971506692,0.009086496153811232,0.01006036217303823,0.45454545454545453,7,92.05844168265662,0.99,True,0.011588060815358027,0.9875238249530368
ucr229_abl_fidelity_znorm,ucr_split_w2p,ucr_229,seed0,centralized,ucr_229_p2,zscore,,,,0.6661788380782049,0.499460435872987,0.9999637532062422,0.01086373975839842,0.9876345209709823,0.02768166089965398,64,1.0,1,0.05128205128205127,0.02631578947368421,1.0,0.021164021164021163,0.012902923098578333,42626,11,0.0,0.0,0.0,0.0,0.0,0.0,0.021269053527118043,0.009086496153811232,0.01079136690647482,0.5454545454545454,7,90.74258155028024,0.99,True,0.011588060815358027,0.9875238249530368
ucr229_abl_fidelity_znorm,ucr_split_w2p,ucr_229,seed0,centralized,ucr_229_p3,zscore,,,,0.6717709314544112,0.5351107824936023,0.902174167976171,0.01086373975839842,0.9876345209709823,0.02768166089965398,64,11.0,1,0.0,0.0,0.0,0.0,0.005090789658893633,42626,11,0.0,0.0,0.0,0.0,0.0,0.0,0.0,0.009086496153811232,0.0,0.0,7,97.76844222346939,0.99,True,0.011588060815358027,0.9875238249530368
ucr229_abl_fidelity_znorm,ucr_split_w2p,ucr_229,seed0,centralized,ucr_229_p4,zscore,,,,0.6553137019933822,0.48733574735224766,1.0,0.01086373975839842,0.9876345209709823,0.02768166089965398,64,0.0,1,0.03333333333333333,0.01694915254237288,1.0,0.014120667522464698,0.0360343452353024,42626,11,0.0,0.0,0.0,0.0,0.0,0.0,0.019076848712236333,0.009086496153811232,0.007110536522301228,1.0,7,81.54962802410127,0.99,True,0.011588060815358027,0.9875238249530368
ucr229_abl_znorm,ucr_split_w2p,ucr_229,seed0,centralized,ucr_229_p0,zscore,,,,0.630198324473658,0.4600653771514086,1.0,0.007428844368692546,0.9817738213552974,0.020260492040520984,64,0.0,1,0.028169014084507043,0.014285714285714285,1.0,0.008409785932721712,0.06085487730493126,42626,11,0.0,0.0,0.0,0.0,0.0,0.0,0.013334441906497923,0.006995961527403564,0.004222648752399232,1.0,7,77.03390128811203,0.99,True,0.010759186197747484,0.985560891001176
ucr229_abl_znorm,ucr_split_w2p,ucr_229,seed0,centralized,ucr_229_p1,zscore,,,,0.6324833485381439,0.4625050436219757,1.0,0.007428844368692546,0.9817738213552974,0.020260492040520984,64,0.0,1,0.034482758620689655,0.017543859649122806,1.0,0.013087447947650209,0.0389199080373481,42626,11,0.0,0.0,0.0,0.0,0.0,0.0,0.01667180685401478,0.006995961527403564,0.006586826347305389,1.0,7,82.54312132361038,0.99,True,0.010759186197747484,0.985560891001176
ucr229_abl_znorm,ucr_split_w2p,ucr_229,seed0,centralized,ucr_229_p2,zscore,,,,0.6293988984141958,0.45921376955408305,1.0,0.007428844368692546,0.9817738213552974,0.020260492040520984,64,0.0,1,0.029411764705882353,0.014925373134328358,1.0,0.010972568578553617,0.0465209027354197,42626,11,0.0,0.0,0.0,0.0,0.0,0.0,0.016577458523101517,0.006995961527403564,0.005516549648946841,1.0,7,80.61712861801176,0.99,True,0.010759186197747484,0.985560891001176
ucr229_abl_znorm,ucr_split_w2p,ucr_229,seed0,centralized,ucr_229_p3,zscore,,,,0.6574828400599206,0.48974347499616866,0.9999808105209518,0.007428844368692546,0.9817738213552974,0.020260492040520984,64,3.0,1,0.047619047619047616,0.024390243902439025,1.0,0.01616161616161616,0.022779524234035564,42626,11,0.0,0.0,0.0,0.0,0.0,0.0,0.02140482188536009,0.006995961527403564,0.008171603677221655,0.7272727272727273,7,88.63284677522874,0.99,True,0.010759186197747484,0.985560891001176
ucr229_abl_znorm,ucr_split_w2p,ucr_229,seed0,centralized,ucr_229_p4,zscore,,,,0.6428966677315697,0.47372713075352396,1.0,0.007428844368692546,0.9817738213552974,0.020260492040520984,64,0.0,1,0.02531645569620253,0.01282051282051282,1.0,0.006294706723891273,0.08147609440247736,42626,11,0.0,0.0,0.0,0.0,0.0,0.0,0.014102124494244665,0.006995961527403564,0.0031572904707233064,1.0,7,72.19857897798221,0.99,True,0.010759186197747484,0.985560891001176
ucr229_cb128,ucr_split,ucr_229,seed0,federated_cb_only,ucr_229_p0,none,3771019734a4d79f,--codebook-size 128,2026-08-03 04:21:10,0.6515570905523764,0.4831921959671844,1.0,0.002079894033023779,0.9365752016481618,0.005521048999309869,64,0.0,1,0.012987012987012988,0.006535947712418301,1.0,0.004481564473416175,0.11464833669591329,42626,11,0.0,0.0,0.0,0.0,0.0,0.0,0.007812694964970964,0.0021973288797971537,0.002245814618211515,1.0,7,66.92978224754334,0.99,True,0.002854088659273468,0.9427274792151762
ucr229_cb128,ucr_split,ucr_229,seed0,federated_cb_only,ucr_229_p1,none,3771019734a4d79f,--codebook-size 128,2026-08-03 04:21:10,0.6103138244834988,0.4547964304572416,0.9274573727044586,0.0012277505807744677,0.8921102357502675,0.003747072599531616,64,11.0,1,0.0,0.0,0.0,0.0,0.041664711678318395,42626,11,0.0,0.0,0.0,0.0,0.0,0.0,0.0,0.0012614263483883782,0.0,0.0,7,62.531695018029644,0.99,True,0.0016872062488429492,0.9062457679311203
ucr229_cb128,ucr_split,ucr_229,seed0,federated_cb_only,ucr_229_p2,none,3771019734a4d79f,--codebook-size 128,2026-08-03 04:21:10,0.6441219542039295,0.4750589156606257,1.0,0.003411644300320327,0.9605810367552028,0.010094637223974764,64,0.0,1,0.023529411764705882,0.011904761904761904,1.0,0.007686932215234102,0.06662600290902267,42626,11,0.0,0.0,0.0,0.0,0.0,0.0,0.011253083435972236,0.0032918160702041363,0.003858295334970186,1.0,7,73.00609455744421,0.99,True,0.004492339786435275,0.9637130786795107
ucr229_cb128,ucr_split,ucr_229,seed0,federated_cb_only,ucr_229_p3,none,3771019734a4d79f,--codebook-size 128,2026-08-03 04:21:10,0.6208011590521274,0.4501211159328425,0.9999808105209518,0.005453460859926728,0.97532449252057,0.015151515151515152,64,3.0,1,0.026666666666666665,0.013513513513513514,1.0,0.0113555713271824,0.03260920564913433,42626,11,0.0,0.0,0.0,0.0,0.0,0.0,0.014853097198825584,0.005212097089912009,0.005722460658082976,0.7272727272727273,7,73.6268287561337,0.99,True,0.0066387633427112775,0.9780995643076338
ucr229_cb128,ucr_split,ucr_229,seed0,federated_cb_only,ucr_229_p4,none,3771019734a4d79f,--codebook-size 128,2026-08-03 04:21:10,0.6271564688707449,0.45683426600851984,0.9999808105209518,0.0030803380013377617,0.9563689254957495,0.009211283822682785,64,3.0,1,0.03333333333333333,0.01694915254237288,1.0,0.00774818401937046,0.0479988739267114,42626,11,0.0,0.0,0.0,0.0,0.0,0.0,0.008998350128472325,0.0029141056741792647,0.0038948393378773127,0.7272727272727273,7,79.44716722210251,0.99,True,0.004225068949638859,0.9584853815105376
ucr229_cb128,ucr_split,ucr_229,seed0,federated_fedavg_cb_only,ucr_229_p0,none,3771019734a4d79f,--codebook-size 128,2026-08-03 04:21:10,0.6072361841114607,0.4360516370591062,0.9996951004995661,0.0010819668570019535,0.8716724321050319,0.0028368794326241132,64,11.0,1,0.0,0.0,0.0,0.0,0.039600243982545864,42626,11,0.0,0.0,0.0,0.0,0.0,0.0,0.0010481108441126846,0.001983682757938016,0.0,0.0,7,105.16007092197738,0.99,True,0.0025061873440266444,0.9301389245390771
ucr229_cb128,ucr_split,ucr_229,seed0,federated_fedavg_cb_only,ucr_229_p1,none,3771019734a4d79f,--codebook-size 128,2026-08-03 04:21:10,0.5595862358894714,0.4044242193297005,0.9079203508689635,0.002129533116637755,0.9021958429127763,0.0070028011204481795,64,11.0,1,0.0,0.0,0.0,0.0,0.017078778210481864,42626,11,0.0,0.0,0.0,0.0,0.0,0.0,0.0,0.0033623397089235516,0.0,0.0,7,122.2942380746206,0.99,True,0.005848488661811976,0.9624773387720743
ucr229_cb128,ucr_split,ucr_229,seed0,federated_fedavg_cb_only,ucr_229_p2,none,3771019734a4d79f,--codebook-size 128,2026-08-03 04:21:10,0.6261137678109566,0.45573568165506245,0.9999466958915325,0.0034425169269338522,0.9453171986367688,0.009419152276295133,64,5.0,1,0.017094017094017096,0.008620689655172414,1.0,0.008152173913043478,0.0341340965607845,42626,11,0.0,0.0,0.0,0.0,0.0,0.0,0.011124147267500223,0.0051054557817907555,0.004106776180698152,0.5454545454545454,7,98.52153064409886,0.99,True,0.0070529168347174655,0.9745948007547498
ucr229_cb128,ucr_split,ucr_229,seed0,federated_fedavg_cb_only,ucr_229_p3,none,3771019734a4d79f,--codebook-size 128,2026-08-03 04:21:10,0.46093622137139156,0.3695721536849841,0.6123085582944391,0.0026216464851091005,0.8934773057843486,0.008726003490401396,64,11.0,1,0.0,0.0,0.0,0.0,0.0022521465772064,42626,11,0.0,0.0,0.0,0.0,0.0,0.0,0.0,0.0035887797831409716,0.0,0.0,7,113.90741426944732,0.99,True,0.005245962636559757,0.9600985034736969
ucr229_cb128,ucr_split,ucr_229,seed0,federated_fedavg_cb_only,ucr_229_p4,none,3771019734a4d79f,--codebook-size 128,2026-08-03 04:21:10,0.5922774904609036,0.42214957047665286,0.9920960667964444,0.0013019600990109093,0.8909329773121825,0.003656307129798903,64,11.0,1,0.0,0.0,0.0,0.0,0.03453291418383146,42626,11,0.0,0.0,0.0,0.0,0.0,0.0,0.0,0.0020781912913396244,0.0,0.0,7,102.9107753499349,0.99,True,0.0020975670674295726,0.925861212487945
ucr229_cb128,ucr_split_w2p,ucr_229,seed0,federated_cb_only,ucr_229_p0,none,3771019734a4d79f,--codebook-size 128,2026-08-03 04:21:10,0.6458478097291104,0.4769388657857671,1.0,0.0006940824750583615,0.8092564077409008,0.0020193861066235864,64,0.0,1,0.008733624454148471,0.0043859649122807015,1.0,0.0018059431948776884,0.2852718997794773,42626,11,0.0,0.0,0.0,0.0,0.0,0.0,0.004496270711939331,0.0007407517269221667,0.0009037876920548845,1.0,7,56.62327853461762,0.99,True,0.0009799305966951295,0.8208502936131696
ucr229_cb128,ucr_split_w2p,ucr_229,seed0,federated_cb_only,ucr_229_p1,none,3771019734a4d79f,--codebook-size 128,2026-08-03 04:21:10,0.6771256792907259,0.5118594175504724,1.0,0.0011534853017909495,0.8855883946204408,0.002950643776824034,64,0.0,1,0.004962779156327543,0.0024875621890547263,1.0,0.002036659877800407,0.2528972927321353,42626,11,0.0,0.0,0.0,0.0,0.0,0.0,0.004052027767597072,0.0010750567080192114,0.0010193679918450561,1.0,7,78.36505994796754,0.99,True,0.001647108757557856,0.8981467626596786
ucr229_cb128,ucr_split_w2p,ucr_229,seed0,federated_cb_only,ucr_229_p2,none,3771019734a4d79f,--codebook-size 128,2026-08-03 04:21:10,0.6577890320656563,0.49007871920312984,1.0,0.0008724281504643573,0.8471227547847452,0.0027989821882951657,64,0.0,1,0.010869565217391304,0.00546448087431694,1.0,0.0027261462205700124,0.18880495472246986,42626,11,0.0,0.0,0.0,0.0,0.0,0.0,0.004649466728893974,0.0008983506689606185,0.0013649336145923811,1.0,7,60.633784001469586,0.99,True,0.0012986797009391423,0.8567566518474048
ucr229_cb128,ucr_split_w2p,ucr_229,seed0,federated_cb_only,ucr_229_p3,none,3771019734a4d79f,--codebook-size 128,2026-08-03 04:21:10,0.6437903579425356,0.47470282498147415,0.9999797444387823,0.0012706133841177566,0.8967041029162738,0.0034859768657898903,64,3.0,1,0.03125,0.015873015873015872,1.0,0.002920317062995411,0.11204429221601839,42626,11,0.0,0.0,0.0,0.0,0.0,0.0,0.0031107531328202955,0.0012055517184183125,0.0014635166213673428,0.6363636363636364,7,93.29913832763829,0.99,True,0.001598199650757295,0.9029050448698687
ucr229_cb128,ucr_split_w2p,ucr_229,seed0,federated_cb_only,ucr_229_p4,none,3771019734a4d79f,--codebook-size 128,2026-08-03 04:21:10,0.656797251861284,0.4889784902327008,1.0,0.002477780450710821,0.9465520403680213,0.006940063091482649,64,0.0,1,0.017391304347826087,0.008771929824561403,1.0,0.004725085910652921,0.10871299207056725,42626,11,0.0,0.0,0.0,0.0,0.0,0.0,0.01126019840194134,0.0026618018043907117,0.0023681377825618944,1.0,7,86.8115307847659,0.99,True,0.004076115794470609,0.9534091735534173
ucr229_cb128,ucr_split_w2p,ucr_229,seed0,federated_fedavg_cb_only,ucr_229_p0,none,3771019734a4d79f,--codebook-size 128,2026-08-03 04:21:10,0.6682438789471814,0.5017764652126411,1.0,0.0012091315782430643,0.8916559675486152,0.0033659730722154224,64,0.0,1,0.006472491909385114,0.003246753246753247,1.0,0.0027373398034092325,0.18803077933655515,42626,11,0.0,0.0,0.0,0.0,0.0,0.0,0.00932608103147084,0.0020982776396307285,0.001370545726389235,1.0,7,114.11069998741152,0.99,True,0.002653176061758547,0.9251260124910873
ucr229_cb128,ucr_split_w2p,ucr_229,seed0,federated_fedavg_cb_only,ucr_229_p1,none,3771019734a4d79f,--codebook-size 128,2026-08-03 04:21:10,0.674750418499458,0.509149693701814,1.0,0.002307397031765199,0.9434596042534859,0.006532066508313538,64,0.0,1,0.010869565217391304,0.00546448087431694,1.0,0.0005547850208044383,0.9297846384835546,42626,11,0.0,0.0,0.0,0.0,0.0,0.0,0.0020263293183728098,0.0024055328022185565,0.0002774694783573807,1.0,7,96.40476184189322,0.99,True,0.0034691832173979614,0.9495682494032291
ucr229_cb128,ucr_split_w2p,ucr_229,seed0,federated_fedavg_cb_only,ucr_229_p2,none,3771019734a4d79f,--codebook-size 128,2026-08-03 04:21:10,0.6625793251690716,0.495416317040883,0.9999978678356612,0.0011051257285822056,0.8808239102894946,0.0030193236714975845,64,1.0,1,0.010526315789473682,0.005291005291005291,1.0,0.0027397260273972603,0.17076432224463942,42626,11,0.0,0.0,0.0,0.0,0.0,0.0,0.005192826705932979,0.001291514494040939,0.0013719303059404582,0.9090909090909091,7,100.33164362510043,0.99,True,0.0018200072816101582,0.8972863882937285
ucr229_cb128,ucr_split_w2p,ucr_229,seed0,federated_fedavg_cb_only,ucr_229_p3,none,3771019734a4d79f,--codebook-size 128,2026-08-03 04:21:10,0.6563708730483752,0.48850598716739985,1.0,0.0006075356841660864,0.7827211731636261,0.0016943409013893593,64,0.0,1,0.006756756756756757,0.003389830508474576,1.0,0.0016607533781233487,0.3102566508703608,42626,11,0.0,0.0,0.0,0.0,0.0,0.0,0.005032093101894348,0.0011432688141797312,0.0008310667875491085,1.0,7,103.86318603038787,0.99,True,0.001281686136343853,0.8281934099159237
ucr229_cb128,ucr_split_w2p,ucr_229,seed0,federated_fedavg_cb_only,ucr_229_p4,none,3771019734a4d79f,--codebook-size 128,2026-08-03 04:21:10,0.6493077186111283,0.48072216563158776,1.0,0.001089500537491243,0.8780812393630861,0.0029668699522004283,64,0.0,1,0.009615384615384614,0.004830917874396135,1.0,0.0021237571194130706,0.24250457467273495,42626,11,0.0,0.0,0.0,0.0,0.0,0.0,0.007303875022359038,0.001579697018449156,0.0010630073444143795,1.0,7,99.28456204970678,0.99,True,0.002108977448685266,0.9034729099285932
ucr229_cb128base,ucr_split,ucr_229,seed0,centralized,ucr_229_p0,none,3771019734a4d79f,--codebook-size 128,2026-08-02 20:35:40,0.6000036874180826,0.4285751912528519,1.0,0.16165968188341193,0.9956620585814036,0.3225806451612903,64,0.0,1,0.020408163265306124,0.010309278350515464,1.0,0.01340645947592931,0.037981513630178765,42626,11,0.0,0.0,1.0,1.0,1.0,1.0,0.025085444494379907,0.14306598745246124,0.006748466257668712,1.0,7,116.4954582671325,0.99,True,0.05160637424461639,0.9966059104323893
ucr229_cb128base,ucr_split,ucr_229,seed0,centralized,ucr_229_p1,none,3771019734a4d79f,--codebook-size 128,2026-08-02 20:35:40,0.5515093816739751,0.38074763805604567,1.0,0.28897762927233794,0.997922736016857,0.5,64,0.0,1,0.03333333333333333,0.01694915254237288,1.0,0.03935599284436494,0.0125979449162483,42626,11,0.0,0.0,1.0,1.0,1.0,1.0,0.0479656588325209,0.26193016884219533,0.020072992700729927,1.0,7,126.56368441979096,0.99,True,0.06585374905391951,0.9976807383593911
ucr229_cb128base,ucr_split,ucr_229,seed0,centralized,ucr_229_p2,none,3771019734a4d79f,--codebook-size 128,2026-08-02 20:35:40,0.580502378258616,0.40894917283938687,1.0,0.1748277672151367,0.9960758052063827,0.3448275862068966,64,0.0,1,0.026666666666666665,0.013513513513513514,1.0,0.025551684088269456,0.019682822690376765,42626,11,0.0,0.0,1.0,1.0,1.0,1.0,0.0320665259543223,0.1520429786546056,0.012941176470588235,1.0,7,124.62286807219175,0.99,True,0.05231546992009194,0.9969524532261114
ucr229_cb128base,ucr_split,ucr_229,seed0,centralized,ucr_229_p3,none,3771019734a4d79f,--codebook-size 128,2026-08-02 20:35:40,0.5598243612180132,0.3887207935792018,0.9999914713426452,0.2407090328243546,0.995566086426125,0.43478260869565216,64,2.0,1,0.029411764705882353,0.014925373134328358,1.0,0.03278688524590164,0.012410266034814432,42626,11,0.0,0.0,1.0,1.0,1.0,1.0,0.037592906725716996,0.21666856273574897,0.016728624535315983,0.8181818181818182,7,133.4619872824351,0.99,True,0.045497180936815304,0.9961643267015288
ucr229_cb128base,ucr_split,ucr_229,seed0,centralized,ucr_229_p4,none,3771019734a4d79f,--codebook-size 128,2026-08-02 20:35:40,0.6016211589217803,0.4302275901556836,1.0,0.1963604273526823,0.9957196418745707,0.3846153846153846,64,0.0,1,0.01904761904761905,0.009615384615384616,1.0,0.013365735115431349,0.03809881293107493,42626,11,0.0,0.0,1.0,1.0,1.0,1.0,0.02346648779913468,0.17510870485476165,0.00672782874617737,1.0,7,118.70448029677077,0.99,True,0.045497180936815304,0.9961643267015288
ucr229_cb128base,ucr_split,ucr_229,seed0,local,ucr_229_p0,none,3771019734a4d79f,--codebook-size 128,2026-08-02 20:35:40,0.646902930859718,0.4780915312623333,0.9999957356713225,0.001385971578501947,0.9050387514235869,0.003966505068312032,64,0.0,1,0.014760147601476014,0.007434944237918215,1.0,0.0030160857908847183,0.13953924834607986,42626,11,0.0,0.0,0.0,0.0,0.0,0.0,0.005727921398271972,0.0016580371702623097,0.0015108275977841195,0.8181818181818182,7,129.98685615460082,0.99,True,0.002053197739070327,0.921115931088479
ucr229_cb128base,ucr_split,ucr_229,seed0,local,ucr_229_p1,none,3771019734a4d79f,--codebook-size 128,2026-08-02 20:35:40,0.6310580944897216,0.47826294252156504,0.9273166498581045,0.0018750684798870393,0.9300960148095698,0.005057600449564484,64,11.0,1,0.0,0.0,0.0,0.0,0.012856003378219866,42626,11,0.0,0.0,0.0,0.0,0.0,0.0,0.0,0.002232400835718732,0.0,0.0,7,137.76031942764916,0.99,True,0.0029702065392258332,0.9458560545183257
ucr229_cb128base,ucr_split,ucr_229,seed0,local,ucr_229_p2,none,3771019734a4d79f,--codebook-size 128,2026-08-02 20:35:40,0.6493329231256477,0.4807497970767913,1.0,0.007273423012932177,0.9818015466446003,0.02127659574468085,64,0.0,1,0.008333333333333333,0.0041841004184100415,1.0,0.004258614014711576,0.12067752076197626,42626,11,0.0,0.0,0.0,0.0,0.0,0.0,0.012089750299101693,0.006354283946885883,0.002133850630455868,1.0,7,115.78100736141198,0.99,True,0.008354682813689696,0.9829373070948225
ucr229_cb128base,ucr_split,ucr_229,seed0,local,ucr_229_p3,none,3771019734a4d79f,--codebook-size 128,2026-08-02 20:35:40,0.5788952824526405,0.426049921798165,0.9027605131693129,0.0020245589036413073,0.933030630046536,0.006387225548902195,64,11.0,1,0.0,0.0,0.0,0.0,0.03957678412236663,42626,11,0.0,0.0,0.0,0.0,0.0,0.0,0.0,0.002001570855108401,0.0,0.0,7,128.90012845277786,0.99,True,0.0025188851098103065,0.940776645822778
ucr229_cb128base,ucr_split,ucr_229,seed0,local,ucr_229_p4,none,3771019734a4d79f,--codebook-size 128,2026-08-02 20:35:40,0.6432079642265404,0.4740695690553925,0.9999808105209518,0.0015769026824314913,0.9138234027034291,0.005095541401273885,64,3.0,1,0.010050251256281409,0.005050505050505051,1.0,0.003486598387448246,0.10721156101909633,42626,11,0.0,0.0,0.0,0.0,0.0,0.0,0.004714994549517103,0.0015826190778337507,0.0017474879860200961,0.7272727272727273,7,125.22854969342548,0.99,True,0.0019437334767241905,0.9237066947497327
ucr229_cb128base,ucr_split_w2p,ucr_229,seed0,centralized,ucr_229_p0,none,3771019734a4d79f,--codebook-size 128,2026-08-02 20:35:40,0.6256765793480277,0.4552615271965676,1.0,0.0029830297103609444,0.9557888271349538,0.008959681433549029,64,0.0,1,0.02197802197802198,0.011111111111111112,1.0,0.006384213580963436,0.08032656125369493,42626,11,0.0,0.0,0.0,0.0,0.0,0.0,0.011203728785808529,0.0034021995608405024,0.003202328966521106,1.0,7,97.8636981447538,0.99,True,0.005693782603022329,0.9621815629329155
ucr229_cb128base,ucr_split_w2p,ucr_229,seed0,centralized,ucr_229_p1,none,3771019734a4d79f,--codebook-size 128,2026-08-02 20:35:40,0.5999774505188107,0.4285488108485153,0.9999978678356612,0.0033033806868064254,0.9602120771360203,0.009594882729211086,64,1.0,1,0.03225806451612903,0.01639344262295082,1.0,0.009212344541685858,0.050438699385351664,42626,11,0.0,0.0,0.0,0.0,0.0,0.0,0.012365280572290277,0.0033831104132523563,0.004629629629629629,0.9090909090909091,7,102.27249179184442,0.99,True,0.005364523630756723,0.9647153397654109
ucr229_cb128base,ucr_split_w2p,ucr_229,seed0,centralized,ucr_229_p2,none,3771019734a4d79f,--codebook-size 128,2026-08-02 20:35:40,0.6205612829411246,0.4498650612505887,1.0,0.0030696361817561598,0.9570855175884969,0.009178990311065784,64,0.0,1,0.024999999999999998,0.012658227848101266,1.0,0.00749063670411985,0.06838549242246517,42626,11,0.0,0.0,0.0,0.0,0.0,0.0,0.010338703317174031,0.0034961537955704673,0.0037593984962406013,1.0,7,99.77219381491341,0.99,True,0.005733175237133481,0.9622024399878362
ucr229_cb128base,ucr_split_w2p,ucr_229,seed0,centralized,ucr_229_p3,none,3771019734a4d79f,--codebook-size 128,2026-08-02 20:35:40,0.5974606533691804,0.4259886256887872,0.9999797444387823,0.0027232831773852544,0.9514679474328515,0.007822685788787484,64,3.0,1,0.07843137254901959,0.04081632653061224,1.0,0.006663493574488339,0.04886688875334303,42626,11,0.0,0.0,0.0,0.0,0.0,0.0,0.009544731678129735,0.0031835220480221386,0.0033492822966507177,0.6363636363636364,7,110.96702438354491,0.99,True,0.005508864957863148,0.9610892815653092
ucr229_cb128base,ucr_split_w2p,ucr_229,seed0,centralized,ucr_229_p4,none,3771019734a4d79f,--codebook-size 128,2026-08-02 20:35:40,0.6348719009151916,0.46506397556450146,1.0,0.002794986131683925,0.9527539743135858,0.00819672131147541,64,0.0,1,0.017241379310344827,0.008695652173913044,1.0,0.004543577034283354,0.11307652606390466,42626,11,0.0,0.0,0.0,0.0,0.0,0.0,0.011565983410605357,0.0032661992052087476,0.002276961291658042,1.0,7,94.41542484084766,0.99,True,0.005535899204099747,0.9614668797123131
ucr229_cb128base,ucr_split_w2p,ucr_229,seed0,local,ucr_229_p0,none,3771019734a4d79f,--codebook-size 128,2026-08-02 20:35:40,0.647032026949917,0.4782315914627831,1.0,0.0006646299431378832,0.8008940339442849,0.002098035475872592,64,0.0,1,0.005249343832020998,0.002631578947368421,1.0,0.0012429378531073447,0.41472340824848686,42626,11,0.0,0.0,0.0,0.0,0.0,0.0,0.0037250915153616672,0.0007606616871113547,0.0006218553903555882,1.0,7,106.62945336500808,0.99,True,0.0009787400193247324,0.8166026183214036
ucr229_cb128base,ucr_split_w2p,ucr_229,seed0,local,ucr_229_p1,none,3771019734a4d79f,--codebook-size 128,2026-08-02 20:35:40,0.684202588354923,0.5199908301229275,1.0,0.0011822337316312755,0.8845305681978135,0.003479773814702044,64,0.0,1,0.005714285714285714,0.0028653295128939827,1.0,0.0030411943599668234,0.1691925116126308,42626,11,0.0,0.0,0.0,0.0,0.0,0.0,0.0059353660630108015,0.0012944514770749653,0.0015229129170704694,1.0,7,121.20847760438922,0.99,True,0.0017788523967770628,0.8923546125236405
ucr229_cb128base,ucr_split_w2p,ucr_229,seed0,local,ucr_229_p2,none,3771019734a4d79f,--codebook-size 128,2026-08-02 20:35:40,0.654939665011541,0.48692214614830676,1.0,0.0007757880531603087,0.8288709835653015,0.0025206232813932174,64,0.0,1,0.00749063670411985,0.0037593984962406013,1.0,0.002081756245268736,0.2474076854501947,42626,11,0.0,0.0,0.0,0.0,0.0,0.0,0.006189870376534755,0.0010807127783229059,0.0010419626787913233,1.0,7,115.5955727179845,0.99,True,0.0012783974027749023,0.8415054644088139
ucr229_cb128base,ucr_split_w2p,ucr_229,seed0,local,ucr_229_p3,none,3771019734a4d79f,--codebook-size 128,2026-08-02 20:35:40,0.622751085243857,0.4686887887922198,0.9276919107817154,0.00040564020595514646,0.6745051035859462,0.0013221153846153847,64,11.0,1,0.0,0.0,0.0,0.0,0.09027354196968986,42626,11,0.0,0.0,0.0,0.0,0.0,0.0,0.0,0.0006201845039224869,0.0,0.0,7,128.3460313495,0.99,True,0.0006729084490359482,0.715168174060005
ucr229_cb128base,ucr_split_w2p,ucr_229,seed0,local,ucr_229_p4,none,3771019734a4d79f,--codebook-size 128,2026-08-02 20:35:40,0.6476948102697213,0.4789560930391061,1.0,0.0009393185015648285,0.8580059971933476,0.003043297828192004,64,0.0,1,0.011363636363636362,0.005714285714285714,1.0,0.002750343792974122,0.1871393046497443,42626,11,0.0,0.0,0.0,0.0,0.0,0.0,0.006589498143144256,0.0012154562812626856,0.0013770655983975965,1.0,7,114.04364107847213,0.99,True,0.001841201917679623,0.8726225370310412
ucr229_enc,ucr_split,ucr_229,seed0,federated_enc_commoninit,ucr_229_p0,none,3771019734a4d79f,,2026-08-03 04:21:09,0.6320854298835363,0.4620837065364522,0.9999808105209518,0.0020547590890396877,0.9355259060837816,0.005320917858330562,64,3.0,1,0.017543859649122806,0.008849557522123894,1.0,0.00468384074941452,0.07969314502885563,42626,11,0.0,0.0,0.0,0.0,0.0,0.0,0.006653307172150385,0.002253471357531234,0.0023494860499265785,0.7272727272727273,7,70.67320438325409,0.99,True,0.002763330344967332,0.9449986631942158
ucr229_enc,ucr_split,ucr_229,seed0,federated_enc_commoninit,ucr_229_p1,none,3771019734a4d79f,,2026-08-03 04:21:09,0.6300109662259964,0.4770238490901924,0.9274573727044586,0.003923473590108282,0.9668896064288547,0.011133603238866394,64,11.0,1,0.0,0.0,0.0,0.0,0.021160793881668465,42626,11,0.0,0.0,0.0,0.0,0.0,0.0,0.0,0.0036864072101903318,0.0,0.0,7,72.38437351447843,0.99,True,0.005163020095384762,0.9692231671606221
ucr229_enc,ucr_split,ucr_229,seed0,federated_enc_commoninit,ucr_229_p2,none,3771019734a4d79f,,2026-08-03 04:21:09,0.6362314617029776,0.4665245192541679,1.0,0.005131719480371542,0.974315718532863,0.014773776546629733,64,0.0,1,0.03389830508474576,0.017241379310344827,1.0,0.011178861788617886,0.04565288790878806,42626,11,0.0,0.0,0.0,0.0,0.0,0.0,0.017168505329648753,0.004552957188842511,0.005620848237097598,1.0,7,73.47779620329534,0.99,True,0.006074561070918926,0.9751601708389318
ucr229_enc,ucr_split,ucr_229,seed0,federated_enc_commoninit,ucr_229_p3,none,3771019734a4d79f,,2026-08-03 04:21:09,0.5771711941360782,0.4056518877000019,0.9999914713426452,0.01860884618162171,0.9902534944528094,0.0586080586080586,64,2.0,1,0.0392156862745098,0.02,1.0,0.018769551616266946,0.0220288087083001,42626,11,0.0,0.0,0.0,0.0,0.0,0.0,0.024849355682497756,0.017040295612777614,0.00949367088607595,0.8181818181818182,7,69.54721173763274,0.99,True,0.022035809435106316,0.9934548220894619
ucr229_enc,ucr_split,ucr_229,seed0,federated_enc_commoninit,ucr_229_p4,none,3771019734a4d79f,,2026-08-03 04:21:09,0.6363629554328364,0.46666593428812747,1.0,0.002952022332318104,0.9541786276408338,0.008821170809943865,64,0.0,1,0.01941747572815534,0.00980392156862745,1.0,0.006053935057787562,0.08473701496739079,42626,11,0.0,0.0,0.0,0.0,0.0,0.0,0.01217120852552459,0.003027366871450167,0.003036157880209771,1.0,7,70.67143907070162,0.99,True,0.004698214357881629,0.956319794904983
ucr229_enc,ucr_split,ucr_229,seed0,federated_enc_fedavg,ucr_229_p0,none,3771019734a4d79f,,2026-08-03 04:21:09,0.6446785949042058,0.475664733457552,1.0,0.002252051734185874,0.9404375477194883,0.0063657407407407395,64,0.0,1,0.016,0.008064516129032258,1.0,0.0060406370126304225,0.08492469384882466,42626,11,0.0,0.0,0.0,0.0,0.0,0.0,0.008815124237464923,0.002078762934546295,0.003029468465987331,1.0,7,85.90353362127212,0.99,True,0.0028994742915112405,0.9431894785847272
ucr229_enc,ucr_split,ucr_229,seed0,federated_enc_fedavg,ucr_229_p1,none,3771019734a4d79f,,2026-08-03 04:21:09,0.6506237582834264,0.4821663063044244,1.0,0.007402382482311662,0.9824285647257542,0.020454545454545454,64,0.0,1,0.02531645569620253,0.01282051282051282,1.0,0.01728201099764336,0.0293482850842209,42626,11,0.0,0.0,0.0,0.0,0.0,0.0,0.023758923399657378,0.006950064941227878,0.008716323296354992,1.0,7,86.30738175511364,0.99,True,0.009673353108933939,0.9841630390749102
ucr229_enc,ucr_split,ucr_229,seed0,federated_enc_fedavg,ucr_229_p2,none,3771019734a4d79f,,2026-08-03 04:21:09,0.6494003969464108,0.48082377299547,1.0,0.005349758035069165,0.9755100386874422,0.014729950900163666,64,0.0,1,0.02150537634408602,0.010869565217391304,1.0,0.007419898819561552,0.0690423685074837,42626,11,0.0,0.0,0.0,0.0,0.0,0.0,0.012685466793446265,0.0047310180253038485,0.003723764387271496,1.0,7,79.29024874965346,0.99,True,0.005893168776219279,0.9755682234299351
ucr229_enc,ucr_split,ucr_229,seed0,federated_enc_fedavg,ucr_229_p3,none,3771019734a4d79f,,2026-08-03 04:21:09,0.5869098461899616,0.4153393353058756,0.9999914713426452,0.011445850207082069,0.9879992151610413,0.028629856850715747,64,2.0,1,0.0392156862745098,0.02,1.0,0.024965325936199722,0.016445361985642566,42626,11,0.0,0.0,0.0,0.0,0.0,0.0,0.024965325936199722,0.009866284490030979,0.01267605633802817,0.8181818181818182,7,86.62952365736164,0.99,True,0.012554593555851352,0.98869336941092
ucr229_enc,ucr_split,ucr_229,seed0,federated_enc_fedavg,ucr_229_p4,none,3771019734a4d79f,,2026-08-03 04:21:09,0.639262821336738,0.46979154487770086,1.0,0.0025512706745850176,0.9478210055322617,0.007233273056057866,64,0.0,1,0.016260162601626018,0.00819672131147541,1.0,0.00657501494321578,0.0779805752357716,42626,11,0.0,0.0,0.0,0.0,0.0,0.0,0.009812413160599673,0.002396113943793143,0.003298350824587706,1.0,7,77.08168225407603,0.99,True,0.0033315263766571937,0.9507299466290781
ucr229_enc,ucr_split,ucr_229,seed0,federated_enc_fedproto_lam1_uniform,ucr_229_p0,none,3771019734a4d79f,,2026-08-03 04:21:09,0.6415306488081258,0.4722528219903846,0.9999658853705807,0.0016906499740269628,0.9210042526328361,0.00466472303206997,64,4.0,1,0.017391304347826087,0.008771929824561403,1.0,0.0043859649122807015,0.0744615962088866,42626,11,0.0,0.0,0.0,0.0,0.0,0.0,0.004951941130751125,0.001787786613266422,0.0022005658597925182,0.6363636363636364,7,108.16568288654094,0.99,True,0.0023329256561098544,0.9288236773623925
ucr229_enc,ucr_split,ucr_229,seed0,federated_enc_fedproto_lam1_uniform,ucr_229_p1,none,3771019734a4d79f,,2026-08-03 04:21:09,0.6465859242460941,0.47789974307248445,0.9993198395759552,0.0030498042243092723,0.9566419129596532,0.00892857142857143,64,11.0,1,0.0,0.0,0.0,0.0,0.0233660207385164,42626,11,0.0,0.0,0.0,0.0,0.0,0.0,0.0,0.0038351367498598004,0.0,0.0,7,100.94551979800069,0.99,True,0.005379416401867972,0.96624354537818
ucr229_enc,ucr_split,ucr_229,seed0,federated_enc_fedproto_lam1_uniform,ucr_229_p2,none,3771019734a4d79f,,2026-08-03 04:21:09,0.6282733008041465,0.45801727726159003,0.9999957356713225,0.0037724967050002736,0.9649253763174844,0.010767160161507404,64,0.0,1,0.04938271604938272,0.02531645569620253,1.0,0.00862895493767977,0.04846807113029606,42626,11,0.0,0.0,0.0,0.0,0.0,0.0,0.009914236937109829,0.003487071209828596,0.004337349397590362,0.8181818181818182,7,96.8871917072931,0.99,True,0.004613295184754409,0.9679739192490198
ucr229_enc,ucr_split,ucr_229,seed0,federated_enc_fedproto_lam1_uniform,ucr_229_p3,none,3771019734a4d79f,,2026-08-03 04:21:09,0.5823742432131407,0.4108128196279332,0.9999808105209518,0.0058860628522670435,0.975740371860111,0.016597510373443983,64,3.0,1,0.025974025974025976,0.013157894736842105,1.0,0.015080113100848256,0.02444517430676113,42626,11,0.0,0.0,0.0,0.0,0.0,0.0,0.01759523742105564,0.006364947683983103,0.007619047619047619,0.7272727272727273,7,105.2829420999686,0.99,True,0.009153615454827235,0.9821297235250575
ucr229_enc,ucr_split,ucr_229,seed0,federated_enc_fedproto_lam1_uniform,ucr_229_p4,none,3771019734a4d79f,,2026-08-03 04:21:09,0.621837324856719,0.4512083606348111,0.9999957356713225,0.003060511517880222,0.9565502062334981,0.008447729672650475,64,0.0,1,0.035398230088495575,0.018018018018018018,1.0,0.006463195691202872,0.06486651339558017,42626,11,0.0,0.0,0.0,0.0,0.0,0.0,0.009681495682288516,0.003093601762723713,0.0032444124008651765,0.8181818181818182,7,101.12506468931834,0.99,True,0.0037803686191490416,0.9620360635071293
ucr229_enc,ucr_split,ucr_229,seed0,federated_enc_fedprox_mu0.01,ucr_229_p0,none,3771019734a4d79f,,2026-08-03 04:21:09,0.6410716091104125,0.480780580590763,0.9616999319839575,0.0018524738936952201,0.9282554821427811,0.005826271186440678,64,11.0,1,0.0,0.0,0.0,0.0,0.0563740440106977,42626,11,0.0,0.0,0.0,0.0,0.0,0.0,0.0,0.0018559854312552551,0.0,0.0,7,90.35584448377297,0.99,True,0.002536587439525857,0.9322214127049061
ucr229_enc,ucr_split,ucr_229,seed0,federated_enc_fedprox_mu0.01,ucr_229_p1,none,3771019734a4d79f,,2026-08-03 04:21:09,0.6333257433131607,0.46340650686470164,1.0,0.007177198343482828,0.9819934909551575,0.01926782273603083,64,0.0,1,0.024096385542168676,0.012195121951219513,1.0,0.015613910574875798,0.03253882606859663,42626,11,0.0,0.0,0.0,0.0,0.0,0.0,0.023133506201680025,0.0068438068621239755,0.007868383404864092,1.0,7,80.0467799584071,0.99,True,0.009571707356068172,0.9836207135250031
ucr229_enc,ucr_split,ucr_229,seed0,federated_enc_fedprox_mu0.01,ucr_229_p2,none,3771019734a4d79f,,2026-08-03 04:21:09,0.6059832326462714,0.4347231210987106,0.9998933917830651,0.004482163460019821,0.9710867886863758,0.012690355329949238,64,5.0,1,0.03636363636363636,0.018518518518518517,1.0,0.002257336343115124,0.020503917796649933,42626,11,0.0,0.0,0.0,0.0,0.0,0.0,0.0031446708960473323,0.004332202994646203,0.001142857142857143,0.09090909090909091,7,93.47865996668729,0.99,True,0.005863793598177502,0.9735784716777495
ucr229_enc,ucr_split,ucr_229,seed0,federated_enc_fedprox_mu0.01,ucr_229_p3,none,3771019734a4d79f,,2026-08-03 04:21:09,0.59071943114835,0.41917318931273945,0.9999466958915325,0.007593183653166478,0.9826802250440406,0.017595307917888565,64,3.0,1,0.037037037037037035,0.018867924528301886,1.0,0.0142602495543672,0.0128090836578614,42626,11,0.0,0.0,0.0,0.0,0.0,0.0,0.01432058584214809,0.007214138438892531,0.007272727272727273,0.36363636363636365,7,90.88228552321591,0.99,True,0.010398447993715301,0.9850760334729437
ucr229_enc,ucr_split,ucr_229,seed0,federated_enc_fedprox_mu0.01,ucr_229_p4,none,3771019734a4d79f,,2026-08-03 04:21:09,0.6404188068191888,0.47104123683918836,1.0,0.0020628728848140084,0.9357285139671477,0.006106022758812101,64,0.0,1,0.013071895424836602,0.006578947368421052,1.0,0.004793028322440087,0.10716464129873786,42626,11,0.0,0.0,0.0,0.0,0.0,0.0,0.008166217425001733,0.0019554873194046725,0.0024022712382616293,1.0,7,71.11748137123574,0.99,True,0.0024584713497038074,0.938483603170634
ucr229_enc,ucr_split_w2p,ucr_229,seed0,federated_enc_commoninit,ucr_229_p0,none,3771019734a4d79f,,2026-08-03 04:21:09,0.6471197341307687,0.47832742516573823,1.0,0.0010916247811254979,0.8769828913637856,0.0035421027209789086,64,0.0,1,0.008658008658008658,0.004347826086956522,1.0,0.002190362405416169,0.23511471871627646,42626,11,0.0,0.0,0.0,0.0,0.0,0.0,0.005383914418844246,0.0010824262306243391,0.0010963819395993222,1.0,7,61.90609840520971,0.99,True,0.0015182596602939364,0.882788896557574
ucr229_enc,ucr_split_w2p,ucr_229,seed0,federated_enc_commoninit,ucr_229_p1,none,3771019734a4d79f,,2026-08-03 04:21:09,0.6802646127323454,0.5154629578072883,0.9999712157814276,0.0006222145012554133,0.7889209743946289,0.0019441498762813715,64,3.0,1,0.012779552715654953,0.006430868167202572,1.0,0.0012208521548040532,0.1917843569652325,42626,11,0.0,0.0,0.0,0.0,0.0,0.0,0.0012210961002630909,0.0006876006316063116,0.0006112469437652812,0.45454545454545453,7,66.08447959288024,0.99,True,0.000910158913979048,0.8077092964496603
ucr229_enc,ucr_split_w2p,ucr_229,seed0,federated_enc_commoninit,ucr_229_p2,none,3771019734a4d79f,,2026-08-03 04:21:09,0.6572633914328442,0.48949539860555,1.0,0.0013385552250931292,0.9009567357524003,0.004090740052063964,64,0.0,1,0.012269938650306747,0.006172839506172839,1.0,0.0030298856906762154,0.16982592783747008,42626,11,0.0,0.0,0.0,0.0,0.0,0.0,0.006637270485919486,0.0013733328912681323,0.0015172413793103448,1.0,7,70.11435250791409,0.99,True,0.0020874060003724065,0.9071080656173839
ucr229_enc,ucr_split_w2p,ucr_229,seed0,federated_enc_commoninit,ucr_229_p3,none,3771019734a4d79f,,2026-08-03 04:21:09,0.6309334057296576,0.46086063932795573,0.9999466958915325,0.001015794063630246,0.8708278771385796,0.003079507278835386,64,3.0,1,0.017391304347826087,0.008771929824561403,1.0,0.0017046665246111229,0.10974522591845352,42626,11,0.0,0.0,0.0,0.0,0.0,0.0,0.0017055255150493246,0.0009254783286535123,0.0008543357539513029,0.36363636363636365,7,86.78002773086229,0.99,True,0.0011994388685746613,0.8723776655676619
ucr229_enc,ucr_split_w2p,ucr_229,seed0,federated_enc_commoninit,ucr_229_p4,none,3771019734a4d79f,,2026-08-03 04:21:09,0.6459286933864709,0.47702708877415717,1.0,0.003099858239351522,0.9574352827766238,0.009263157894736841,64,0.0,1,0.020202020202020204,0.01020408163265306,1.0,0.006719609040928528,0.07629146530286679,42626,11,0.0,0.0,0.0,0.0,0.0,0.0,0.01524915950215449,0.0038546331242031275,0.003371130861170702,1.0,7,76.93878563523295,0.99,True,0.0059274159518256965,0.9629114076771768
ucr229_enc,ucr_split_w2p,ucr_229,seed0,federated_enc_fedavg,ucr_229_p0,none,3771019734a4d79f,,2026-08-03 04:21:09,0.6606447782965315,0.49325583504000203,1.0,0.0011324046130386355,0.8835047324936125,0.003485535029627048,64,0.0,1,0.0111731843575419,0.0056179775280898875,1.0,0.0031755196304849883,0.16201379439778538,42626,11,0.0,0.0,0.0,0.0,0.0,0.0,0.004806791440171289,0.000999272522038209,0.0015902848055515397,1.0,7,96.87881709039213,0.99,True,0.0013067748921086273,0.8827090905895192
ucr229_enc,ucr_split_w2p,ucr_229,seed0,federated_enc_fedavg,ucr_229_p1,none,3771019734a4d79f,,2026-08-03 04:21:09,0.6920779652881661,0.5291580605865683,0.9999466958915325,0.0012521241698881167,0.8953050421637668,0.0036536353671903546,64,3.0,1,0.013422818791946308,0.006756756756756757,1.0,0.002186987424822307,0.08546427063294702,42626,11,0.0,0.0,0.0,0.0,0.0,0.0,0.002188401472197354,0.0011110408775545431,0.0010967918837400603,0.36363636363636365,7,105.59571883579099,0.99,True,0.0017422606966034542,0.9015254913020562
ucr229_enc,ucr_split_w2p,ucr_229,seed0,federated_enc_fedavg,ucr_229_p2,none,3771019734a4d79f,,2026-08-03 04:21:09,0.6647602142499883,0.49785830331335484,1.0,0.0016134838748998411,0.9180248503900734,0.00488129576214777,64,0.0,1,0.0136986301369863,0.006896551724137931,1.0,0.00349261787585331,0.14725754234504762,42626,11,0.0,0.0,0.0,0.0,0.0,0.0,0.006617854030036601,0.001426977480022796,0.0017493638676844784,1.0,7,87.83603006124493,0.99,True,0.0018956588297820948,0.9181209114155832
ucr229_enc,ucr_split_w2p,ucr_229,seed0,federated_enc_fedavg,ucr_229_p3,none,3771019734a4d79f,,2026-08-03 04:21:09,0.6176747896849336,0.4629617229300152,0.9276919107817154,0.0013099630576903297,0.899721894021148,0.004109077325364214,64,11.0,1,0.0,0.0,0.0,0.0,0.07364050110261343,42626,11,0.0,0.0,0.0,0.0,0.0,0.0,0.0,0.0011251261074025519,0.0,0.0,7,98.28212411721546,0.99,True,0.001471180851788764,0.8998722503977512
ucr229_enc,ucr_split_w2p,ucr_229,seed0,federated_enc_fedavg,ucr_229_p4,none,3771019734a4d79f,,2026-08-03 04:21:09,0.6525911442057238,0.484330455005828,1.0,0.0016358495562465605,0.9191509236786767,0.0047485430606518456,64,0.0,1,0.01680672268907563,0.00847457627118644,1.0,0.003594771241830065,0.14305822737296486,42626,11,0.0,0.0,0.0,0.0,0.0,0.0,0.007438421329388204,0.0015756048603200123,0.0018006220330659681,1.0,7,86.334813357989,0.99,True,0.001982762763990391,0.9208337331039176
ucr229_enc,ucr_split_w2p,ucr_229,seed0,federated_enc_fedproto_lam1_uniform,ucr_229_p0,none,3771019734a4d79f,,2026-08-03 04:21:09,0.6483770283060403,0.47970258118167625,1.0,0.0006710901161066903,0.7997850223721756,0.002291427976252474,64,0.0,1,0.005970149253731344,0.0029940119760479044,1.0,0.0010819849505729602,0.4764932201004082,42626,11,0.0,0.0,0.0,0.0,0.0,0.0,0.0035216828228135846,0.0006104164570817167,0.0005412853065643146,1.0,7,74.49822949171067,0.99,True,0.0008810447259704923,0.7998984745458319
ucr229_enc,ucr_split_w2p,ucr_229,seed0,federated_enc_fedproto_lam1_uniform,ucr_229_p1,none,3771019734a4d79f,,2026-08-03 04:21:09,0.685134483143196,0.521068104958,1.0,0.0008587944394988218,0.847191001650721,0.0025310048089091366,64,0.0,1,0.004975124378109453,0.0024937655860349127,1.0,0.0017354263627041098,0.2968845305681978,42626,11,0.0,0.0,0.0,0.0,0.0,0.0,0.0042151742689619165,0.0007808977291267163,0.0008684667614084952,1.0,7,95.90112029512726,0.99,True,0.0010055372257246145,0.8469223710960402
ucr229_enc,ucr_split_w2p,ucr_229,seed0,federated_enc_fedproto_lam1_uniform,ucr_229_p2,none,3771019734a4d79f,,2026-08-03 04:21:09,0.6534237230320041,0.4852482062904589,1.0,0.0017790161116955617,0.9258945671229254,0.005234231876472128,64,0.0,1,0.007352941176470588,0.0036900369003690036,1.0,0.001627941394109812,0.31652043353821613,42626,11,0.0,0.0,0.0,0.0,0.0,0.0,0.005228227512351095,0.0018830869502636169,0.0008146337850847959,1.0,7,84.47086422502989,0.99,True,0.0028093722725213897,0.9321144663569462
ucr229_enc,ucr_split_w2p,ucr_229,seed0,federated_enc_fedproto_lam1_uniform,ucr_229_p3,none,3771019734a4d79f,,2026-08-03 04:21:09,0.6372544752950685,0.4676315012474967,0.9999722818635969,0.0011715725195974715,0.8880687416557542,0.003429943405933802,64,2.0,1,0.011428571428571429,0.005747126436781609,1.0,0.002229240200631618,0.12588560972176605,42626,11,0.0,0.0,0.0,0.0,0.0,0.0,0.002534119020299005,0.0010512846189855492,0.0011169024571854058,0.5454545454545454,7,98.12895380000272,0.99,True,0.001513204619703758,0.8908190705780331
ucr229_enc,ucr_split_w2p,ucr_229,seed0,federated_enc_fedproto_lam1_uniform,ucr_229_p4,none,3771019734a4d79f,,2026-08-03 04:21:09,0.645637177444681,0.4767091703141533,1.0,0.002084085290065669,0.9369420285527825,0.005915568701263781,64,0.0,1,0.013422818791946308,0.006756756756756757,1.0,0.002728512960436562,0.18864073570121523,42626,11,0.0,0.0,0.0,0.0,0.0,0.0,0.008782228787829085,0.0023696702795150187,0.001366120218579235,1.0,7,88.94110687851907,0.99,True,0.003623837988789316,0.9441718381118739
ucr229_enc,ucr_split_w2p,ucr_229,seed0,federated_enc_fedprox_mu0.01,ucr_229_p0,none,3771019734a4d79f,,2026-08-03 04:21:09,0.6421401623786411,0.4729179940536271,0.9999466958915325,0.0007249198775284948,0.8179493522945875,0.0021853581007251414,64,3.0,1,0.010989010989010988,0.0055248618784530384,1.0,0.0012600409513309182,0.14859475437526393,42626,11,0.0,0.0,0.0,0.0,0.0,0.0,0.0012605102201595692,0.0006169675937411302,0.0006311139160618492,0.36363636363636365,7,85.41228413507343,0.99,True,0.0008448638748319999,0.8196551677434644
ucr229_enc,ucr_split_w2p,ucr_229,seed0,federated_enc_fedprox_mu0.01,ucr_229_p1,none,3771019734a4d79f,,2026-08-03 04:21:09,0.67412381121086,0.5084502522309864,0.9999466958915325,0.000687262858175464,0.8095102007737488,0.0018874399450926561,64,3.0,1,0.007722007722007722,0.003875968992248062,1.0,0.0014668133480014668,0.12759817951485009,42626,11,0.0,0.0,0.0,0.0,0.0,0.0,0.0014674493062966916,0.0005877877356818013,0.0007348888480617307,0.36363636363636365,7,79.61251082389306,0.99,True,0.0008770755662410408,0.8152947941075385
ucr229_enc,ucr_split_w2p,ucr_229,seed0,federated_enc_fedprox_mu0.01,ucr_229_p2,none,3771019734a4d79f,,2026-08-03 04:21:09,0.6443513295381365,0.475320538484741,0.9999466958915325,0.0006874462270566907,0.8067845915638343,0.0020459406677206357,64,3.0,1,0.015503875968992248,0.0078125,1.0,0.0010872519706441968,0.17226575329611035,42626,11,0.0,0.0,0.0,0.0,0.0,0.0,0.0010876013446707534,0.0006305144858724597,0.0005444399074452157,0.36363636363636365,7,71.95214357404656,0.99,True,0.0007882950541993474,0.8100488854009816
ucr229_enc,ucr_split_w2p,ucr_229,seed0,federated_enc_fedprox_mu0.01,ucr_229_p3,none,3771019734a4d79f,,2026-08-03 04:21:09,0.6331922901109961,0.46326362189046816,1.0,0.0008497793884211793,0.8449665803628175,0.002552204176334107,64,0.0,1,0.009433962264150945,0.004739336492890996,1.0,0.0020336476243298205,0.253272650495003,42626,11,0.0,0.0,0.0,0.0,0.0,0.0,0.003641609310640532,0.0007374451114784956,0.001017858795225317,1.0,7,71.17116425779957,0.99,True,0.000939328534282212,0.8443662212136853
ucr229_enc,ucr_split_w2p,ucr_229,seed0,federated_enc_fedprox_mu0.01,ucr_229_p4,none,3771019734a4d79f,,2026-08-03 04:21:09,0.6404233109024391,0.4710461101885541,1.0,0.0007414793875891796,0.8201247211475711,0.0024186455584872474,64,0.0,1,0.01680672268907563,0.00847457627118644,1.0,0.002403320952589032,0.2142354431567588,42626,11,0.0,0.0,0.0,0.0,0.0,0.0,0.0024033209525890315,0.0006400169945238203,0.001203106201465602,1.0,7,71.31913558108113,0.99,True,0.0008370023264721028,0.8195360919285284
ucr229_proto_count,ucr_split,ucr_229,seed0,federated_enc_fedproto_lam1_count,ucr_229_p0,none,3771019734a4d79f,--fedproto-agg count,2026-08-03 04:21:10,0.6398474174336483,0.4704232640034963,1.0,0.004591989953395955,0.971050532538826,0.013392857142857144,64,0.0,1,0.013245033112582783,0.006666666666666667,1.0,0.00535149598637801,0.09592736827288509,42626,11,0.0,0.0,0.0,0.0,0.0,0.0,0.010129471293604078,0.005686708512894033,0.002682926829268293,1.0,7,92.01341634610053,0.99,True,0.00867120620088548,0.9757521414989783
ucr229_proto_count,ucr_split,ucr_229,seed0,federated_enc_fedproto_lam1_count,ucr_229_p1,none,3771019734a4d79f,--fedproto-agg count,2026-08-03 04:21:10,0.6553048654338629,0.4873262266216684,0.9999989339178306,0.014174425355379931,0.9906480466467329,0.03950617283950617,64,0.0,1,0.05882352941176471,0.030303030303030304,1.0,0.02621231979030144,0.01740721625299113,42626,11,0.0,0.0,0.0,0.0,0.0,0.0,0.03811323168857751,0.015945894714525392,0.013297872340425532,0.9090909090909091,7,85.86433439254763,0.99,True,0.027530790962880258,0.9928907048511648
ucr229_proto_count,ucr_split,ucr_229,seed0,federated_enc_fedproto_lam1_count,ucr_229_p2,none,3771019734a4d79f,--fedproto-agg count,2026-08-03 04:21:10,0.639326178599585,0.46986092444069805,0.9999957356713225,0.0027902909315249006,0.953498291695636,0.0075940628236106315,64,0.0,1,0.047619047619047616,0.024390243902439025,1.0,0.006394316163410302,0.06557030920095716,42626,11,0.0,0.0,0.0,0.0,0.0,0.0,0.013253816540395699,0.003282846383262076,0.003209700427960057,0.8181818181818182,7,83.9936128244797,0.99,True,0.00409295867041295,0.9592963361424482
ucr229_proto_count,ucr_split,ucr_229,seed0,federated_enc_fedproto_lam1_count,ucr_229_p3,none,3771019734a4d79f,--fedproto-agg count,2026-08-03 04:21:10,0.6170731837652491,0.44620812650472264,1.0,0.010369767047388173,0.9874127186565604,0.0300187617260788,64,0.0,1,0.0196078431372549,0.009900990099009901,1.0,0.012549914432401598,0.040609017970252896,42626,11,0.0,0.0,0.0,0.0,0.0,0.0,0.02025028497795022,0.009099604435649578,0.006314580941446613,1.0,7,83.79778088271617,0.99,True,0.014766349353439978,0.987913187484274
ucr229_proto_count,ucr_split,ucr_229,seed0,federated_enc_fedproto_lam1_count,ucr_229_p4,none,3771019734a4d79f,--fedproto-agg count,2026-08-03 04:21:10,0.6261276804321311,0.4557433375755924,0.9999808105209518,0.003539815781921491,0.9622040325366934,0.008690928843020097,64,3.0,1,0.02247191011235955,0.011363636363636364,1.0,0.00837257980115123,0.044386055459109466,42626,11,0.0,0.0,0.0,0.0,0.0,0.0,0.011446690151857918,0.004176673446386321,0.004210526315789474,0.7272727272727273,7,89.08316338320576,0.99,True,0.006180126030894951,0.9709202723929649
ucr229_proto_count,ucr_split_w2p,ucr_229,seed0,federated_enc_fedproto_lam1_count,ucr_229_p0,none,3771019734a4d79f,--fedproto-agg count,2026-08-03 04:21:10,0.6489230914805473,0.4803006308439207,1.0,0.0011039124142587944,0.8787530444500369,0.0036968576709796677,64,0.0,1,0.005899705014749263,0.0029585798816568047,1.0,0.0011025358324145535,0.46760193309247877,42626,11,0.0,0.0,0.0,0.0,0.0,0.0,0.003924682232441699,0.0010698094140313187,0.0005515719801434088,1.0,7,70.76791068178913,0.99,True,0.0018218999563672442,0.8820871790561114
ucr229_proto_count,ucr_split_w2p,ucr_229,seed0,federated_enc_fedproto_lam1_count,ucr_229_p1,none,3771019734a4d79f,--fedproto-agg count,2026-08-03 04:21:10,0.6678628595660657,0.5013469253987725,1.0,0.0006440393200933335,0.7947262234317084,0.002056459151243223,64,0.0,1,0.00447427293064877,0.002242152466367713,1.0,0.0016047851776205412,0.3210951062731666,42626,11,0.0,0.0,0.0,0.0,0.0,0.0,0.0029808071506950114,0.0005825790369935493,0.0008030369396992261,1.0,7,73.81462420339038,0.99,True,0.0008143388788479743,0.797857686152836
ucr229_proto_count,ucr_split_w2p,ucr_229,seed0,federated_enc_fedproto_lam1_count,ucr_229_p2,none,3771019734a4d79f,--fedproto-agg count,2026-08-03 04:21:10,0.655028131807349,0.48701994985780933,1.0,0.0011348349318248455,0.8828179984047294,0.003179190751445087,64,0.0,1,0.011695906432748537,0.0058823529411764705,1.0,0.0028660760812923396,0.17956176981185193,42626,11,0.0,0.0,0.0,0.0,0.0,0.0,0.0060067310609986865,0.0015351033907088686,0.0014350945857795174,1.0,7,79.0437097367644,0.99,True,0.0019576529351407537,0.9021403146534583
ucr229_proto_count,ucr_split_w2p,ucr_229,seed0,federated_enc_fedproto_lam1_count,ucr_229_p3,none,3771019734a4d79f,--fedproto-agg count,2026-08-03 04:21:10,0.6384967274023681,0.4689645190379681,1.0,0.0014908336656759029,0.9120660459045483,0.004486316733961418,64,0.0,1,0.010752688172043012,0.005405405405405406,1.0,0.0032013969732246797,0.16070004222774834,42626,11,0.0,0.0,0.0,0.0,0.0,0.0,0.0065088521001516785,0.001302479020573735,0.0016032648301996793,1.0,7,86.32499373694259,0.99,True,0.001751492202240999,0.9130245758095522
ucr229_proto_count,ucr_split_w2p,ucr_229,seed0,federated_enc_fedproto_lam1_count,ucr_229_p4,none,3771019734a4d79f,--fedproto-agg count,2026-08-03 04:21:10,0.6436817583257206,0.47458018225216886,1.0,0.0024688376180600686,0.9461510900304125,0.007495741056218057,64,0.0,1,0.016260162601626018,0.00819672131147541,1.0,0.0039725532683279165,0.12940458874865104,42626,11,0.0,0.0,0.0,0.0,0.0,0.0,0.009975918927512258,0.003038621120822168,0.001990229781074724,1.0,7,87.09827391624451,0.99,True,0.004549574420969932,0.9533148896235264
ucr229_v1,ucr_split,ucr_229,seed0,centralized,ucr_229_p0,none,3771019734a4d79f,,2026-08-01 06:52:52,0.5975712665224959,0.4260974210366757,1.0,0.03785975994344881,0.9925674897523065,0.11363636363636363,64,0.0,1,0.020833333333333332,0.010526315789473684,1.0,0.0134886572654813,0.03774691502838643,42626,11,0.0,0.0,0.0,0.0,0.0,0.0,0.022361416332983566,0.03294333060169303,0.006790123456790123,1.0,7,91.08890994389856,0.99,True,0.03936379086168411,0.9951714464630741
ucr229_v1,ucr_split,ucr_229,seed0,centralized,ucr_229_p1,none,3771019734a4d79f,,2026-08-01 06:52:52,0.592501245474701,0.4209638054255652,0.9999808105209518,0.053586266499978226,0.9948964140537359,0.14285714285714285,64,3.0,1,0.05128205128205127,0.02631578947368421,1.0,0.06694560669456066,0.005161169239431333,42626,11,0.0,0.0,0.0,0.0,1.0,1.0,0.0706239450652941,0.04631362418560399,0.03508771929824561,0.7272727272727273,7,102.74656109015149,0.99,True,0.040429228318830564,0.9958104370774405
ucr229_v1,ucr_split,ucr_229,seed0,centralized,ucr_229_p2,none,3771019734a4d79f,,2026-08-01 06:52:52,0.5600741434111791,0.3889633076062999,0.9999808105209518,0.03705998554904948,0.9926080113289798,0.10869565217391304,64,3.0,1,0.028985507246376812,0.014705882352941176,1.0,0.027491408934707903,0.013207901280908365,42626,11,0.0,0.0,0.0,0.0,0.0,0.0,0.03321326361385531,0.032347864886389834,0.014010507880910683,0.7272727272727273,7,100.12234897454573,0.99,True,0.03901162633816506,0.9949784146195257
ucr229_v1,ucr_split,ucr_229,seed0,centralized,ucr_229_p3,none,3771019734a4d79f,,2026-08-01 06:52:52,0.5280267532899917,0.3587228160021191,0.9999808105209518,0.025797898618395994,0.9907866730932466,0.07751937984496124,64,3.0,1,0.05405405405405406,0.027777777777777776,1.0,0.06015037593984962,0.005794585464270633,42626,11,0.0,0.0,0.0,0.0,0.0,0.0,0.06015037593984962,0.02250012460903765,0.03137254901960784,0.7272727272727273,7,109.80343547264734,0.99,True,0.027504306244987772,0.9933346425962329
ucr229_v1,ucr_split,ucr_229,seed0,centralized,ucr_229_p4,none,3771019734a4d79f,,2026-08-01 06:52:52,0.5959381229674828,0.42443864669767783,1.0,0.025721189200704972,0.990995679120298,0.07655502392344497,64,0.0,1,0.0196078431372549,0.009900990099009901,1.0,0.01390644753476612,0.036597381879604,42626,11,0.0,0.0,0.0,0.0,0.0,0.0,0.02206491862933342,0.022447558264962263,0.007001909611712286,1.0,7,93.71329829931261,0.99,True,0.027627358493655236,0.9934310193712058
ucr229_v1,ucr_split,ucr_229,seed0,federated,ucr_229_p0,none,3771019734a4d79f,,2026-08-01 06:52:52,0.47696220819701846,0.45495404921027144,0.5012078710978728,0.0076684971968903354,0.982820984205116,0.020915032679738564,64,11.0,1,0.0,0.0,0.0,0.0,0.0036831980481396333,42626,11,0.0,0.0,0.0,0.0,0.0,0.0,0.0,0.007127337902992063,0.0,0.0,7,114.6962779303392,0.99,True,0.011843977339912715,0.9842980838519804
ucr229_v1,ucr_split,ucr_229,seed0,federated,ucr_229_p1,none,3771019734a4d79f,,2026-08-01 06:52:52,0.4692911571232549,0.42677614619824433,0.5212139690878814,0.01161059783266945,0.9873487372197081,0.03196347031963471,64,11.0,1,0.0,0.0,0.0,0.0,0.0010322338478862666,42626,11,0.0,0.0,0.0,0.0,0.0,0.0,0.0,0.01615387594741688,0.0,0.0,7,134.15709496438507,0.99,True,0.02668516381456265,0.9927182316445066
ucr229_v1,ucr_split,ucr_229,seed0,federated,ucr_229_p2,none,3771019734a4d79f,,2026-08-01 06:52:52,,,,0.023611519649608885,0.992631471189159,0.07142857142857142,64,11.0,1,0.0,0.0,0.0,0.0,0.0,42626,11,0.0,0.0,0.0,0.0,0.0,0.0,0.0,0.020950883842169758,0.0,0.0,7,233.05791174411772,0.99,True,0.030786221598980253,0.9949280764176356
ucr229_v1,ucr_split,ucr_229,seed0,federated,ucr_229_p3,none,3771019734a4d79f,,2026-08-01 06:52:52,0.6080851443009115,0.4368694980236425,1.0,0.013586841399061411,0.9904070499012554,0.035634743875278395,64,0.0,1,0.047619047619047616,0.024390243902439025,1.0,0.023133543638275498,0.021794210106507766,42626,11,0.0,0.0,0.0,0.0,0.0,0.0,0.025028780010834716,0.011413325877663135,0.011702127659574468,1.0,7,100.535563510259,0.99,True,0.015250371532885108,0.9908058675243023
ucr229_v1,ucr_split,ucr_229,seed0,federated,ucr_229_p4,none,3771019734a4d79f,,2026-08-01 06:52:52,0.6320284077440038,0.46201866421925575,1.0,0.004025544088968223,0.967243637046105,0.01016518424396442,64,0.0,1,0.01129943502824859,0.005681818181818182,1.0,0.004303599374021909,0.11941068831229766,42626,11,0.0,0.0,0.0,0.0,0.0,0.0,0.012194230859510855,0.004003617695233826,0.0021564399137424034,1.0,7,67.79753002325695,0.99,True,0.005423212188262962,0.969934287924566
ucr229_v1,ucr_split,ucr_229,seed0,federated_cb_only,ucr_229_p0,none,3771019734a4d79f,,2026-08-01 06:52:52,0.654875609209171,0.486859676950748,0.9999648192884116,0.0016510659364385473,0.918986704657422,0.004847950639048039,64,4.0,1,0.0449438202247191,0.022988505747126436,1.0,0.0037290242386575512,0.07509501243372589,42626,11,0.0,0.0,0.0,0.0,0.0,0.0,0.004564880163669284,0.0017590802362317942,0.0018709073900841909,0.5454545454545454,7,48.678710207785514,0.99,True,0.0023302881046044018,0.9248578657050676
ucr229_v1,ucr_split,ucr_229,seed0,federated_cb_only,ucr_229_p1,none,3771019734a4d79f,,2026-08-01 06:52:52,0.6453962483155398,0.47645281588804833,0.999972281863597,0.0037931210353219034,0.9651727712066471,0.010964912280701754,64,3.0,1,0.02469135802469136,0.0125,1.0,0.008253094910591471,0.0337118190775583,42626,11,0.0,0.0,0.0,0.0,0.0,0.0,0.008262497026752965,0.0032300909588415,0.004158004158004158,0.5454545454545454,7,59.313974107033594,0.99,True,0.0044211358691411285,0.9653729003012711
ucr229_v1,ucr_split,ucr_229,seed0,federated_cb_only,ucr_229_p2,none,3771019734a4d79f,,2026-08-01 06:52:52,0.6219438485673394,0.4513266199041297,0.9999658853705807,0.0035779512743770543,0.9630165967847195,0.009907997169143664,64,4.0,1,0.02857142857142857,0.014492753623188406,1.0,0.009283819628647215,0.03495519166705766,42626,11,0.0,0.0,0.0,0.0,0.0,0.0,0.009283819628647215,0.00335676984662937,0.004676018704074816,0.6363636363636364,7,60.275065767268295,0.99,True,0.004236111948314576,0.965217175630731
ucr229_v1,ucr_split,ucr_229,seed0,federated_cb_only,ucr_229_p3,none,3771019734a4d79f,,2026-08-01 06:52:52,0.5628550430189058,0.39167456336536244,0.9998272946885653,0.00970368292110088,0.9859091548905278,0.028070175438596492,64,9.0,1,0.07142857142857142,0.037037037037037035,1.0,0.014336917562724014,0.006240322807676066,42626,11,0.0,0.0,0.0,0.0,0.0,0.0,0.014412997903563941,0.010908097740082372,0.007462686567164179,0.18181818181818182,7,75.41291177213192,0.99,True,0.01609576838008068,0.9898089077414841
ucr229_v1,ucr_split,ucr_229,seed0,federated_cb_only,ucr_229_p4,none,3771019734a4d79f,,2026-08-01 06:52:52,0.6347467767198177,0.4649297038059823,1.0,0.004217901417007699,0.9685765836471978,0.011780104712041883,64,0.0,1,0.016666666666666666,0.008403361344537815,1.0,0.007447528774542992,0.06878431004551212,42626,11,0.0,0.0,0.0,0.0,0.0,0.0,0.013759906951212705,0.004332263137596111,0.0037376826367652057,1.0,7,66.45484343846641,0.99,True,0.006126243091050089,0.9715753396889687
ucr229_v1,ucr_split,ucr_229,seed0,federated_cb_only_ema,ucr_229_p0,none,3771019734a4d79f,,2026-08-01 06:52:52,0.6496013341008907,0.4810441171965905,1.0,0.001651822615669457,0.9188416800672232,0.004901960784313725,64,0.0,1,0.011695906432748537,0.0058823529411764705,1.0,0.003906943704492985,0.13158635574531977,42626,11,0.0,0.0,0.0,0.0,0.0,0.0,0.006536534517902709,0.0016554317253879738,0.0019572953736654805,1.0,7,71.62788447849455,0.99,True,0.0022640685694359252,0.9239242418739297
ucr229_v1,ucr_split,ucr_229,seed0,federated_cb_only_ema,ucr_229_p1,none,3771019734a4d79f,,2026-08-01 06:52:52,0.6123228604192626,0.4412781994232189,0.9998933917830651,0.006955532046430242,0.9810828218372909,0.018018018018018014,64,5.0,1,0.05128205128205127,0.02631578947368421,1.0,0.004739336492890996,0.009618542673485666,42626,11,0.0,0.0,0.0,0.0,0.0,0.0,0.004757785467128028,0.006687049840498247,0.0024330900243309003,0.09090909090909091,7,61.10260755034788,0.99,True,0.00970865529052409,0.9840343114587219
ucr229_v1,ucr_split,ucr_229,seed0,federated_cb_only_ema,ucr_229_p2,none,3771019734a4d79f,,2026-08-01 06:52:52,0.6084451125437882,0.43725627218140034,0.9999211099194681,0.003710459953897808,0.9648251387330822,0.009766684753119913,64,6.0,1,0.028985507246376812,0.014705882352941176,1.0,0.0064672594987873885,0.02866794913902313,42626,11,0.0,0.0,0.0,0.0,0.0,0.0,0.008432145407016669,0.004048822158430601,0.0032626427406199023,0.36363636363636365,7,77.55822925388809,0.99,True,0.005442956228561696,0.9697711024678539
ucr229_v1,ucr_split,ucr_229,seed0,federated_cb_only_ema,ucr_229_p3,none,3771019734a4d79f,,2026-08-01 06:52:52,0.5802555873059665,0.4087074638801286,0.9999808105209518,0.008222972980726509,0.9806050937754592,0.02718446601941748,64,3.0,1,0.034482758620689655,0.017543859649122806,1.0,0.01809954751131222,0.020292779055036833,42626,11,0.0,0.0,0.0,0.0,0.0,0.0,0.02012616321263489,0.007727324010242343,0.009163802978235968,0.7272727272727273,7,70.3219288431853,0.99,True,0.012705985621784476,0.9856189596813205
ucr229_v1,ucr_split,ucr_229,seed0,federated_cb_only_ema,ucr_229_p4,none,3771019734a4d79f,,2026-08-01 06:52:52,0.6259824989767019,0.45558642059206383,0.9999957356713225,0.0050503876870855655,0.9738230614690991,0.014586709886547812,64,0.0,1,0.0449438202247191,0.022988505747126436,1.0,0.01245674740484429,0.0334303007554075,42626,11,0.0,0.0,0.0,0.0,0.0,0.0,0.020830884325119578,0.005683724752943792,0.006276150627615063,0.8181818181818182,7,76.05487208604814,0.99,True,0.008196252769346367,0.9778561699188045
ucr229_v1,ucr_split,ucr_229,seed0,federated_fedavg_cb_only,ucr_229_p0,none,3771019734a4d79f,,2026-08-01 06:52:52,0.6367811526851,0.4671258693695079,0.9999541584667181,0.0015398465368810727,0.9145271985088059,0.0044444444444444444,64,3.0,1,0.01932367149758454,0.00975609756097561,1.0,0.0018399264029438822,0.07617416600197063,42626,11,0.0,0.0,0.0,0.0,0.0,0.0,0.002665979061875838,0.0016212784253626213,0.0009230769230769231,0.2727272727272727,7,102.25014345645907,0.99,True,0.001990874378233388,0.9236310091980623
ucr229_v1,ucr_split,ucr_229,seed0,federated_fedavg_cb_only,ucr_229_p1,none,3771019734a4d79f,,2026-08-01 06:52:52,0.6289021102853952,0.45868595169839654,0.9999957356713225,0.007836061663831181,0.9823261944267904,0.02527646129541864,64,0.0,1,0.03669724770642201,0.018691588785046728,1.0,0.01485148514851485,0.02796415333364613,42626,11,0.0,0.0,0.0,0.0,0.0,0.0,0.02481030388145753,0.008726124130955921,0.00749375520399667,0.8181818181818182,7,113.3976214249929,0.99,True,0.014621447856267839,0.9867316744928248
ucr229_v1,ucr_split,ucr_229,seed0,federated_fedavg_cb_only,ucr_229_p2,none,3771019734a4d79f,,2026-08-01 06:52:52,0.6020333913461356,0.4306750436647675,0.9998614093179846,0.0025926404865356523,0.9493373655856648,0.007252946509519492,64,8.0,1,0.025974025974025976,0.013157894736842105,1.0,0.002317497103128621,0.040186740487026695,42626,11,0.0,0.0,0.0,0.0,0.0,0.0,0.00231962295583227,0.002529345044296113,0.0011661807580174927,0.18181818181818182,7,108.60872716267896,0.99,True,0.0032247208479823796,0.9526522809145966
ucr229_v1,ucr_split,ucr_229,seed0,federated_fedavg_cb_only,ucr_229_p3,none,3771019734a4d79f,,2026-08-01 06:52:52,0.5717840622921514,0.4185874632700314,0.9018458146680114,0.002035668955680973,0.9303583387006651,0.006276971361318165,64,11.0,1,0.0,0.0,0.0,0.0,0.02127809318256463,42626,11,0.0,0.0,0.0,0.0,0.0,0.0,0.0,0.0022248615400924554,0.0,0.0,7,110.97270394047099,0.99,True,0.0030149942531851152,0.948096535516886
ucr229_v1,ucr_split,ucr_229,seed0,federated_fedavg_cb_only,ucr_229_p4,none,3771019734a4d79f,,2026-08-01 06:52:52,0.6274603221986015,0.45715299757654804,0.9999989339178306,0.0027127404659973765,0.9512034908271947,0.00772573635924674,64,0.0,1,0.038461538461538464,0.0196078431372549,1.0,0.00641025641025641,0.0727021066954441,42626,11,0.0,0.0,0.0,0.0,0.0,0.0,0.00982248797446958,0.002799195474000511,0.0032164683177870698,0.9090909090909091,7,104.70534122943882,0.99,True,0.003274594231546806,0.9551107164658698
ucr229_v1,ucr_split,ucr_229,seed0,federated_fedavg_cb_sharedprior,ucr_229_p0,none,3771019734a4d79f,,2026-08-01 06:52:52,0.5344051034222849,0.46745947809278005,0.6237305626568473,0.0024986782405860917,0.929415678864372,0.007125890736342044,64,11.0,1,0.0,0.0,0.0,0.0,0.0020175479754140665,42626,11,0.0,0.0,0.0,0.0,0.0,0.0,0.0,0.0027815558806025716,0.0,0.0,7,153.51954911947254,0.99,True,0.0041923196619434895,0.958784774390589
ucr229_v1,ucr_split,ucr_229,seed0,federated_fedavg_cb_sharedprior,ucr_229_p1,none,3771019734a4d79f,,2026-08-01 06:52:52,0.45460139480077755,0.4542697656964608,0.4549335084550977,0.0015980477339259244,0.9097413870322424,0.004612280196021909,64,11.0,1,0.0,0.0,0.0,0.0,0.0009383944071693332,42626,11,0.0,0.0,0.0,0.0,0.0,0.0,0.0,0.002119436190497495,0.0,0.0,7,177.23617788950605,0.99,True,0.0028023687017189707,0.9380094919111673
ucr229_v1,ucr_split,ucr_229,seed0,federated_fedavg_cb_sharedprior,ucr_229_p2,none,3771019734a4d79f,,2026-08-01 06:52:52,0.4543764798406342,0.45435889016581843,0.45439407087740696,0.0030673403139478616,0.9522314592459573,0.007655502392344498,64,11.0,1,0.0,0.0,0.0,0.0,7.03795805377e-05,42626,11,0.0,0.0,0.0,0.0,0.0,0.0,0.0,0.004875797896840584,0.0,0.0,7,160.7994577662149,0.99,True,0.006838904334190442,0.9727101615044197
ucr229_v1,ucr_split,ucr_229,seed0,federated_fedavg_cb_sharedprior,ucr_229_p3,none,3771019734a4d79f,,2026-08-01 06:52:52,0.4290932618168312,0.3971919091064435,0.4665665970870371,0.0061536371864054015,0.9683249233289115,0.020895522388059702,64,11.0,1,0.0,0.0,0.0,0.0,0.00016421902125463332,42626,11,0.0,0.0,0.0,0.0,0.0,0.0,0.0,0.010355782114428079,0.0,0.0,7,161.45932564179103,0.99,True,0.016294696834463922,0.9873992688964189
ucr229_v1,ucr_split,ucr_229,seed0,federated_fedavg_cb_sharedprior,ucr_229_p4,none,3771019734a4d79f,,2026-08-01 06:52:52,0.6197278866709973,0.4489896453651517,1.0,0.009742742172503815,0.9798501128206003,0.03058103975535168,64,0.0,1,0.014925373134328356,0.007518796992481203,1.0,0.008267568583239383,0.06191057101299676,42626,11,0.0,0.0,0.0,0.0,0.0,0.0,0.01334071343234806,0.009029461512214813,0.004150943396226415,1.0,7,100.7709680779775,0.99,True,0.012897120486357121,0.9859906854824341
ucr229_v1,ucr_split,ucr_229,seed0,federated_shared,ucr_229_p0,none,3771019734a4d79f,,2026-08-01 06:52:52,0.4796983298822116,0.4602160795621924,0.5009029715974388,0.0017467017011928245,0.9209786600580951,0.006122448979591837,64,11.0,1,0.0,0.0,0.0,0.0,0.004480833294233566,42626,11,0.0,0.0,0.0,0.0,0.0,0.0,0.0,0.001800159802461434,0.0,0.0,7,153.25839857657752,0.99,True,0.0027479400076986654,0.9341643244673518
ucr229_v1,ucr_split,ucr_229,seed0,federated_shared,ucr_229_p1,none,3771019734a4d79f,,2026-08-01 06:52:52,,,,0.0154883496783157,0.9910895185610149,0.035897435897435895,64,11.0,1,0.0,0.0,0.0,0.0,0.0,42626,11,0.0,0.0,0.0,0.0,0.0,0.0,0.0,0.02138481481985815,0.0,0.0,7,135.50631333390876,0.99,True,0.03994266943409907,0.9952919060015041
ucr229_v1,ucr_split,ucr_229,seed0,federated_shared,ucr_229_p2,none,3771019734a4d79f,,2026-08-01 06:52:52,0.5006024006208505,0.41618661386253075,0.6279757018551962,0.003340371727141615,0.9607900427822541,0.008951406649616368,64,11.0,1,0.0,0.0,0.0,0.0,0.019190165626612864,42626,11,0.0,0.0,0.0,0.0,0.0,0.0,0.0,0.0029010773927932243,0.0,0.0,7,109.64918341159813,0.99,True,0.003617796866083391,0.9613942367333638
ucr229_v1,ucr_split,ucr_229,seed0,federated_shared,ucr_229_p3,none,3771019734a4d79f,,2026-08-01 06:52:52,0.484977672821188,0.484696390458991,0.4852592818444075,0.008258614363742693,0.982066003250257,0.020833333333333332,64,11.0,1,0.0,0.0,0.0,0.0,0.0010322338478862666,42626,11,0.0,0.0,0.0,0.0,0.0,0.0,0.0,0.00822561292083266,0.0,0.0,7,131.3216232216358,0.99,True,0.010737938397708278,0.9867329819783883
ucr229_v1,ucr_split,ucr_229,seed0,federated_shared,ucr_229_p4,none,3771019734a4d79f,,2026-08-01 06:52:52,0.6259306303075942,0.45553058973122507,1.0,0.002999900979962511,0.9558144197096949,0.008309098462816784,64,0.0,1,0.015151515151515152,0.007633587786259542,1.0,0.0049183992845964674,0.10441983765776756,42626,11,0.0,0.0,0.0,0.0,0.0,0.0,0.009610275406956234,0.00286394405261958,0.002465262214253698,1.0,7,71.89314964294435,0.99,True,0.0035415342230355096,0.9570422075957903
ucr229_v1,ucr_split,ucr_229,seed0,local,ucr_229_p0,none,3771019734a4d79f,,2026-08-01 06:52:52,0.6469521633501243,0.47814433889637425,1.0,0.0024839251123378206,0.9469593888493152,0.007736943907156673,64,0.0,1,0.007782101167315175,0.00390625,1.0,0.0036776997659645604,0.13982076666823065,42626,11,0.0,0.0,0.0,0.0,0.0,0.0,0.006666629649369265,0.002307591911839428,0.0018422374811589348,1.0,7,99.7858397285144,0.99,True,0.0031539754923099747,0.9483782765319605
ucr229_v1,ucr_split,ucr_229,seed0,local,ucr_229_p1,none,3771019734a4d79f,,2026-08-01 06:52:52,0.6261587875784048,0.4557860449277742,0.9999339029055004,0.004564837509501481,0.9708564555137069,0.013523666416228397,64,5.0,1,0.03809523809523809,0.019417475728155338,1.0,0.003980099502487562,0.023272181297799465,42626,11,0.0,0.0,0.0,0.0,0.0,0.0,0.008004468491657628,0.005037925969698041,0.002012072434607646,0.18181818181818182,7,111.42937682072325,0.99,True,0.007044779467192717,0.9769278463568075
ucr229_v1,ucr_split,ucr_229,seed0,local,ucr_229_p2,none,3771019734a4d79f,,2026-08-01 06:52:52,0.62548861750517,0.45506252292350347,1.0,0.008827643785379006,0.9847809488873629,0.02564102564102564,64,0.0,1,0.017094017094017096,0.008620689655172414,1.0,0.011518324607329843,0.04429221601839253,42626,11,0.0,0.0,0.0,0.0,0.0,0.0,0.018425993019772196,0.007563853314449463,0.005792522380200105,1.0,7,106.94480523109428,0.99,True,0.009796898242612248,0.9849429167961784
ucr229_v1,ucr_split,ucr_229,seed0,local,ucr_229_p3,none,3771019734a4d79f,,2026-08-01 06:52:52,0.49965261371699504,0.3456387928478493,0.9012360156671435,0.005690862647190027,0.9717180721966534,0.01820546163849155,64,11.0,1,0.0,0.0,0.0,0.0,0.009688922254023366,42626,11,0.0,0.0,0.0,0.0,0.0,0.0,0.0,0.006046004659408079,0.0,0.0,7,110.88926224370796,0.99,True,0.008579945804900914,0.9818785248623411
ucr229_v1,ucr_split,ucr_229,seed0,local,ucr_229_p4,none,3771019734a4d79f,,2026-08-01 06:52:52,0.6310420455038127,0.4609654763630269,0.9999989339178306,0.002327337175368738,0.9426832961530095,0.006454215409439289,64,0.0,1,0.02469135802469136,0.0125,1.0,0.005215123859191656,0.08947590672359593,42626,11,0.0,0.0,0.0,0.0,0.0,0.0,0.008170540296383763,0.002080740387134482,0.002615062761506276,0.9090909090909091,7,97.79193051497141,0.99,True,0.0027683781312995803,0.9450871056187866
ucr229_v1,ucr_split_w2p,ucr_229,seed0,centralized,ucr_229_p0,none,3771019734a4d79f,,2026-08-01 06:52:52,0.631707663284314,0.46167594916200644,1.0,0.0018168652346664941,0.9270099768387199,0.005129666571672841,64,0.0,1,0.018181818181818184,0.009174311926605505,1.0,0.004737295434969853,0.10843147374841645,42626,11,0.0,0.0,0.0,0.0,0.0,0.0,0.006217054757421108,0.0018127792003237086,0.0023742715303259228,1.0,7,75.48355171978476,0.99,True,0.002835468898748585,0.9328371090917256
ucr229_v1,ucr_split_w2p,ucr_229,seed0,centralized,ucr_229_p1,none,3771019734a4d79f,,2026-08-01 06:52:52,0.5722879423151167,0.41911764277297286,0.9018927222834627,0.001989722523876769,0.9333398736579893,0.005877638258081752,64,11.0,1,0.0,0.0,0.0,0.0,0.03964716370290433,42626,11,0.0,0.0,0.0,0.0,0.0,0.0,0.0,0.001921949971836197,0.0,0.0,7,89.58714637855697,0.99,True,0.0028473858797411506,0.9373972458251494
ucr229_v1,ucr_split_w2p,ucr_229,seed0,centralized,ucr_229_p2,none,3771019734a4d79f,,2026-08-01 06:52:52,0.607165710654269,0.4359254529949581,0.9999765461922743,0.0018944525592185621,0.9301301382425579,0.0053254437869822485,64,3.0,1,0.05194805194805195,0.02666666666666667,1.0,0.004294917680744453,0.06514803171773097,42626,11,0.0,0.0,0.0,0.0,0.0,0.0,0.005547913655783545,0.0018843155625421204,0.0021559468199784403,0.5454545454545454,7,83.36307814200713,0.99,True,0.0028334325957908193,0.9355129332191627
ucr229_v1,ucr_split_w2p,ucr_229,seed0,centralized,ucr_229_p3,none,3771019734a4d79f,,2026-08-01 06:52:52,0.5794476920480442,0.42684271993321615,0.9018927222834627,0.0016647411605552006,0.9199933459305673,0.004585987261146497,64,11.0,1,0.0,0.0,0.0,0.0,0.04523061042556186,42626,11,0.0,0.0,0.0,0.0,0.0,0.0,0.0,0.0018421804148916923,0.0,0.0,7,94.34568985193967,0.99,True,0.003042044801443769,0.9314597041348627
ucr229_v1,ucr_split_w2p,ucr_229,seed0,centralized,ucr_229_p4,none,3771019734a4d79f,,2026-08-01 06:52:52,0.6365751447177069,0.4668941909423427,1.0,0.001678324823793561,0.9207781848892909,0.004567368688150216,64,0.0,1,0.017543859649122806,0.008849557522123894,1.0,0.0037130801687763715,0.13848355463801434,42626,11,0.0,0.0,0.0,0.0,0.0,0.0,0.0069566783037515924,0.0017331753569760277,0.0018599932363882314,1.0,7,74.6961517117421,0.99,True,0.003292471057610974,0.930013679760704
ucr229_v1,ucr_split_w2p,ucr_229,seed0,federated,ucr_229_p0,none,3771019734a4d79f,,2026-08-01 06:52:52,0.5507435306955081,0.43652170447313965,0.7459249009076623,0.0005053808317706291,0.740868782603874,0.0014114326040931546,64,11.0,1,0.0,0.0,0.0,0.0,0.02824567165579693,42626,11,0.0,0.0,0.0,0.0,0.0,0.0,0.0,0.00045487910214427117,0.0,0.0,7,148.85303042630358,0.99,True,0.0006259821312473143,0.7571352739702577
ucr229_v1,ucr_split_w2p,ucr_229,seed0,federated,ucr_229_p1,none,3771019734a4d79f,,2026-08-01 06:52:52,0.5072187205850437,0.4836720143908311,0.5331754110279804,0.0004176939158661749,0.6867404870266974,0.0011575901078663508,64,11.0,1,0.0,0.0,0.0,0.0,0.009313564491155633,42626,11,0.0,0.0,0.0,0.0,0.0,0.0,0.0,0.00039200937713441936,0.0,0.0,7,101.1217253322403,0.99,True,0.00047375030890449047,0.6956622891512436
ucr229_v1,ucr_split_w2p,ucr_229,seed0,federated,ucr_229_p2,none,3771019734a4d79f,,2026-08-01 06:52:52,0.49616021701353613,0.4097923027983774,0.628655862279241,0.000515200047394714,0.7441787556037075,0.0013496932515337423,64,11.0,1,0.0,0.0,0.0,0.0,0.026040444798948997,42626,11,0.0,0.0,0.0,0.0,0.0,0.0,0.0,0.0005624880302891855,0.0,0.0,7,92.91239495913186,0.99,True,0.0007187022379771077,0.782824442544264
ucr229_v1,ucr_split_w2p,ucr_229,seed0,federated,ucr_229_p3,none,3771019734a4d79f,,2026-08-01 06:52:52,0.48474730404373034,0.48449358400395126,0.48500128995942493,0.0016737272357036466,0.9215928818518787,0.004517453798767967,64,11.0,1,0.0,0.0,0.0,0.0,0.0007976352460939333,42626,11,0.0,0.0,0.0,0.0,0.0,0.0,0.0,0.0016553738963206001,0.0,0.0,7,202.4601823528607,0.99,True,0.0024305636875727277,0.9266733927800317
ucr229_v1,ucr_split_w2p,ucr_229,seed0,federated,ucr_229_p4,none,3771019734a4d79f,,2026-08-01 06:52:52,0.6412713501367608,0.4719761258709889,0.9999466958915325,0.0017465007088893775,0.9249199165682064,0.005469915464942814,64,3.0,1,0.02222222222222222,0.011235955056179775,1.0,0.0026827632461435278,0.0696054051517853,42626,11,0.0,0.0,0.0,0.0,0.0,0.0,0.002684891383939468,0.0014553664532794127,0.0013463480309660047,0.36363636363636365,7,91.65152689297996,0.99,True,0.0019818832542329756,0.9250713393020904
ucr229_v1,ucr_split_w2p,ucr_229,seed0,federated_cb_only,ucr_229_p0,none,3771019734a4d79f,,2026-08-01 06:52:52,0.6408102205679284,0.47146486109959324,1.0,0.000949558137961385,0.8593965270876076,0.002913135593220339,64,0.0,1,0.008928571428571428,0.004484304932735426,1.0,0.001914208648742713,0.26910805611598554,42626,11,0.0,0.0,0.0,0.0,0.0,0.0,0.005118900390774597,0.0009805658927549117,0.0009580212506531963,1.0,7,56.346577228357404,0.99,True,0.0013148817711074179,0.8684852281542869
ucr229_v1,ucr_split_w2p,ucr_229,seed0,federated_cb_only,ucr_229_p1,none,3771019734a4d79f,,2026-08-01 06:52:52,0.6782510308299508,0.514672984373965,0.9942538171072073,0.00038527530364828325,0.6568803504476568,0.0011904117742546397,64,11.0,1,0.0,0.0,0.0,0.0,0.21871627645099234,42626,11,0.0,0.0,0.0,0.0,0.0,0.0,0.0,0.0004848775833812888,0.0,0.0,7,55.93683491083997,0.99,True,0.0005645028091706104,0.6887892109511314
ucr229_v1,ucr_split_w2p,ucr_229,seed0,federated_cb_only,ucr_229_p2,none,3771019734a4d79f,,2026-08-01 06:52:52,0.6485871592475577,0.4799380623007641,0.9999765461922743,0.0007606023502469366,0.8245607674360079,0.002452346449671163,64,3.0,1,0.028169014084507043,0.014285714285714285,1.0,0.0016034206306787815,0.17517477595833528,42626,11,0.0,0.0,0.0,0.0,0.0,0.0,0.0016036349057864494,0.0007898483613488045,0.0008028904054596548,0.5454545454545454,7,45.600923302713106,0.99,True,0.0009864622126390158,0.828616334892251
ucr229_v1,ucr_split_w2p,ucr_229,seed0,federated_cb_only,ucr_229_p3,none,3771019734a4d79f,,2026-08-01 06:52:52,0.640289050108055,0.4709126769059109,0.9999466958915325,0.0011529104423050021,0.8856694377737873,0.003642987249544626,64,3.0,1,0.015384615384615384,0.007751937984496124,1.0,0.0016329863237395388,0.11457795711537559,42626,11,0.0,0.0,0.0,0.0,0.0,0.0,0.0016337745762397195,0.0009455933048024127,0.0008183306055646482,0.36363636363636365,7,66.3565281496799,0.99,True,0.0013747252533414802,0.885981853890843
ucr229_v1,ucr_split_w2p,ucr_229,seed0,federated_cb_only,ucr_229_p4,none,3771019734a4d79f,,2026-08-01 06:52:52,0.6181792582271142,0.46411653215791365,0.925346530009147,0.0010896922797022676,0.8790473590595582,0.0030543677458766036,64,11.0,1,0.0,0.0,0.0,0.0,0.07631492516304603,42626,11,0.0,0.0,0.0,0.0,0.0,0.0,0.0,0.0011052379564917493,0.0,0.0,7,56.361185297558414,0.99,True,0.0015290628437330956,0.8878897244936775
ucr229_v1,ucr_split_w2p,ucr_229,seed0,federated_cb_only_ema,ucr_229_p0,none,3771019734a4d79f,,2026-08-01 06:52:52,0.6467258679783002,0.477897162648144,1.0,0.0011028275483838143,0.8783456959687429,0.003711827231314324,64,0.0,1,0.006920415224913494,0.003472222222222222,1.0,0.0013992240666539464,0.3683432646741425,42626,11,0.0,0.0,0.0,0.0,0.0,0.0,0.004444791394778242,0.0009101462612702705,0.00070010183299389,1.0,7,64.8140516969065,0.99,True,0.0015085569181966744,0.8788628500078212
ucr229_v1,ucr_split_w2p,ucr_229,seed0,federated_cb_only_ema,ucr_229_p1,none,3771019734a4d79f,,2026-08-01 06:52:52,0.7009941367274397,0.539644830816685,0.9999797444387823,0.0003520994436217223,0.624640104417705,0.001088516154569294,64,3.0,1,0.009029345372460496,0.0045351473922902496,1.0,0.0008144743731456163,0.4028292591376155,42626,11,0.0,0.0,0.0,0.0,0.0,0.0,0.001923543016199689,0.0005321374899701259,0.00040749796251018743,0.6363636363636364,7,39.17559312055065,0.99,True,0.0006221195757515978,0.6921570927724919
ucr229_v1,ucr_split_w2p,ucr_229,seed0,federated_cb_only_ema,ucr_229_p2,none,3771019734a4d79f,,2026-08-01 06:52:52,0.6543292262476731,0.4862476313007179,1.0,0.0032600460526859745,0.9594784233267788,0.009298000929800092,64,0.0,1,0.00881057268722467,0.004424778761061947,1.0,0.0030534351145038168,0.168512175667433,42626,11,0.0,0.0,0.0,0.0,0.0,0.0,0.009129162001526848,0.003743764776702981,0.0015290519877675841,1.0,7,58.09953871627647,0.99,True,0.005509006567445967,0.9650937269320873
ucr229_v1,ucr_split_w2p,ucr_229,seed0,federated_cb_only_ema,ucr_229_p3,none,3771019734a4d79f,,2026-08-01 06:52:52,0.627798832052042,0.4575122414382407,1.0,0.001000822263245351,0.8677311755949207,0.0026658767772511846,64,0.0,1,0.008928571428571428,0.004484304932735426,1.0,0.0024688587139490518,0.20853469713320508,42626,11,0.0,0.0,0.0,0.0,0.0,0.0,0.005557716646673242,0.0012254547430773108,0.0012359550561797752,1.0,7,59.26102953453858,0.99,True,0.0016953527089155784,0.8894718455535603
ucr229_v1,ucr_split_w2p,ucr_229,seed0,federated_cb_only_ema,ucr_229_p4,none,3771019734a4d79f,,2026-08-01 06:52:52,0.6419636715621168,0.47272108522458034,0.9999712157814276,0.0009624476020803176,0.8614098096338982,0.003110419906687403,64,3.0,1,0.029411764705882353,0.014925373134328358,1.0,0.001720282126268708,0.13599680945901563,42626,11,0.0,0.0,0.0,0.0,0.0,0.0,0.003687835798399983,0.0012805408309006401,0.0008617718028266115,0.45454545454545453,7,40.9418696395941,0.99,True,0.0016134773114397415,0.8808145021449197
ucr229_v1,ucr_split_w2p,ucr_229,seed0,federated_fedavg_cb_only,ucr_229_p0,none,3771019734a4d79f,,2026-08-01 06:52:52,0.6480393267884321,0.47933297146064296,1.0,0.0006360277895604171,0.7920347376547818,0.0018879258560027463,64,0.0,1,0.006153846153846154,0.0030864197530864196,1.0,0.0013860887096774194,0.3718387838408483,42626,11,0.0,0.0,0.0,0.0,0.0,0.0,0.004492167701328266,0.0008031483374844063,0.0006935249984238068,1.0,7,91.69168341010811,0.99,True,0.0009811634547016775,0.8151223395873995
ucr229_v1,ucr_split_w2p,ucr_229,seed0,federated_fedavg_cb_only,ucr_229_p1,none,3771019734a4d79f,,2026-08-01 06:52:52,0.6739209229508683,0.5131735552989056,0.9813073152426296,0.00038986981269631827,0.6646818203145328,0.0011633440854529108,64,11.0,1,0.0,0.0,0.0,0.0,0.09520011260732886,42626,11,0.0,0.0,0.0,0.0,0.0,0.0,0.0,0.00047840764527327744,0.0,0.0,7,96.62971731324994,0.99,True,0.000560490299520333,0.7034337527482554
ucr229_v1,ucr_split_w2p,ucr_229,seed0,federated_fedavg_cb_only,ucr_229_p2,none,3771019734a4d79f,,2026-08-01 06:52:52,0.6569031518622799,0.48909589265518216,1.0,0.0013878357161607067,0.9045610233617553,0.004222648752399232,64,0.0,1,0.006944444444444445,0.003484320557491289,1.0,0.0016742770167427702,0.3077464458311828,42626,11,0.0,0.0,0.0,0.0,0.0,0.0,0.005786432204672003,0.001795515813374599,0.0008378398964125218,1.0,7,76.92487692038215,0.99,True,0.002755513174735606,0.9162903187773482
ucr229_v1,ucr_split_w2p,ucr_229,seed0,federated_fedavg_cb_only,ucr_229_p3,none,3771019734a4d79f,,2026-08-01 06:52:52,0.5883673370372926,0.4307944101783432,0.9276919107817154,0.001257868751657715,0.8960280324001997,0.0034353529044347277,64,11.0,1,0.0,0.0,0.0,0.0,0.043705719513911695,42626,11,0.0,0.0,0.0,0.0,0.0,0.0,0.0,0.001530645146492347,0.0,0.0,7,106.7221727403005,0.99,True,0.0020603798450299585,0.9123437605555271
ucr229_v1,ucr_split_w2p,ucr_229,seed0,federated_fedavg_cb_only,ucr_229_p4,none,3771019734a4d79f,,2026-08-01 06:52:52,0.6478997184771043,0.47918022600170074,1.0,0.002087712533764327,0.9368417909683804,0.005535055350553505,64,0.0,1,0.010526315789473682,0.005291005291005291,1.0,0.002632208662359416,0.19556139445408904,42626,11,0.0,0.0,0.0,0.0,0.0,0.0,0.008681161747389865,0.0028267136357539085,0.001317838744459087,1.0,7,86.80298984050752,0.99,True,0.004922709923332401,0.9500396942126521
ucr229_v1,ucr_split_w2p,ucr_229,seed0,federated_fedavg_cb_sharedprior,ucr_229_p0,none,3771019734a4d79f,,2026-08-01 06:52:52,0.48424484495156356,0.4840748645542604,0.4844149447662828,0.0004618192136311247,0.7157368742082297,0.0012342631449024934,64,11.0,1,0.0,0.0,0.0,0.0,0.00018767888143386667,42626,11,0.0,0.0,0.0,0.0,0.0,0.0,0.0,0.0004838250439743266,0.0,0.0,7,151.63367679317793,0.99,True,0.0006876326831448412,0.7380858103671498
ucr229_v1,ucr_split_w2p,ucr_229,seed0,federated_fedavg_cb_sharedprior,ucr_229_p1,none,3771019734a4d79f,,2026-08-01 06:52:52,,,,0.0002519013792512123,0.4763311337937153,0.0007680491551459293,64,11.0,1,0.0,0.0,0.0,0.0,0.0,42626,11,0.0,0.0,0.0,0.0,0.0,0.0,0.0,0.00043140520428308567,0.0,0.0,7,161.31825454235081,0.99,True,0.00042112975639112846,0.5818175127367589
ucr229_v1,ucr_split_w2p,ucr_229,seed0,federated_fedavg_cb_sharedprior,ucr_229_p2,none,3771019734a4d79f,,2026-08-01 06:52:52,0.6110764353116436,0.4620786675457501,0.9018927222834627,0.001544610742931344,0.915205401739442,0.004117536964252292,64,11.0,1,0.0,0.0,0.0,0.0,0.0019002486745178999,42626,11,0.0,0.0,0.0,0.0,0.0,0.0,0.0,0.0016257649151909875,0.0,0.0,7,137.9215714552005,0.99,True,0.002284940531214749,0.9243678172905787
ucr229_v1,ucr_split_w2p,ucr_229,seed0,federated_fedavg_cb_sharedprior,ucr_229_p3,none,3771019734a4d79f,,2026-08-01 06:52:52,0.5119296429231732,0.43756752742141014,0.6167413279545935,0.0008434749927103849,0.8424414463217071,0.0021235931195582925,64,11.0,1,0.0,0.0,0.0,0.0,0.0028151832215079996,42626,11,0.0,0.0,0.0,0.0,0.0,0.0,0.0,0.001367145129301227,0.0,0.0,7,138.43048087418077,0.99,True,0.0019046224188441231,0.8966827885319371
ucr229_v1,ucr_split_w2p,ucr_229,seed0,federated_fedavg_cb_sharedprior,ucr_229_p4,none,3771019734a4d79f,,2026-08-01 06:52:52,0.6421114354586889,0.4729226044462866,0.99978678356613,0.0009572846223650687,0.8623631330429998,0.002838709677419355,64,10.0,1,0.012820512820512822,0.0064516129032258064,1.0,0.0004332755632582322,0.10800919626519026,42626,11,0.0,0.0,0.0,0.0,0.0,0.0,0.002449275583881216,0.0016407429875519171,0.00021715526601520088,0.09090909090909091,7,104.10360646799207,0.99,True,0.001932830848793795,0.8940296322072924
ucr229_v1,ucr_split_w2p,ucr_229,seed0,federated_shared,ucr_229_p0,none,3771019734a4d79f,,2026-08-01 06:52:52,0.4292163921471078,0.3841463898506028,0.48626779557661187,0.001397497755021852,0.9056060534970121,0.004086181277860327,64,11.0,1,0.0,0.0,0.0,0.0,0.006240322807676066,42626,11,0.0,0.0,0.0,0.0,0.0,0.0,0.0,0.0011832671981045098,0.0,0.0,7,143.42172518571218,0.99,True,0.0016778322867264013,0.9055349078211059
ucr229_v1,ucr_split_w2p,ucr_229,seed0,federated_shared,ucr_229_p1,none,3771019734a4d79f,,2026-08-01 06:52:52,0.5106282464478473,0.4899899148626779,0.5330815957970777,0.0002785869126332779,0.5298430748625466,0.0008286564465704924,64,11.0,1,0.0,0.0,0.0,0.0,0.0016421902125463332,42626,11,0.0,0.0,0.0,0.0,0.0,0.0,0.0,0.00041999398552872624,0.0,0.0,7,116.86333296497666,0.99,True,0.0005445561302673156,0.6712156913727518
ucr229_v1,ucr_split_w2p,ucr_229,seed0,federated_shared,ucr_229_p2,none,3771019734a4d79f,,2026-08-01 06:52:52,0.6131708886358096,0.46455276198640183,0.9016112765907546,0.0006242239295188441,0.7874877902091341,0.0019486271036315323,64,11.0,1,0.0,0.0,0.0,0.0,0.07652606390465913,42626,11,0.0,0.0,0.0,0.0,0.0,0.0,0.0,0.0007050983140371992,0.0,0.0,7,99.38684356212616,0.99,True,0.0009426936935813038,0.8092177977478466
ucr229_v1,ucr_split_w2p,ucr_229,seed0,federated_shared,ucr_229_p3,none,3771019734a4d79f,,2026-08-01 06:52:52,0.5955915095972824,0.44460290586253814,0.9018692684757371,0.0018161778057452227,0.9276775164965472,0.00493494840735756,64,11.0,1,0.0,0.0,0.0,0.0,0.04196968986064843,42626,11,0.0,0.0,0.0,0.0,0.0,0.0,0.0,0.0019074848538882638,0.0,0.0,7,103.27706287013989,0.99,True,0.003032903656543864,0.9356820622677985
ucr229_v1,ucr_split_w2p,ucr_229,seed0,federated_shared,ucr_229_p4,none,3771019734a4d79f,,2026-08-01 06:52:52,0.6571880442650113,0.4894118208124675,1.0,0.0010503237824239908,0.8735342919174384,0.0033277870216306157,64,0.0,1,0.006389776357827476,0.003205128205128205,1.0,0.00151944195041094,0.33915919861117627,42626,11,0.0,0.0,0.0,0.0,0.0,0.0,0.004628657491481178,0.001126011524955383,0.0007602985899917058,1.0,7,53.327437660048396,0.99,True,0.0015129710970901906,0.8826277109655789
ucr229_v1,ucr_split_w2p,ucr_229,seed0,local,ucr_229_p0,none,3771019734a4d79f,,2026-08-01 06:52:52,0.6510303773235502,0.48261307473467085,1.0,0.0005160821575303566,0.7427519695618978,0.0016342296835537065,64,0.0,1,0.004866180048661801,0.0024390243902439024,1.0,0.0011661189441323015,0.4420776052174729,42626,11,0.0,0.0,0.0,0.0,0.0,0.0,0.0032977927214676113,0.0005445435114314619,0.0005833996287456908,1.0,7,86.80180857976279,0.99,True,0.0007195516914446505,0.7596306618154722
ucr229_v1,ucr_split_w2p,ucr_229,seed0,local,ucr_229_p1,none,3771019734a4d79f,,2026-08-01 06:52:52,0.6780083381987941,0.5143684370190281,0.9943476323381101,0.0005153956457312702,0.7449124094129491,0.001638733705772812,64,11.0,1,0.0,0.0,0.0,0.0,0.16600197062825506,42626,11,0.0,0.0,0.0,0.0,0.0,0.0,0.0,0.0005886617290731253,0.0,0.0,7,96.07605089346572,0.99,True,0.0007424796330811379,0.7622662837838258
ucr229_v1,ucr_split_w2p,ucr_229,seed0,local,ucr_229_p2,none,3771019734a4d79f,,2026-08-01 06:52:52,0.6603832042780704,0.4929642614119249,1.0,0.0008691732085803517,0.8452225061102272,0.0029142932838786594,64,0.0,1,0.011049723756906079,0.005555555555555556,1.0,0.0027013752455795677,0.1905409843757331,42626,11,0.0,0.0,0.0,0.0,0.0,0.0,0.00638763236294701,0.0010924077394294665,0.0013525144473134146,1.0,7,84.92832509199773,0.99,True,0.0014598624110825414,0.8577903947147864
ucr229_v1,ucr_split_w2p,ucr_229,seed0,local,ucr_229_p3,none,3771019734a4d79f,,2026-08-01 06:52:52,0.620704982482162,0.4662266662903163,0.9282782559748576,0.0005867235494709643,0.7753931659294584,0.0018931245159624817,64,11.0,1,0.0,0.0,0.0,0.0,0.1252052737765683,42626,11,0.0,0.0,0.0,0.0,0.0,0.0,0.0,0.0006855832233469412,0.0,0.0,7,93.10375939846038,0.99,True,0.0009032276030455332,0.7968862472322052
ucr229_v1,ucr_split_w2p,ucr_229,seed0,local,ucr_229_p4,none,3771019734a4d79f,,2026-08-01 06:52:52,0.631283500585833,0.4784220597505744,0.9276919107817154,0.0008034540342781601,0.8334776470186783,0.0025457070122656793,64,11.0,1,0.0,0.0,0.0,0.0,0.11957490733355229,42626,11,0.0,0.0,0.0,0.0,0.0,0.0,0.0,0.0010265583253426854,0.0,0.0,7,90.33679541985195,0.99,True,0.0012221105276003761,0.8487438908584288
